"ルナ初戦ボッコテスト","ルナ初戦ボッコテスト",""
"ルナ初戦ボッコ","ルナ初戦ボッコ",""
"ルナ戦闘","ルナ戦闘",""
"動画テスト","動画テスト",""
"ルナ戦闘基本","ルナ戦闘基本",""
"ルナ戦闘基本2","ルナ戦闘基本2",""
"ルナ最初戦闘","ルナ最初戦闘",""
"～メルブレ～","～メルブレ～",""
"ルナ初戦誘惑敗北","ルナ初戦誘惑敗北",""
"ルナ初戦","ルナ初戦",""
"ルナ誘惑敗北2","ルナ誘惑敗北2",""
"ルナ2戦目以降","ルナ2戦目以降",""
"女将最初の訓練","女将最初の訓練",""
"女将2回目の訓練","女将2回目の訓練",""
"女将3回目の訓練","女将3回目の訓練",""
"女将最後の訓練","女将最後の訓練",""
"サキュバス","サキュバス",""
"サキュバス誘惑敗北","サキュバス誘惑敗北",""
"チェルシー","チェルシー",""
"チェルシー太もも敗北","チェルシー太もも敗北",""
"チェルシー脇敗北","チェルシー脇敗北",""
"チェルシー足敗北","チェルシー足敗北",""
"チェルシー乳飲み敗北","チェルシー乳飲み敗北",""
"チェルシーパイズリ敗北","チェルシーパイズリ敗北",""
"チェルシー誘惑敗北","チェルシー誘惑敗北",""
"チェルシーオナさせ敗北","チェルシーオナさせ敗北",""
"チェルシー乳飲み2敗北","チェルシー乳飲み2敗北",""
"ピリカ","ピリカ",""
"アイリン","アイリン",""
"サキュバスチュートリアル","サキュバスチュートリアル",""
"戦闘システムテスト","戦闘システムテスト",""
"雑魚テスト","雑魚テスト",""
"～テイル～","～テイル～",""
"サキュバス動作テスト","サキュバス動作テスト",""
"サキュバス最初負けイベ","サキュバス最初負けイベ",""
"VSサキュバス","VSサキュバス",""
"アイリン最初手コキ","アイリン最初手コキ",""
"アルラウネ","アルラウネ",""
"ユイネむねもみ男限定","ユイネむねもみ男限定",""
"ユイネむねもみ女限定","ユイネむねもみ女限定",""
"ハニービー(雑魚）","ハニービー(雑魚）",""
"アルプ（雑魚）","アルプ（雑魚）",""
"マキサイベ用","マキサイベ用",""
"スラミー（雑魚）","スラミー（雑魚）",""
"マキサ挿入誘惑敗北","マキサ挿入誘惑敗北",""
"マキサ接触敗北","マキサ接触敗北",""
"マキサ罠敗北","マキサ罠敗北",""
"マキサ体力0敗北","マキサ体力0敗北",""
"アイリンフェラ","アイリンフェラ",""
"ユイネパイズリ","ユイネパイズリ",""
"テスト3馬鹿","テスト3馬鹿",""
"テストシィナ騎乗","テストシィナ騎乗",""
"テストライム正常位","テストライム正常位",""
"テストリリーバック","テストリリーバック",""
"テストシィナ手コキ","テストシィナ手コキ",""
"テストライムパイズリ","テストライムパイズリ",""
"テストリリー正常位","テストリリー正常位",""
"テストアーコキス","テストアーコキス",""
"テストアーコ騎乗","テストアーコ騎乗",""
"テストロメリア正常","テストロメリア正常",""
"テストリリー足コキ","テストリリー足コキ",""
"テストシィナ足コキ","テストシィナ足コキ",""
"テストライム足コキ","テストライム足コキ",""
"テストリリーフェラ","テストリリーフェラ",""
"暗闇リリーフェラ","暗闇リリーフェラ",""
"暗闇ライム足挿入","暗闇ライム足挿入",""
"～誘惑イベント用～","～誘惑イベント用～",""
"シープ誘惑キス","シープ誘惑キス",""
"脱走失敗シィナ騎乗","脱走失敗シィナ騎乗",""
"脱獄失敗3人","脱獄失敗3人",""
"ロメリアいじめ","ロメリアいじめ",""
"リリー誘惑オナさせ","リリー誘惑オナさせ",""
"シィナ誘惑オナさせ","シィナ誘惑オナさせ",""
"リリー捕獲足コキ敗北","リリー捕獲足コキ敗北",""
"リリーバック我慢できず","リリーバック我慢できず",""
"リリーバックだまし討ち","リリーバックだまし討ち",""
"ライム捕獲パイズリ","ライム捕獲パイズリ",""
"ライム誘惑パイズリ1","ライム誘惑パイズリ1",""
"シィナ捕獲手コキ","シィナ捕獲手コキ",""
"シィナパンツコキ","シィナパンツコキ",""
"リリー暗闇キス","リリー暗闇キス",""
"シィナ暗闇騎乗位","シィナ暗闇騎乗位",""
"ライム暗闇パイズリ交互","ライム暗闇パイズリ交互",""
"リリー暗闇足コキ","リリー暗闇足コキ",""
"シィナ暗闇太腿コキ","シィナ暗闇太腿コキ",""
"シィナ捕獲フェラ","シィナ捕獲フェラ",""
"シィナ捕獲クンニ","シィナ捕獲クンニ",""
"シィナ捕獲顔踏み","シィナ捕獲顔踏み",""
"リリー捕獲太ももコキ敗北","リリー捕獲太ももコキ敗北",""
"リリー捕獲キス敗北","リリー捕獲キス敗北",""
"リリー捕獲オナさせ敗北","リリー捕獲オナさせ敗北",""
"ライム捕獲胸押し付け","ライム捕獲胸押し付け",""
"ライム捕獲足コキ","ライム捕獲足コキ",""
"ライム捕獲寝パイズリ","ライム捕獲寝パイズリ",""
"ロメリア檻越しパイ","ロメリア檻越しパイ",""
"お風呂敗北","お風呂敗北",""
"体力0三人","体力0三人",""
"シィナ上向き挿入","シィナ上向き挿入",""
"初期度0END（男）","初期度0END（男）",""
"初期度0END（女）","初期度0END（女）",""
"リリー炎の魔導書","リリー炎の魔導書",""
"シィナ執事の鍵","シィナ執事の鍵",""
"ライム豪華な鍵","ライム豪華な鍵",""
"リリー氷の魔導書踏み付け","リリー氷の魔導書踏み付け",""
"書庫レイプ","書庫レイプ",""
"アーコキス","アーコキス",""
"シィナちんきす","シィナちんきす",""
"ライム夜這い","ライム夜這い",""
"リリーシィナ足コキ","リリーシィナ足コキ",""
"ロメリア幻覚","ロメリア幻覚",""
"ロメリア檻越しキス","ロメリア檻越しキス",""
"リリーエンディング手コキ","",""
"ロメリアバトル","ロメリアバトル",""
"シィナ足コキバトル","シィナ足コキバトル",""
"ライムパイズリバトル","ライムパイズリバトル",""
"リリー正常位バトル","リリー正常位バトル",""
"アーコドア前バトル","アーコドア前バトル",""
"シィナ本気バトル","シィナ本気バトル",""
"ライム本気バトル","ライム本気バトル",""
"リリー本気バトル","リリー本気バトル",""
"デカリリーバトル","デカリリーバトル",""
"ベルーチェバトル","",""
"チョコレバトル","",""
"つよトラ","",""
"トラまたたび","",""
"オーク","","Orc"
"ウィッチラミア","","Witch Lamia"
"マンティス","","Mantis"
"ミニマムとら","",""
"ミニマムマンティス","",""
"ミニマムオーク","",""
"ミニマムウィッチ","",""
"チョコレ誘惑挿入","",""
"ベルーチェ誘惑挿入","",""
"ベルチョコ体力0","",""
"チョコレ接触1顔舐め","",""
"チョコレ接触2胸押し付け","",""
"ベルーチェ接触1キス","",""
"ベルーチェ接触2手コキ","",""
"チョコレ媚薬クンニ","",""
"ベルーチェ乳見せ","",""
"シィナバックバトル","シィナバックバトル",""
"tes","tes",""
"チュートリアルリリス","チュートリアルリリス",""
"0ﾌｨﾘ 1ﾏｰｶﾞﾚ 2ｻｷｭ 3ｱｲﾘ 4ﾕｲﾈ 5ｼｬﾙ 6ﾁｭｰ 7ﾏｵ
8ﾘﾘｽ 9ﾌｪﾗ高 10ﾌｪﾗ中 11ﾌｪﾗ低 12ﾄﾙﾃ 13ｷﾙｼｭ
14ｼｰﾌﾟ15ｼｨﾅ 16ｴｲﾐｰ","",""
"メス","メス",""
"オス","オス",""
"ルナ","ルナ",""
"属性：虫　弱点：胸　怯み","属性：虫　弱点：胸　怯み",""
"0:尻舐め 1:尿道責め 2:顔舐め 3:パイズリ","0:尻舐め 1:尿道責め 2:顔舐め 3:パイズリ",""
"\n<\n[3]>ルナに勝てると思ってるの？
いいよ！かかっておいでよ！
ボッコボコにしてやるから！","\n<\n[3]>ルナに勝てると思ってるの？
いいよ！かかっておいでよ！
ボッコボコにしてやるから！",""
"\n<\n[3]>あうぅ・・・！
まってぇ・・・！降参だよぉ！
ゆるしてぇ～・・・！","\n<\n[3]>あうぅ・・・！
まってぇ・・・！降参だよぉ！
ゆるしてぇ～・・・！",""
"\n<\n[3]>分かった！もう勝負は終わり！
ここまで頑張ったご褒美にルナの足で気持ちよくしてあげる！
どう？","\n<\n[3]>分かった！もう勝負は終わり！
ここまで頑張ったご褒美にルナの足で気持ちよくしてあげる！
どう？",""
"\n<\n[3]>いっぱい戦って汗かいたあんよで
おちんちんをシコシコーってしてあげる！
ね！絶対気持ちいいよ！","\n<\n[3]>いっぱい戦って汗かいたあんよで
おちんちんをシコシコーってしてあげる！
ね！絶対気持ちいいよ！",""
"\n<\n[3]>しよ♥足コキしよ♥
ご褒美の足コキでぴゅっぴゅしよーよぉ♥","\n<\n[3]>しよ♥足コキしよ♥
ご褒美の足コキでぴゅっぴゅしよーよぉ♥",""
"\C[14]足コキされたい","\C[14]足コキされたい",""
"トドメを刺す","トドメを刺す",""
"\n<\n[3]>わわわわわ・・・！
もう・・・ダメ・・・！","\n<\n[3]>わわわわわ・・・！
もう・・・ダメ・・・！",""
"\n<？？？>危ない！！！","\n<？？？>危ない！！！",""
"\n<\n[3]>あん・・・
活きのいい獲物ね・・・♥","\n<\n[3]>あん・・・
活きのいい獲物ね・・・♥",""
"\n<\n[3]>やっと大人しくなった。
受け入れるしかないってこと、理解したの？
あははは！","\n<\n[3]>やっと大人しくなった。
受け入れるしかないってこと、理解したの？
あははは！",""
"攻撃種類","",""
"0手 1足 2キス 3パイ 4フェラ 5脇 6誘惑 7騎乗位 8正常 9バック
10誘惑 11何もしない 12女性攻撃 13エナドレ 14触手吸 15ｼｬﾙﾁｭ
16太ももコキ 17貧パイ","",""
"待機モーション","",""
"\n<\n[3]>ぎゃー！！！！","\n<\n[3]>ぎゃー！！！！",""
"\n<\n[3]>じっとしてたらルナが気持ちいこと
いっぱいしてあげるよぉ？
剣なんて捨てちゃお？","\n<\n[3]>じっとしてたらルナが気持ちいこと
いっぱいしてあげるよぉ？
剣なんて捨てちゃお？",""
"\n<\n[3]>あっ・・・や・・・め・・・！
イ・・・","\n<\n[3]>あっ・・・や・・・め・・・！
イ・・・",""
"\n<\n[3]>イク・・・ッ♥♥♥","\n<\n[3]>イク・・・ッ♥♥♥",""
"MP_SET_MOVIE testaaa","MP_SET_MOVIE testaaa",""
"MP_SET_WAIT 5","MP_SET_WAIT 5",""
"MP_SET_LOOP 5 on","MP_SET_LOOP 5 on",""
"MP_SET_MOVIE player_2_a1","MP_SET_MOVIE player_2_a1",""
"MP_SET_LOOP 95 on","MP_SET_LOOP 95 on",""
"おねーさん","おねーさん",""
"おにーさん","おにーさん",""
"属性：悪　弱点：全部","属性：悪　弱点：全部",""
"0:触手コキ 1:手コキ 2:ナイズリ 3:にゅるにゅる","0:触手コキ 1:手コキ 2:ナイズリ 3:にゅるにゅる",""
"\n<\n[3]>あ、\n[1]！
リベンジしに来たの？
それともー？しししし♥","\n<\n[3]>あ、\n[1]！
リベンジしに来たの？
それともー？しししし♥",""
"\n<\n[3]>にゅるにゅるに絡めとってあげる！
ぜーったいに逃げられないからね！
さぁ！勝負だよ♥","\n<\n[3]>にゅるにゅるに絡めとってあげる！
ぜーったいに逃げられないからね！
さぁ！勝負だよ♥",""
"\n<\n[3]>イっちゃいますぅ・・・！
もう・・・らめ・・・！！","\n<\n[3]>イっちゃいますぅ・・・！
もう・・・らめ・・・！！",""
"\n<\n[3]>あぁぁぁぁぁぁぁぁぁんっ♥♥♥","\n<\n[3]>あぁぁぁぁぁぁぁぁぁんっ♥♥♥",""
"\n<\n[3]>うぅ・・・♥
ノノ気持ちいいよぉ・・・♥","\n<\n[3]>うぅ・・・♥
ノノ気持ちいいよぉ・・・♥",""
"\n<\n[3]>あれあれー？
もう我慢できなくなっちゃったのかなぁ♥
くすくす♥ざーこ♥","\n<\n[3]>あれあれー？
もう我慢できなくなっちゃったのかなぁ♥
くすくす♥ざーこ♥",""
"\n<\n[3]>う・・・
ルナ痛いの嫌だよぉ・・・","\n<\n[3]>う・・・
ルナ痛いの嫌だよぉ・・・",""
"属性：水　弱点：胸　愛撫　怯み","属性：水　弱点：胸　愛撫　怯み",""
"\n<\n[3]>\n[1]さん♥
ノノが全部してあげますね♥
いっぱい好き好き攻撃してあげます♥","\n<\n[3]>\n[1]さん♥
ノノが全部してあげますね♥
いっぱい好き好き攻撃してあげます♥",""
"\n<\n[3]>あーぁ♥入れちゃった♥
どーぉ？ルナのおまんこ♥
きもちいー？くすくす♥","\n<\n[3]>あーぁ♥入れちゃった♥
どーぉ？ルナのおまんこ♥
きもちいー？くすくす♥",""
"\n<\n[3]>う・・・ぁ・・・！
な、なにこれぇ・・・！
あうぅぅ・・・！！","\n<\n[3]>う・・・ぁ・・・！
な、なにこれぇ・・・！
あうぅぅ・・・！！",""
"\n<\n[3]>う・・・ぁ・・・！
な・・・なんだこ・・・れ・・・！
あうぅぅ・・・！！","\n<\n[3]>う・・・ぁ・・・！
な・・・なんだこ・・・れ・・・！
あうぅぅ・・・！！",""
"0ﾌｨﾘ 1ﾏｰｶﾞﾚ 2ｻｷｭ 3ｱｲﾘ 4ﾕｲﾈ 5ｼｬﾙ 6ﾁｭｰ 7ﾏｵ
8ﾘﾘｽ 9ﾌｪﾗ高 10ﾌｪﾗ中 11ﾌｪﾗ低 12ﾄﾙﾃ 13ｷﾙｼｭ
14ｼｰﾌﾟ","",""
"属性：悪　弱点：雷","属性：悪　弱点：雷",""
"\n[1]は興奮して上手く戦えなくなった・・・","\n[1]は興奮して上手く戦えなくなった・・・",""
"0:胸見せ 1:キス 2:顔舐め 3:アソコ見せ","0:胸見せ 1:キス 2:顔舐め 3:アソコ見せ",""
"\n<\n[3]>そのビンビンに勃起したおちんちんでルナと戦えるのかなー？
あはははっ♥","\n<\n[3]>そのビンビンに勃起したおちんちんでルナと戦えるのかなー？
あはははっ♥",""
"\n<\n[3]>こ、こうなれば一か八か・・・！
えーい！！","\n<\n[3]>こ、こうなれば一か八か・・・！
えーい！！",""
"\n<\n[3]>おりゃー！","\n<\n[3]>おりゃー！",""
"\n<\n[3]>あうぅ・・・！
な、なんで戦えるんだよぉ・・・！","\n<\n[3]>あうぅ・・・！
な、なんで戦えるんだよぉ・・・！",""
"\n<\n[3]>あれー？おちんちん気持ちよくしてもらいたくなっちゃった？
あはっ♥
勇者様も人間さんなんだねー♥","\n<\n[3]>あれー？おちんちん気持ちよくしてもらいたくなっちゃった？
あはっ♥
勇者様も人間さんなんだねー♥",""
"\n<\n[3]>ほーらおっぱい見てぇ♥
あっは♥
勇者様ってば、お顔真っ赤でかーわい♥","\n<\n[3]>ほーらおっぱい見てぇ♥
あっは♥
勇者様ってば、お顔真っ赤でかーわい♥",""
"\n<\n[3]>隙ありぃ♥
んーちゅっ♥ちゅぅぅ♥
戦闘中に敵とちゅーしちゃったねー♥","\n<\n[3]>隙ありぃ♥
んーちゅっ♥ちゅぅぅ♥
戦闘中に敵とちゅーしちゃったねー♥",""
"\n<\n[3]>お顔舐めちゃお♥れろぉ・・・♥
これされると力抜けちゃうでしょー♥
もう戦うのなんてやめてルナとえっちなことしよーよぉ♥","\n<\n[3]>お顔舐めちゃお♥れろぉ・・・♥
これされると力抜けちゃうでしょー♥
もう戦うのなんてやめてルナとえっちなことしよーよぉ♥",""
"\n<\n[3]>もうへろへろだね♥
全然力入ってないよぉ？
おちんちんにはいっぱい力入ってるのにぃ♥","\n<\n[3]>もうへろへろだね♥
全然力入ってないよぉ？
おちんちんにはいっぱい力入ってるのにぃ♥",""
"\n<\n[3]>さっきはルナ真っ二つにされるかと思ったけど
これなら当たってもあんまり痛くないかもー♥
あははは♥","\n<\n[3]>さっきはルナ真っ二つにされるかと思ったけど
これなら当たってもあんまり痛くないかもー♥
あははは♥",""
"\n<\n[3]>あー、でも急に攻撃されると怖いしなー♥
まずは自分で扱いてもらおっかな♥
ルナのおててに合わせてシコシコして？","\n<\n[3]>あー、でも急に攻撃されると怖いしなー♥
まずは自分で扱いてもらおっかな♥
ルナのおててに合わせてシコシコして？",""
"\n<\n[3]>勇者様が負けたいって気持ちをちゃんと見せてくれないと
ルナ安心できないなー♥","\n<\n[3]>勇者様が負けたいって気持ちをちゃんと見せてくれないと
ルナ安心できないなー♥",""
"属性：人　弱点：愛撫　拘束","属性：人　弱点：愛撫　拘束",""
"\n<\n[3]>もうルナの身体見ただけでおっきくしてるじゃん♥
この前のこと、おちんちんさんはちゃーんと覚えてるみたい♥
あはは♥","\n<\n[3]>もうルナの身体見ただけでおっきくしてるじゃん♥
この前のこと、おちんちんさんはちゃーんと覚えてるみたい♥
あはは♥",""
"\n<\n[3]>はう・・・
ビンビンにしてる癖にー！！
攻撃してくるなよぉ！","\n<\n[3]>はう・・・
ビンビンにしてる癖にー！！
攻撃してくるなよぉ！",""
"女将","女将",""
"\n<\n[3]>しっかり我慢してくださいね勇者様♥
くすくす♥","\n<\n[3]>しっかり我慢してくださいね勇者様♥
くすくす♥",""
"\n<\n[3]>うわぁ！もうやだ！
ギブ！ギブアップ！はわわわわあ！","\n<\n[3]>うわぁ！もうやだ！
ギブ！ギブアップ！はわわわわあ！",""
"\n<\n[3]>ギブアップー！！","\n<\n[3]>ギブアップー！！",""
"\n<\n[3]>勇者様の硬いのが私のアソコに当たってます・・・♥
ほら・・・よく見て？","\n<\n[3]>勇者様の硬いのが私のアソコに当たってます・・・♥
ほら・・・よく見て？",""
"\n<\n[3]>鼻息が荒いですよ？
興奮してはいけません♥
落ち着いて呼吸してください♥","\n<\n[3]>鼻息が荒いですよ？
興奮してはいけません♥
落ち着いて呼吸してください♥",""
"\n<\n[3]>秘密の訓練♥
始めますね♥うふふ♥","\n<\n[3]>秘密の訓練♥
始めますね♥うふふ♥",""
"\n<\n[3]>今回は直接的な快楽に耐える訓練です♥
ほぉら♥服も脱いで差し上げます♥
しっかり見て興奮してくださいねぇ♥","\n<\n[3]>今回は直接的な快楽に耐える訓練です♥
ほぉら♥服も脱いで差し上げます♥
しっかり見て興奮してくださいねぇ♥",""
"\n<\n[3]>簡単にイかないでくださいね♥
私も楽しみたいので♥あっは♥","\n<\n[3]>簡単にイかないでくださいね♥
私も楽しみたいので♥あっは♥",""
"\n<\n[3]>勇者様が簡単に射精してしまわないように
今日は1つルールを追加しますね♥","\n<\n[3]>勇者様が簡単に射精してしまわないように
今日は1つルールを追加しますね♥",""
"\n<\n[3]>1度射精するごとに5000Gを支払う。
それだけです♥","\n<\n[3]>1度射精するごとに5000Gを支払う。
それだけです♥",""
"\n<\n[3]>それでは私も本気を出させて頂きますので♥
脱ぎますね♥","\n<\n[3]>それでは私も本気を出させて頂きますので♥
脱ぎますね♥",""
"\n<\n[3]>ほぉら♥おっぱい見て興奮してください♥
そうするとすぐに精液漏れそうになっちゃいますよ♥
あはは♥","\n<\n[3]>ほぉら♥おっぱい見て興奮してください♥
そうするとすぐに精液漏れそうになっちゃいますよ♥
あはは♥",""
"0ﾌｨﾘ 1ﾏｰｶﾞﾚ 2ｻｷｭ 3ｱｲﾘ 4ﾕｲﾈ 5ｼｬﾙ 6ﾁｭｰ 7ﾏｵ8ﾘﾘｽ 9ﾌｪﾗ高 10ﾌｪﾗ中 
11ﾌｪﾗ低 12ﾄﾙﾃ 13ｷﾙｼｭ 14ｼｰﾌﾟ15ｼｨﾅ 16ｴｲﾐｰ 17ｷｴﾘ 18ﾉﾉ 19ﾘﾘﾌｪﾗ
20ﾅｰｽ 21ﾘｯﾌﾟｽ 22ﾎﾟﾘｰ 23ｻｷｭﾊﾞｽ 24ﾛｰｽﾞ 25ｳｨｯﾁ 26ﾋｭﾌﾟﾉ 27ｱﾘｽ
28ｽﾗｲﾑ 29夢喰い 30ﾛﾘA 31ﾛﾘB 32ﾛﾘC 33ﾌﾟﾘｽﾞﾏ 34ﾘﾘに 35ﾉﾉｷｽ
40普通A 41普通B 43普通C","",""
"勇者ちゃん","勇者ちゃん",""
"勇者くん","勇者くん",""
"属性：悪　弱点：水　怯み","属性：悪　弱点：水　怯み",""
"0:胸見せ 1:腰振り 2:キス 3:手コキ","0:胸見せ 1:腰振り 2:キス 3:手コキ",""
"\n<\n[3]>今回はどうやって逝かせてほしい？
お口、手？それとも・・・あはっ♥
今おまんこ見たでしょ♥変態♥","\n<\n[3]>今回はどうやって逝かせてほしい？
お口、手？それとも・・・あはっ♥
今おまんこ見たでしょ♥変態♥",""
"\n<\n[3]>やせ我慢しなくていいのよ？くす♥
触ってほしいんでしょ？
ほら、おいで♥","\n<\n[3]>やせ我慢しなくていいのよ？くす♥
触ってほしいんでしょ？
ほら、おいで♥",""
"\n<\n[3]>はぁ・・・はぁ・・・降参よ。
私の負けだわ。好きにして。","\n<\n[3]>はぁ・・・はぁ・・・降参よ。
私の負けだわ。好きにして。",""
"\n<\n[3]>殺すなら殺しなさい。
ほら。ひざまずいてもう抵抗しないわ。","\n<\n[3]>殺すなら殺しなさい。
ほら。ひざまずいてもう抵抗しないわ。",""
"\n<\n[3]>その剣を振り下ろしたらあなたの勝ち。
はぁ・・・はぁ・・・","\n<\n[3]>その剣を振り下ろしたらあなたの勝ち。
はぁ・・・はぁ・・・",""
"\n<\n[3]>でも・・・
その前におちんちんつらいの・・・
楽にしておかなくていいの？","\n<\n[3]>でも・・・
その前におちんちんつらいの・・・
楽にしておかなくていいの？",""
"\n<\n[3]>もし一歩前に出たら・・・
ふふ♥","\n<\n[3]>もし一歩前に出たら・・・
ふふ♥",""
"\n<\n[3]>私の暖かいお口の中で
精子びゅーびゅー出せるわよ・・・♥","\n<\n[3]>私の暖かいお口の中で
精子びゅーびゅー出せるわよ・・・♥",""
"\n<\n[3]>殺す前に少しくらい味わっておいても
いいんじゃないかしら・・・♥♥
うふふ♥","\n<\n[3]>殺す前に少しくらい味わっておいても
いいんじゃないかしら・・・♥♥
うふふ♥",""
"\C[14]少しくらいなら・・・","\C[14]少しくらいなら・・・",""
"\n<\n[3]>ぐ・・・
魔王・・・さま・・・","\n<\n[3]>ぐ・・・
魔王・・・さま・・・",""
"\n<\n[3]>あぁぁぁ！","\n<\n[3]>あぁぁぁ！",""
"\n<\n[3]>あう・・・クソ・・・！
何で戦えるのよ・・・！そんなに勃起してる癖に！","\n<\n[3]>あう・・・クソ・・・！
何で戦えるのよ・・・！そんなに勃起してる癖に！",""
"\n<\n[3]>うふふ♥勇者も所詮は人間ね♥
ほら、どうして欲しいの？くすくす♥
言ってごらん？","\n<\n[3]>うふふ♥勇者も所詮は人間ね♥
ほら、どうして欲しいの？くすくす♥
言ってごらん？",""
"\n<\n[3]>なぁに？ちょっとおっぱい見せただけで顔真っ赤じゃない♥
ウブな子は好きよ♥くすくす♥","\n<\n[3]>なぁに？ちょっとおっぱい見せただけで顔真っ赤じゃない♥
ウブな子は好きよ♥くすくす♥",""
"\n<\n[3]>私の身体を見てぇ♥
そこに寝転がってくれたらぁ・・・
おちんちんぷちゅって犯してあげるんだけどなぁ♥","\n<\n[3]>私の身体を見てぇ♥
そこに寝転がってくれたらぁ・・・
おちんちんぷちゅって犯してあげるんだけどなぁ♥",""
"\n<\n[3]>掴んじゃった♥
あはっ♥敵に扱かれて気持ちいい？
戦闘中なんだけど♥","\n<\n[3]>掴んじゃった♥
あはっ♥敵に扱かれて気持ちいい？
戦闘中なんだけど♥",""
"\n<\n[3]>お顔まっかにしちゃって♥
そんなに我慢できなかったの？
もうビンビンじゃない♥","\n<\n[3]>お顔まっかにしちゃって♥
そんなに我慢できなかったの？
もうビンビンじゃない♥",""
"\n<\n[3]>人が食べられてるところ見て興奮したぁ？
うふふ♥ちゅっ♥ぢゅる♥
れろぉ♥","\n<\n[3]>人が食べられてるところ見て興奮したぁ？
うふふ♥ちゅっ♥ぢゅる♥
れろぉ♥",""
"\n<\n[3]>今からあなたもそこに転がってるアレと
同じになるのよ♥あはははは♥
じゅるるるる♥","\n<\n[3]>今からあなたもそこに転がってるアレと
同じになるのよ♥あはははは♥
じゅるるるる♥",""
"GAUGE_PICTURE 82 仲間ゲージ1","GAUGE_PICTURE 82 仲間ゲージ1",""
"0ﾌｨﾘ 1ﾏｰｶﾞﾚ 2ｻｷｭ 3ｱｲﾘ 4ﾕｲﾈ 5ｼｬﾙ 6ﾁｭｰ 7ﾏｵ8ﾘﾘｽ 9ﾌｪﾗ高 10ﾌｪﾗ中 
11ﾌｪﾗ低 12ﾄﾙﾃ 13ｷﾙｼｭ 14ｼｰﾌﾟ15ｼｨﾅ 16ｴｲﾐｰ 17ｷｴﾘ 18ﾉﾉ 19ﾘﾘﾌｪﾗ
20ﾅｰｽ 21ﾘｯﾌﾟｽ 22ﾎﾟﾘｰ 23ｻｷｭﾊﾞｽ 24ﾛｰｽﾞ 25ｳｨｯﾁ 26ﾋｭﾌﾟﾉ 27ｱﾘｽ
28ｽﾗｲﾑ 29夢喰い 30ﾛﾘA 31ﾛﾘB 32ﾛﾘC 33ﾌﾟﾘｽﾞﾏ 34ﾘﾘに 35ﾉﾉｷｽ
36ｼﾙｷ 37ｴﾙﾌ 38ﾀｺ 39ｴﾗｯﾀ　40普通A 41普通B 43普通C 44ｱﾆﾏ
45ﾗﾐｱ 47ﾙﾅ 48猫","",""
"\n<\n[3]>・・・！倒れた！
チャーンスっ♥","\n<\n[3]>・・・！倒れた！
チャーンスっ♥",""
"\n<\n[3]>押さえつけたぞーっ♥
ギブ？ギブー？？","\n<\n[3]>押さえつけたぞーっ♥
ギブ？ギブー？？",""
"\n<\n[3]>はーいわたしの勝ち♥
勝負は終わり！楽しかったね\n[1]！
・・・♥","\n<\n[3]>はーいわたしの勝ち♥
勝負は終わり！楽しかったね\n[1]！
・・・♥",""
"\n<\n[3]>じゃあそのつらそうなおちんちん、楽になっちゃおっか！
わたしの身体でよかったらいっぱい見てね♥
どーぞ♥","\n<\n[3]>じゃあそのつらそうなおちんちん、楽になっちゃおっか！
わたしの身体でよかったらいっぱい見てね♥
どーぞ♥",""
"\n<\n[3]>ほーらちゃんと自分でシコシコしてー♥
ぴゅっぴゅするとこみたいよー！
にゃはぁん♥","\n<\n[3]>ほーらちゃんと自分でシコシコしてー♥
ぴゅっぴゅするとこみたいよー！
にゃはぁん♥",""
"\n<\n[3]>これで私も恥ずかしいですから・・・！
\n[1]だけ恥ずかしがらなくてもいいですからね！
ごくり・・・♥","\n<\n[3]>これで私も恥ずかしいですから・・・！
\n[1]だけ恥ずかしがらなくてもいいですからね！
ごくり・・・♥",""
"\n<\n[3]>うわぁ！\n[1]さん！まって！
まってくださいー！！","\n<\n[3]>うわぁ！\n[1]さん！まって！
まってくださいー！！",""
"\n<\n[3]>あゃぁぁぁぁぁぁぁん！！","\n<\n[3]>あゃぁぁぁぁぁぁぁん！！",""
"\n<\n[3]>\n[1]・・・♥
辛いの全部私がなんとかしてあげますから。
任せてくださいね。","\n<\n[3]>\n[1]・・・♥
辛いの全部私がなんとかしてあげますから。
任せてくださいね。",""
"\n<\n[1]>あぁっ！！待ってアイリン！！
いきなり！！激し・・・！！！","\n<\n[1]>あぁっ！！待ってアイリン！！
いきなり！！激し・・・！！！",""
"\n<\n[3]>え？でも早く出さなきゃですよね？
ゆっくりの方がいいんですか？","\n<\n[3]>え？でも早く出さなきゃですよね？
ゆっくりの方がいいんですか？",""
"\n<\n[3]>え？激しすぎるって・・・？
でも早く出さなきゃですよ・・・？
ゆっくりの方がいいんですか・・・？","\n<\n[3]>え？激しすぎるって・・・？
でも早く出さなきゃですよ・・・？
ゆっくりの方がいいんですか・・・？",""
"\n<\n[1]>う・・・うぅ・・・","\n<\n[1]>う・・・うぅ・・・",""
"\n<\n[3]>ゆっくりしましたよ♥
どうですか？","\n<\n[3]>ゆっくりしましたよ♥
どうですか？",""
"\n<\n[1]>う・・・
あ・・アイリン・・・","\n<\n[1]>う・・・
あ・・アイリン・・・",""
"\n<\n[3]>？？？
もの足りなそうな顔ですね・・・
どうしたらいいんですか？","\n<\n[3]>？？？
もの足りなそうな顔ですね・・・
どうしたらいいんですか？",""
"\n<\n[1]>あ・・・う・・・
い・・・いじわる・・・","\n<\n[1]>あ・・・う・・・
い・・・いじわる・・・",""
"\n<\n[3]>これが意地悪なんですか・・・？
うーん、よくわからないです。
くすくす♥","\n<\n[3]>これが意地悪なんですか・・・？
うーん、よくわからないです。
くすくす♥",""
"\n<\n[3]>うーん、よくわからないです。
くすくす♥","\n<\n[3]>うーん、よくわからないです。
くすくす♥",""
"\n<\n[1]>うぅ・・・","\n<\n[1]>うぅ・・・",""
"もっと激しく","もっと激しく",""
"・・・","...",""
"\n<\n[3]>やっぱり激しくがいいんじゃないですか。
変な\n[1]♥
えへへ♥じゃぁ本気でいきます♥","\n<\n[3]>やっぱり激しくがいいんじゃないですか。
変な\n[1]♥
えへへ♥じゃぁ本気でいきます♥",""
"\n<\n[3]>怒っちゃいやです！
ごめんなさい。可愛くてつい・・・♥
えへへ♥じゃぁ本気でいきます♥","\n<\n[3]>怒っちゃいやです！
ごめんなさい。可愛くてつい・・・♥
えへへ♥じゃぁ本気でいきます♥",""
"貴女","貴女",""
"貴方","貴方",""
"\n<\n[3]>ちっ。気に食わない表情ね。
何なの？さっきまで死にそうだった癖に。
今度こそ殺してやるわ。","\n<\n[3]>ちっ。気に食わない表情ね。
何なの？さっきまで死にそうだった癖に。
今度こそ殺してやるわ。",""
"\n<\n[3]>何なのコイツ！！！
あっあっあっ！！！！","\n<\n[3]>何なのコイツ！！！
あっあっあっ！！！！",""
"\n<\n[3]>やぁぁぁぁぁぁぁぁん！！","\n<\n[3]>やぁぁぁぁぁぁぁぁん！！",""
"\n<\n[3]>あっはははは♥
諦めちゃったの♥うふふふ♥
そんなに気持ちよくなりたいの？死ぬのに♥","\n<\n[3]>あっはははは♥
諦めちゃったの♥うふふふ♥
そんなに気持ちよくなりたいの？死ぬのに♥",""
"\n<\n[3]>あ・・・あぁ・・・！
この私が・・・たかが人間ごときに・・・！","\n<\n[3]>あ・・・あぁ・・・！
この私が・・・たかが人間ごときに・・・！",""
"確かレーチェルが言ってた・・・
\C[24]淫魔には必ず弱点があるって・・・！\C[0]
そこを責めれば・・・！！","確かレーチェルが言ってた・・・
\C[24]淫魔には必ず弱点があるって・・・！\C[0]
そこを責めれば・・・！！",""
"\C[24]『胸を揉む』『尻を揉む』『アソコを責める』『腰を振る』\C[0]
スキルを覚えた！
※体力を消費して相手の弱点を狙うことが出来ます。","\C[24]『胸を揉む』『尻を揉む』『アソコを責める』『腰を振る』\C[0]
スキルを覚えた！
※体力を消費して相手の弱点を狙うことが出来ます。",""
"落ち着け・・・落ち着け・・・
\C[24]息を整えて冷静になるんだ・・・！\C[0]","落ち着け・・・落ち着け・・・
\C[24]息を整えて冷静になるんだ・・・！\C[0]",""
"\C[24]『深呼吸』\C[0]スキルを覚えた！
※息を整えて精力を回復することが出来ます。","\C[24]『深呼吸』\C[0]スキルを覚えた！
※息を整えて精力を回復することが出来ます。",""
"\C[24]身体が熱い・・・！\C[0]
今なら・・・！！","\C[24]身体が熱い・・・！\C[0]
今なら・・・！！",""
"\C[24]『ラッシュ』\C[0]スキルを覚えた！
※TP（ダメージや攻撃で蓄積）を消費して
連続攻撃を繰り出すことが出来ます。","\C[24]『ラッシュ』\C[0]スキルを覚えた！
※TP（ダメージや攻撃で蓄積）を消費して
連続攻撃を繰り出すことが出来ます。",""
"\n<\n[3]>はん。無駄な足掻きをして。
また気持ちよくイカせて欲しいんでしょ？
ねぇ、さっきの快楽、思い出して？","\n<\n[3]>はん。無駄な足掻きをして。
また気持ちよくイカせて欲しいんでしょ？
ねぇ、さっきの快楽、思い出して？",""
"\n<\n[3]>とっても気持ちよかったでしょう？
命を削ってする射精♥
今度はちゃんと最後までしたくなぁい？くすくす♥","\n<\n[3]>とっても気持ちよかったでしょう？
命を削ってする射精♥
今度はちゃんと最後までしたくなぁい？くすくす♥",""
"う・・・だ、ダメだ・・・
誘惑に負けるわけにはいかない・・・！
でも・・・","う・・・だ、ダメだ・・・
誘惑に負けるわけにはいかない・・・！
でも・・・",""
"\C[24]『諦める』『追い込む』\C[0]スキルを覚えてしまった・・・
※自滅用スキルです。使用しないでください。","\C[24]『諦める』『追い込む』\C[0]スキルを覚えてしまった・・・
※自滅用スキルです。使用しないでください。",""
"属性：虫 風　弱点：胸","属性：虫 風　弱点：胸",""
"ハニービー","ハニービー",""
"0:手コキ 1:フェラ 2:舌巻き 3:毒針","0:手コキ 1:フェラ 2:舌巻き 3:毒針",""
"\n<\n[3]>美味しい蜜の匂いがするわ♥
ほら、おいで♥
吸ってあげる♥","\n<\n[3]>美味しい蜜の匂いがするわ♥
ほら、おいで♥
吸ってあげる♥",""
"\n<\n[3]>はぅぅ・・・♥
イ、イク・・・！","\n<\n[3]>はぅぅ・・・♥
イ、イク・・・！",""
"\n<\n[3]>イクゥゥゥゥゥっ♥♥♥","\n<\n[3]>イクゥゥゥゥゥっ♥♥♥",""
"\n<\n[3]>やめ・・・
私が・・・イカせるの・・・！","\n<\n[3]>やめ・・・
私が・・・イカせるの・・・！",""
"\n<\n[3]>もうメロメロになっちゃったの？
はやいなぁ♥
お友達だって見てるのに。くすっ♥","\n<\n[3]>もうメロメロになっちゃったの？
はやいなぁ♥
お友達だって見てるのに。くすっ♥",""
"\n<\n[3]>美味しい蜜の匂いがする。
おいで。
いっぱい舐め取ってあげる。","\n<\n[3]>美味しい蜜の匂いがする。
おいで。
いっぱい舐め取ってあげる。",""
"\n<\n[3]>こんなところで何してるの？
悪い淫魔に食べられちゃうわよ。
私みたいな。","\n<\n[3]>こんなところで何してるの？
悪い淫魔に食べられちゃうわよ。
私みたいな。",""
"\n<\n[3]>はぅぅ♥
イ、イク・・・！","\n<\n[3]>はぅぅ♥
イ、イク・・・！",""
"\n<\n[3]>や、やめなさいよ！
私がイカせるんだから・・・！","\n<\n[3]>や、やめなさいよ！
私がイカせるんだから・・・！",""
"MP_SET_LOOP 6 off","MP_SET_LOOP 6 off",""
"MP_SET_WAIT 6","MP_SET_WAIT 6",""
"\n<\n[1]>あぁぁぁぁぁ！！あっあっ！！
なに・・・これ・・・！！
あうあうあう・・・！","\n<\n[1]>あぁぁぁぁぁ！！あっあっ！！
なに・・・これ・・・！！
あうあうあう・・・！",""
"\n<\n[1]>うあぁぁぁぁぁ！！あっあっあっ！！！！","\n<\n[1]>うあぁぁぁぁぁ！！あっあっあっ！！！！",""
"\n<\n[3]>ふふ・・・♥
入っちゃったぁ♥くすくす♥","\n<\n[3]>ふふ・・・♥
入っちゃったぁ♥くすくす♥",""
"\n<\n[1]>はぁ・・・はぁ・・・
や、やだ・・・
何か・・・上がって・・・","\n<\n[1]>はぁ・・・はぁ・・・
や、やだ・・・
何か・・・上がって・・・",""
"\n<\n[1]>く・・・！
う・・・ぁ・・・
あう・・・","\n<\n[1]>く・・・！
う・・・ぁ・・・
あう・・・",""
"\n<\n[3]>くすくす♥
まだ動いてもいないのに♥","\n<\n[3]>くすくす♥
まだ動いてもいないのに♥",""
"\C[14]※コマンド入力中も徐々に精力が減少していきます。
（スリップダメージ）","\C[14]※コマンド入力中も徐々に精力が減少していきます。
（スリップダメージ）",""
"\n<\n[1]>や、やめて・・・
動かない・・・で・・・！
あぅぅ・・・","\n<\n[1]>や、やめて・・・
動かない・・・で・・・！
あぅぅ・・・",""
"\n<\n[1]>うぁ・・・！
や、やめ・・・！
今動かれたら・・・","\n<\n[1]>うぁ・・・！
や、やめ・・・！
今動かれたら・・・",""
"\n<\n[3]>なぁに？
動いたらどうなっちゃうの？
ねぇ♥","\n<\n[3]>なぁに？
動いたらどうなっちゃうの？
ねぇ♥",""
"\n<\n[3]>な、何なのよ！
何なのよコイツ・・・ッ！
あっ！あっ！あぁっ！！","\n<\n[3]>な、何なのよ！
何なのよコイツ・・・ッ！
あっ！あっ！あぁっ！！",""
"お姉ちゃ","お姉ちゃ",""
"お兄ちゃ","お兄ちゃ",""
"\n<\n[3]>やぁぁぁぁぁぁぁぁぁんっ♥♥♥","\n<\n[3]>やぁぁぁぁぁぁぁぁぁんっ♥♥♥",""
"\C[24]『胸責め』『尻責め』『アソコ責め』『ピストン』\C[0]
スキルを覚えた！
※体力を消費して相手の弱点を狙うことが出来ます。","\C[24]『胸責め』『尻責め』『アソコ責め』『ピストン』\C[0]
スキルを覚えた！
※体力を消費して相手の弱点を狙うことが出来ます。",""
"\n<\n[1]>あぅ・・・！","\n<\n[1]>あぅ・・・！",""
"\n<\n[3]>うわぁ・・・
すごい・・・別の生き物みたい・・・
こ、これでいいですか・・・？","\n<\n[3]>うわぁ・・・
すごい・・・別の生き物みたい・・・
こ、これでいいですか・・・？",""
"\n<\n[3]>も、もっと強く握っても大丈夫ですか・・・？
ごくり・・・","\n<\n[3]>も、もっと強く握っても大丈夫ですか・・・？
ごくり・・・",""
"\n<\n[1]>うぁ・・・♥
あ・・アイリン・・・","\n<\n[1]>うぁ・・・♥
あ・・アイリン・・・",""
"\n<\n[3]>うわぁ♥
\n[1]・・・気持ちよさそう・・・♥
も、もっと強くしちゃいますね・・・！","\n<\n[3]>うわぁ♥
\n[1]・・・気持ちよさそう・・・♥
も、もっと強くしちゃいますね・・・！",""
"属性：草　弱点：アソコ","属性：草　弱点：アソコ",""
"0:パイズリ 1:触手 2:フェロモン 3:キス","0:パイズリ 1:触手 2:フェロモン 3:キス",""
"\n<\n[3]>くすくす♥
メロメロにしてあげるね♥
おいで♥","\n<\n[3]>くすくす♥
メロメロにしてあげるね♥
おいで♥",""
"\n<\n[3]>あぅ♥あうあう・・・♥
ら、らめぇ・・・♥","\n<\n[3]>あぅ♥あうあう・・・♥
ら、らめぇ・・・♥",""
"\n<\n[3]>ふぁぁぁぁぁぁぁぁぁっ♥♥♥","\n<\n[3]>ふぁぁぁぁぁぁぁぁぁっ♥♥♥",""
"\n<\n[3]>あうぅ・・・！
抵抗しないでぇ・・・！","\n<\n[3]>あうぅ・・・！
抵抗しないでぇ・・・！",""
"\n<\n[1]>うぅ・・・♥
こ、この匂い・・・
はぁ・・・はぁ・・・♥","\n<\n[1]>うぅ・・・♥
こ、この匂い・・・
はぁ・・・はぁ・・・♥",""
"\n[1]は発情状態になってしまった・・・","\n[1]は発情状態になってしまった・・・",""
"\n<クマリ>\n[1]！落ち着け！
発情すると\C[14]コマンド入力中のスリップダメージが2倍になる！
\C[0]俺の腹を殴れ！気付け薬が仕込んである！","\n<クマリ>\n[1]！落ち着け！
発情すると\C[14]コマンド入力中のスリップダメージが2倍になる！
\C[0]俺の腹を殴れ！気付け薬が仕込んである！",""
"ユイネ","ユイネ",""
"\n<\n[3]>はい。
おっぱい触らせたげる。
特別ね！","\n<\n[3]>はい。
おっぱい触らせたげる。
特別ね！",""
"\n<\n[1]>う、うわ・・・！
ユイネ・・・！？","\n<\n[1]>う、うわ・・・！
ユイネ・・・！？",""
"\n<\n[3]>ど、どう？
興奮・・・する？","\n<\n[3]>ど、どう？
興奮・・・する？",""
"\n<\n[1]>う・・・あ・・・
や、やわらか・・・","\n<\n[1]>う・・・あ・・・
や、やわらか・・・",""
"\n<\n[3]>う、うわぁ・・・
ちょっと\n[1]、顔やばいよ。
大丈夫？","\n<\n[3]>う、うわぁ・・・
ちょっと\n[1]、顔やばいよ。
大丈夫？",""
"\n<\n[1]>はぅ！
ちょ、ちょっとアイリン・・・！","\n<\n[1]>はぅ！
ちょ、ちょっとアイリン・・・！",""
"\n<\n[3]>ふぁぁぁ♥
柔らかいですー♥","\n<\n[3]>ふぁぁぁ♥
柔らかいですー♥",""
"\n<\n[3]>えいっ！
うわぁっ♥柔らかーい♥","\n<\n[3]>えいっ！
うわぁっ♥柔らかーい♥",""
"\n<\n[3]>はわわわ♥
触ってるだけで手がとろけちゃいそうです♥","\n<\n[3]>はわわわ♥
触ってるだけで手がとろけちゃいそうです♥",""
"\n<\n[1]>んにゃぁ・・・！
な、なんでそっち・・・！","\n<\n[1]>んにゃぁ・・・！
な、なんでそっち・・・！",""
"\n<\n[3]>あったかーい♥
ふわふわー♥","\n<\n[3]>あったかーい♥
ふわふわー♥",""
"\n<\n[3]>美味しそうな蜜の匂い・・・♥
はやく舐めさせて。","\n<\n[3]>美味しそうな蜜の匂い・・・♥
はやく舐めさせて。",""
"\n<\n[3]>こんなところで何してるの？
悪い淫魔に食べられちゃうよ？
私みたいな♥","\n<\n[3]>こんなところで何してるの？
悪い淫魔に食べられちゃうよ？
私みたいな♥",""
"\n<\n[3]>や、やめて！
私がイカせるんだから・・・！","\n<\n[3]>や、やめて！
私がイカせるんだから・・・！",""
"\n<\n[3]>あら。急に大人しくなって。
抵抗しないなら、遠慮なく吸わせてもらうわ。","\n<\n[3]>あら。急に大人しくなって。
抵抗しないなら、遠慮なく吸わせてもらうわ。",""
"属性：悪 風　弱点：アソコ","属性：悪 風　弱点：アソコ",""
"アルプ","アルプ",""
"0:足コキ 1:足指コキ 2:尻尾コキ 3:誘惑","0:足コキ 1:足指コキ 2:尻尾コキ 3:誘惑",""
"\n<\n[3]>はーい捕まえた♥
そのままじっとしててくれたら
いーっぱい足でゴシゴシしてあげますよー？","\n<\n[3]>はーい捕まえた♥
そのままじっとしててくれたら
いーっぱい足でゴシゴシしてあげますよー？",""
"\n<\n[3]>やっぱりふたなりだった♥
匂いで分かるんですよー。
発情したおちんちんの匂い♥","\n<\n[3]>やっぱりふたなりだった♥
匂いで分かるんですよー。
発情したおちんちんの匂い♥",""
"\n<\n[3]>おにーさん♥
わたしとえっちなことして気持ちよくなりませんかー？
くすくす♥","\n<\n[3]>おにーさん♥
わたしとえっちなことして気持ちよくなりませんかー？
くすくす♥",""
"\n<\n[3]>や、やだ！
イカされちゃいますぅ！","\n<\n[3]>や、やだ！
イカされちゃいますぅ！",""
"\n<\n[3]>ふぁぁぁぁぁぁ♥♥♥","\n<\n[3]>ふぁぁぁぁぁぁ♥♥♥",""
"\n<\n[3]>んにゃぁ・・・
ダメですよぉ。
もっと手加減してぇ♥","\n<\n[3]>んにゃぁ・・・
ダメですよぉ。
もっと手加減してぇ♥",""
"\n<\n[3]>あはは！
自分からおねだりしちゃうんですかぁ？
恥ずかしい人ですねー♥","\n<\n[3]>あはは！
自分からおねだりしちゃうんですかぁ？
恥ずかしい人ですねー♥",""
"女盗賊","女盗賊",""
"\n<\n[3]>ぱーふ♥ぱーふ♥
ほーら、下半身に血流が集まってきました♥
私のアソコに当たってるの、分かる？","\n<\n[3]>ぱーふ♥ぱーふ♥
ほーら、下半身に血流が集まってきました♥
私のアソコに当たってるの、分かる？",""
"\n<\n[3]>おっぱいを顔に押し付けられてー、
今すぐセックスしたくなっちゃうぐらい興奮しちゃってますねー♥
おちんちん、びくびくしてますよぉ？","\n<\n[3]>おっぱいを顔に押し付けられてー、
今すぐセックスしたくなっちゃうぐらい興奮しちゃってますねー♥
おちんちん、びくびくしてますよぉ？",""
"\n<\n[3]>あは♥押し付けないでくださいお客様♥
私も濡れてしまいます♥","\n<\n[3]>あは♥押し付けないでくださいお客様♥
私も濡れてしまいます♥",""
"\n<\n[3]>あれ？
もう私の下でおちんちんがビクビクしてますけどー、
ひょっとしてもう出ちゃいそうになってます？","\n<\n[3]>あれ？
もう私の下でおちんちんがビクビクしてますけどー、
ひょっとしてもう出ちゃいそうになってます？",""
"属性：水　弱点：尻 怯み","属性：水　弱点：尻 怯み",""
"スラミー","スラミー",""
"0:パイズリ 1:交互パイズリ 2:乳首挿入 3:手コキフェラ","0:パイズリ 1:交互パイズリ 2:乳首挿入 3:手コキフェラ",""
"\n<\n[3]>私と一緒にとろとろになろーよ！
おいでおいでー♥","\n<\n[3]>私と一緒にとろとろになろーよ！
おいでおいでー♥",""
"\n<\n[3]>可愛い女の子なのにー♥
とっても美味しそうなもの付いてるー♥
オトクだー♥","\n<\n[3]>可愛い女の子なのにー♥
とっても美味しそうなもの付いてるー♥
オトクだー♥",""
"\n<\n[3]>普通のスラミーは雑魚だけど私は雑魚じゃないもん！
侮ってると痛い目みるよ！
・・・気持ちいい目？","\n<\n[3]>普通のスラミーは雑魚だけど私は雑魚じゃないもん！
侮ってると痛い目みるよ！
・・・気持ちいい目？",""
"\n<\n[3]>あう！あうあう！
や、やだよぉ！イっちゃう！あぁ！","\n<\n[3]>あう！あうあう！
や、やだよぉ！イっちゃう！あぁ！",""
"\n<\n[3]>わぁぁぁぁぁぁん♥♥♥","\n<\n[3]>わぁぁぁぁぁぁん♥♥♥",""
"\n<\n[3]>うわっ！ちょっと待ってよ！
と、融けちゃうだろ！
ストップ！ストップ！","\n<\n[3]>うわっ！ちょっと待ってよ！
と、融けちゃうだろ！
ストップ！ストップ！",""
"\n<\n[3]>もう降参なのー？よっしゃー♥
じゃあ好きにしちゃおー！
リクエストある？","\n<\n[3]>もう降参なのー？よっしゃー♥
じゃあ好きにしちゃおー！
リクエストある？",""
"マキサ","マキサ",""
"\n<\n[1]>あっあっあっ・・・！","\n<\n[1]>あっあっあっ・・・！",""
"\n<\n[1]>うぁ・・・！
あぅ・・・！","\n<\n[1]>うぁ・・・！
あぅ・・・！",""
"\n<\n[3]>あはぁ・・・♥
食べちゃった♥
ひとつになっちゃったね♥","\n<\n[3]>あはぁ・・・♥
食べちゃった♥
ひとつになっちゃったね♥",""
"\n<\n[3]>何もしなくていいからそのままじっとしててね♥
くす♥","\n<\n[3]>何もしなくていいからそのままじっとしててね♥
くす♥",""
"\n<\n[3]>ふふ♥
このままゆっくり腰を振って
じわじわと追い詰めてアゲル♥","\n<\n[3]>ふふ♥
このままゆっくり腰を振って
じわじわと追い詰めてアゲル♥",""
"\n<\n[3]>気持ちよくて抵抗できないでしょ。
とろけちゃった？","\n<\n[3]>気持ちよくて抵抗できないでしょ。
とろけちゃった？",""
"\n<\n[3]>くすくす♥
ほーら精子、上がってきちゃうよぉ？","\n<\n[3]>くすくす♥
ほーら精子、上がってきちゃうよぉ？",""
"\n<\n[3]>なぁに？もう抵抗できなくなったの？
情けない♥
おっぱい押し付けただけで降参？","\n<\n[3]>なぁに？もう抵抗できなくなったの？
情けない♥
おっぱい押し付けただけで降参？",""
"\n<\n[3]>戦意喪失しちゃった？
くす♥","\n<\n[3]>戦意喪失しちゃった？
くす♥",""
"\n<\n[3]>さっきまであんなに怒ってたのに。
ちょっと誘惑しただけでこれだもの。","\n<\n[3]>さっきまであんなに怒ってたのに。
ちょっと誘惑しただけでこれだもの。",""
"0:フェラ 1:バキュームフェラ 2:舌巻き 3:","0:フェラ 1:バキュームフェラ 2:舌巻き 3:",""
"リリー","Lily",""
"0:挿入+乳首舐めA 1:挿入+乳首舐めB 2:ライムフェラ 3:顔舐め","0:挿入+乳首舐めA 1:挿入+乳首舐めB 2:ライムフェラ 3:顔舐め",""
"0:騎乗位 1:ふりふり騎乗 2:キス騎乗 3:フェラ","0:騎乗位 1:ふりふり騎乗 2:キス騎乗 3:フェラ",""
"ライム","Lime",""
"0:抱っこ 1:腰振り 2:誘惑 3:パイズリ","0:抱っこ 1:腰振り 2:誘惑 3:パイズリ",""
"属性：悪 風　弱点：アソコ 敏感","属性：悪 風　弱点：アソコ 敏感",""
"0:誘惑挿入 1:腰振り 2:ぐりぐり 3:お尻ふりふり","0:誘惑挿入 1:腰振り 2:ぐりぐり 3:お尻ふりふり",""
"シィナ","Shina",""
"0:手コキ 1:頬ずり 2:ちんキス 3:扱き誘惑","0:手コキ 1:頬ずり 2:ちんキス 3:扱き誘惑",""
"属性：水　弱点：尻　キス　怯み","属性：水　弱点：尻　キス　怯み",""
"0:パイズリ 1:パイズリ交互 2:パイズリフェラ 3:乳首挿入","0:パイズリ 1:パイズリ交互 2:パイズリフェラ 3:乳首挿入",""
"0:スロー 1:腰振り 2:足コキ 3:誘惑","0:スロー 1:腰振り 2:足コキ 3:誘惑",""
"属性：獣　弱点：アソコ","属性：獣　弱点：アソコ",""
"アーコ","アーコ",""
"0:舐め 1:キス 2:脇舐め 3:脇ずり","0:舐め 1:キス 2:脇舐め 3:脇ずり",""
"属性：人　弱点：愛撫","属性：人　弱点：愛撫",""
"ロメリア","ロメリア",""
"0:腰振り 1:腰振らせ 2:クンニ 3:パイズリ","0:腰振り 1:腰振らせ 2:クンニ 3:パイズリ",""
"0:足コキ 1:太ももコキ 2:踏みつけ 3:キス","0:足コキ 1:太ももコキ 2:踏みつけ 3:キス",""
"0:足コキ 1:パンツコキ 2:顔踏み 3:太ももコキ","0:足コキ 1:パンツコキ 2:顔踏み 3:太ももコキ",""
"0:足コキ 1:太ももコキ 2:足挿入 3:踏みつけ","0:足コキ 1:太ももコキ 2:足挿入 3:踏みつけ",""
"ご主人","ご主人",""
"シープ","シープ",""
"\n<\n[3]>また失敗しちゃうの？
ちょっと誘惑しただけなのに。
弱い人♥","\n<\n[3]>また失敗しちゃうの？
ちょっと誘惑しただけなのに。
弱い人♥",""
"\n<\n[3]>んふふふ♥どうしてほしい？
イキたくなっちゃったんでしょ？","\n<\n[3]>んふふふ♥どうしてほしい？
イキたくなっちゃったんでしょ？",""
"\n<\n[3]>あぁ！やばい！やばいよ！気持ちいい！
私イっちゃう！あぁ！","\n<\n[3]>あぁ！やばい！やばいよ！気持ちいい！
私イっちゃう！あぁ！",""
"\n<\n[3]>あぁぁぁぁぁぁぁぁぁっ♥♥♥","\n<\n[3]>あぁぁぁぁぁぁぁぁぁっ♥♥♥",""
"\n<\n[3]>あ、あれ？はぁ・・・はぁ・・・
お、おかしいな！
なんか今日は！・・・ダメかも。","\n<\n[3]>あ、あれ？はぁ・・・はぁ・・・
お、おかしいな！
なんか今日は！・・・ダメかも。",""
"\n<シープ>あれ？どうしたのそんな顔して。
むずむず止まらなくなっちゃった？","\n<シープ>あれ？どうしたのそんな顔して。
むずむず止まらなくなっちゃった？",""
"\n<\n[3]>逃げなくていいの？","\n<\n[3]>逃げなくていいの？",""
"\n<\n[3]>もうえっちなことで頭いっぱいになっちゃったのかな？
くすくす♥","\n<\n[3]>もうえっちなことで頭いっぱいになっちゃったのかな？
くすくす♥",""
"\n<\n[3]>負けちゃうよ？
早く逃げないと♥","\n<\n[3]>負けちゃうよ？
早く逃げないと♥",""
"\n<\n[3]>あーあ。入れちゃった。
もう逃げられないにゃぁ♥","\n<\n[3]>Oh dear. It went in.
There's no running away now-nya♥",""
"\n<\n[3]>レベル1でアタシに勝てるわけないにゃ。
死にかけの虫みたいにビクビク震えてろばーか♥","\n<\n[3]>There's no way you can defeat me at just level 1-nya.
You're already twitching like a dying insect, fool♥",""
"\n<リリー>はい♥捕まえた♥
また犯してアゲル♥
好きでしょ？私とのセックス♥","\n<Lily>Okay!♥ He's being held down♥
I'm sure he can be milked again♥
You'd love that wouldn't you? Sex with me-♥",""
"\n<\n[3]>あーぁ。
腰止まらなくなってるじゃない。
くすっ♥","\n<\n[3]>あーぁ。
腰止まらなくなってるじゃない。くすっ♥",""
"\n<\n[3]>ほーらチンポ入ったにゃ♥
犯してほしかったんだろー？にゃはは♥","\n<\n[3]>ほーらチンポ入ったにゃ♥
犯してほしかったんだろー？にゃはは♥",""
"\n<\n[3]>ほーらチンポ入ったにゃ♥","\n<\n[3]>ほーらチンポ入ったにゃ♥",""
"\n<リリー>何ぶっ倒れてんの？
起きなさいよ。","\n<Lily>何ぶっ倒れてんの？
起きなさいよ。",""
"0:腰振り 1:腰振らせ 2:スマタ 3:パイズリ","0:腰振り 1:腰振らせ 2:スマタ 3:パイズリ",""
"\n<リリー>ロメリア！
\n[1]なんかに負けるんじゃないわよ。","\n<Lily>ロメリア！
\n[1]なんかに負けるんじゃないわよ。",""
"\n<\n[3]>はぁい♥
リリー様ぁ♥頑張りますぅ♥","\n<\n[3]>はぁい♥
リリー様ぁ♥頑張りますぅ♥",""
"\n<シィナ>\n[1]。
イったら殺すにゃ。","\n<Shina>\n[1]。
イったら殺すにゃ。",""
"\n<ライム>どっちもがんばれー♥
ファイトー♥","\n<Lime>どっちもがんばれー♥
ファイトー♥",""
"\n<\n[3]>あにきぃ・・・♥
しゅき♥しゅきぃ♥","\n<\n[3]>あにきぃ・・・♥
しゅき♥しゅきぃ♥",""
"\n<\n[3]>はぁ・・・♥はぁ・・・♥
あにきぃ・・・♥","\n<\n[3]>はぁ・・・♥はぁ・・・♥
あにきぃ・・・♥",""
"\n<リリー>こら！なに気持ちよくなってんのよ！
イったらオシオキよ！","\n<Lily>こら！なに気持ちよくなってんのよ！
イったらオシオキよ！",""
"\n<シィナ>にゃははは♥
イカせろ！イカせろ！\n[1]！","\n<Shina>にゃははは♥
イカせろ！イカせろ！\n[1]！",""
"\n<シィナ>おいボケこら！
諦めてんじゃねー！
ぶっ殺すにゃ！","\n<Shina>おいボケこら！
諦めてんじゃねー！ぶっ殺すにゃ！",""
"\n<リリー>あはははは！
この勝負、私の勝ちね。","\n<Lily>あはははは！
この勝負、私の勝ちね。",""
"\n<リリー>たまにはこっちも可愛がってあげなきゃね♥
くすくす♥","\n<Lily>たまにはこっちも可愛がってあげなきゃね♥
くすくす♥",""
"\n<\n[1]>あっあっあっ♥
オマンコ気持ちいい・・・♥","\n<\n[1]>あっあっあっ♥
オマンコ気持ちいい・・・♥",""
"\n<\n[3]>はぁ・・・はぁ・・・♥
や、やめるにゃん・・・！
あっあっ！！","\n<\n[3]>はぁ・・・はぁ・・・♥
や、やめるにゃん・・・！あっあっ！！",""
"\n<\n[3]>んにゃん・・・！！","\n<\n[3]>N-Nyaahhh...!!",""
"\n<\n[3]>んにゃん・・・！
こ、コイツ・・・！","\n<\n[3]>N-Nyaahhh...!
W-Why you...!",""
"\n<\n[3]>にゃん？
諦めるなら最初から悪あがきするなっつーの。
雑魚チンポ。","\n<\n[3]>にゃん？
諦めるなら最初から悪あがきするなっつーの。
雑魚チンポ。",""
"\n<\n[3]>これはお礼なんだからね。
だから、力を抜いて・・・♥
全部私に任せて♥","","\n<\n[3]>This is my thanks to you.
So just relax...♥
Leave everything to me♥"
"\n<リリー>ん・・・♥ちゅっ♥
セックスだと精気吸っちゃうから・・・
手でね・・・♥ちゅぅ♥","","\n<Lily>Mmm...♥ Smooch♥
Sex would drain your energy...
But my hand...♥ Smooch♥"
"\n<\n[3]>アタシ、お前を何回イカせたか覚えてないし。
今更勝負にならんと思うにゃぁ。
にゃははは♥","\n<\n[3]>アタシ、お前を何回イカせたか覚えてないし。
今更勝負にならんと思うにゃぁ。
にゃははは♥",""
"\n<\n[3]>雑魚ハンター発見にゃ。
その生意気チンポ処刑してやるし♥
命乞いするなら今がチャンスにゃぁ？","\n<\n[3]>I spy a small fry hunter-nya!
And now I'm going to execute your cheeky penis♥
Any last words-nya?",""
"\n<\n[3]>はぁ・・・はぁ・・・
あ、アタシに触るな・・・！
んにゃ・・・ぁ・・・♥","\n<\n[3]>Haah... Haah...
D-Don't touch me...!
I'm gonna...ahh-nyaaa♥",""
"\n<\n[3]>も、もうやめるにゃ・・・♥
お前だって気持ちよくなりたいにゃん？
んにゃ・・・♥","\n<\n[3]>N-No more nya...♥
You want to feel good too don't you-nya?
Nya...♥",""
"\n<\n[3]>お前の大好きな足、してやるにゃん・・・♥
今までアタシに射精させられたこと、思い出すにゃん♥
ほら♥シテやるからぁ・・・♥","""\n<\n[3]>Doing it with the foot of your fantasies-nya...♥
I know you remember all the times it's made you squirt until now-nya♥
Hora♥ I can do it for you again♥""",""
"今すぐイカせる","Make her cum right away",""
"\C[10]足コキされたい","I wanna get a footjob...",""
"\n<\n[3]>んにゃぁっ♥
今触らにゃい・・・で・・・♥
んにゃ・・・","\n<\n[3]>Nyaaah♥
D-Don't touch... ahhhnyaa-♥
Nyahhh...",""
"\n<\n[3]>にゃぁぁぁぁぁぁぁぁ♥♥♥","\n<\n[3]>Nyaaaaaaa♥♥♥",""
"0:パイズリ 1:パイズリ交互 2:圧迫 3:顔舐め","0:パイズリ 1:パイズリ交互 2:圧迫 3:顔舐め",""
"\n<\n[3]>あれだけたくさんぴゅっぴゅさせてあげたのにー。
ねーねー、おちんちんさんも覚えてるよねー？
戦えるのかなー？くすくす♥","\n<\n[3]>I've made you go squirt squirt so much now-
Ooh- I bet your penis remembers real well though right~?
Are you sure you can fight? Teehee♥",""
"\n<\n[3]>そっちがその気なら仕方ないねー。
いいよ！
とろっとろに溶かしてあげるー！","\n<\n[3]>そっちがその気なら仕方ないねー。
いいよ！
とろっとろに溶かしてあげるー！",""
"\n<\n[3]>ど、どうしよう・・・！
溶けちゃう！溶けちゃうよぉ！","\n<\n[3]>ど、どうしよう・・・！
溶けちゃう！溶けちゃうよぉ！",""
"\n<\n[3]>はぁ・・・♥はぁ・・・♥
もう勝負やめよ！
ね、\n[1]・・・♥","\n<\n[3]>はぁ・・・♥はぁ・・・♥
もう勝負やめよ！
ね、\n[1]・・・♥",""
"0:誘惑正常位 1:正常位 2:誘惑 3:寝パイズリ 4:必殺","0:誘惑正常位 1:正常位 2:誘惑 3:寝パイズリ 4:必殺",""
"\n<\n[3]>私たちと気持ちいいことして暮らそうよ・・・♥
美味しいご飯だって作ってあげる・・・♥
はぁ・・・♥はぁ・・・♥","\n<\n[3]>私たちと気持ちいいことして暮らそうよ・・・♥
美味しいご飯だって作ってあげる・・・♥
はぁ・・・♥はぁ・・・♥",""
"\n<\n[3]>一緒にイキたい♥
お願い♥きて・・・♥
その硬いの欲しいよ・・・♥","\n<\n[3]>一緒にイキたい♥
お願い♥きて・・・♥
その硬いの欲しいよ・・・♥",""
"\n<\n[3]>入れて・・・♥
入ってきて・・・♥","\n<\n[3]>入れて・・・♥
入ってきて・・・♥",""
"\C[10]一緒にイク","\C[10]一緒にイク",""
"\n<\n[3]>や、やぁ・・・！
私だけイっちゃうの・・・
は、恥ずかしいよぉ・・・！","\n<\n[3]>や、やぁ・・・！
私だけイっちゃうの・・・
は、恥ずかしいよぉ・・・！",""
"\n<\n[3]>ふぁぁぁぁぁぁぁぁ♥♥♥","\n<\n[3]>ふぁぁぁぁぁぁぁぁ♥♥♥",""
"\n<\n[3]>うわ・・・♥
なんか凄い・・・♥変な気持ちー・・・♥","\n<\n[3]>うわ・・・♥
なんか凄い・・・♥変な気持ちー・・・♥",""
"\n<\n[3]>諦めちゃったのー？
あららー。
じゃあ、もっとおっぱいしちゃうよ？いいよね？","\n<\n[3]>諦めちゃったのー？
あららー。
じゃあ、もっとおっぱいしちゃうよ？いいよね？",""
"0:ゆっくり 1:腰振り 2:足コキ 3:誘惑","0:ゆっくり 1:腰振り 2:足コキ 3:誘惑",""
"\n<\n[3]>散々私に搾られた癖に戦えると思ってんの？
あんたのチンポは期待して涎垂らしてるみたいだけど。
くすくす♥","\n<\n[3]>So you think you can fight your desire to be milked by me?
Your dick seems to be leaking and throbbing with anticipation though.
Teehee♥",""
"\n<\n[3]>遊んであげる。
精々頑張りなさい。雑魚ハンター。","\n<\n[3]>I'll play with you.
Do your absolute best, small fry hunter-",""
"\n<\n[3]>はぅぅ♥
だ、ダメ・・・♥もう・・・！","\n<\n[3]>はぅぅ♥
だ、ダメ・・・♥もう・・・！",""
"\n<\n[3]>ちょ、ちょっと待って・・・！
お願い・・・！
私の負けでいいから・・・♥","\n<\n[3]>ちょ、ちょっと待って・・・！
お願い・・・！
私の負けでいいから・・・♥",""
"\n<\n[3]>お願い\n[1]・・・♥
はぁ・・・♥はぁ・・・♥
私もうイキそうなの・・・♥","\n<\n[3]>お願い\n[1]・・・♥
はぁ・・・♥はぁ・・・♥
私もうイキそうなの・・・♥",""
"\n<\n[3]>今腰を突き上げられたら・・・
あうぅ・・・♥イっちゃう・・・♥
絶対にイっちゃうからぁ・・・♥","\n<\n[3]>今腰を突き上げられたら・・・
あうぅ・・・♥イっちゃう・・・♥
絶対にイっちゃうからぁ・・・♥",""
"胸を揉む","胸を揉む",""
"腰を突き上げる","腰を突き上げる",""
"\n<\n[3]>あっ！くそ♥
やめなさ・・・・♥そっちは・・・！！
あっあっあっ♥","\n<\n[3]>あっ！くそ♥
やめなさ・・・・♥そっちは・・・！！
あっあっあっ♥",""
"\n<\n[3]>あぅぅぅぅぅぅぅ♥♥♥","\n<\n[3]>あぅぅぅぅぅぅぅ♥♥♥",""
"\n<\n[3]>あぅ・・・
ちょ、ちょっと待って・・・！
休憩しましょ・・・！","\n<\n[3]>あぅ・・・
ちょ、ちょっと待って・・・！
休憩しましょ・・・！",""
"属性：獣　弱点：キス","属性：獣　弱点：キス",""
"0:騎乗位 1:ぐりぐり 2:キス騎乗位 3:フェラ","0:騎乗位 1:ぐりぐり 2:キス騎乗位 3:フェラ",""
"\n<\n[3]>何回もお金払ってぴゅっぴゅしたもんね。
もうあたしに負け癖付けられちゃってるんじゃない？
勝てるかなー？","\n<\n[3]>何回もお金払ってぴゅっぴゅしたもんね。
もうあたしに負け癖付けられちゃってるんじゃない？
勝てるかなー？",""
"\n<\n[3]>んふふ♥
どっちが先にイっちゃうかな？
我慢比べだよ！","\n<\n[3]>んふふ♥
どっちが先にイっちゃうかな？
我慢比べだよ！",""
"\n<\n[3]>はぁ・・・はぁ・・・♥
ダメだ・・・イっちゃう！
こんなの耐えらんな・・・いっ！","\n<\n[3]>はぁ・・・はぁ・・・♥
ダメだ・・・イっちゃう！
こんなの耐えらんな・・・いっ！",""
"\n<\n[3]>にゃぁぁぁぁぁぁぁぁぁ♥","\n<\n[3]>にゃぁぁぁぁぁぁぁぁぁ♥",""
"\n<\n[3]>はう・・・♥
す、凄い・・・
これはマズいかも。","\n<\n[3]>はう・・・♥
す、凄い・・・
これはマズいかも。",""
"\n<\n[3]>えー、つまらないよ。
ギブアップは精液出なくなってから言って！","\n<\n[3]>えー、つまらないよ。
ギブアップは精液出なくなってから言って！",""
"0:バック 1:締め付ける 2:舐めさせ 3:誘惑 4:必殺","0:バック 1:締め付ける 2:舐めさせ 3:誘惑 4:必殺",""
"\n<\n[3]>どーしたビビってんのにゃぁ？
後ろからチンポ突っ込めばいいにゃん♥
ほら♥入れて自滅しろ♥","\n<\n[3]>どーしたビビってんのにゃぁ？
後ろからチンポ突っ込めばいいにゃん♥
ほら♥入れて自滅しろ♥",""
"\n<\n[3]>お前の有利な体位でヤラせてやるにゃん♥
これなら少しは楽しめるにゃぁ？","\n<\n[3]>お前の有利な体位でヤラせてやるにゃん♥
これなら少しは楽しめるにゃぁ？",""
"\n<\n[3]>はぁ・・・はぁ・・・♥
や、やばいにゃ・・・♥
こうなったら一か八かにゃん！","\n<\n[3]>はぁ・・・はぁ・・・♥
や、やばいにゃ・・・♥
こうなったら一か八かにゃん！",""
"\n<\n[3]>イ、イク前に滅茶苦茶に腰振って
お前のチンポ犯しまくってやるし・・・♥","\n<\n[3]>イ、イク前に滅茶苦茶に腰振って
お前のチンポ犯しまくってやるし・・・♥",""
"\n<\n[3]>か、覚悟はいいにゃん？
アタシもヤバイけど、い、イカされるよりはマシにゃぁ・・・♥
耐えられるにゃぁ・・・？","\n<\n[3]>か、覚悟はいいにゃん？
アタシもヤバイけど、い、イカされるよりはマシにゃぁ・・・♥
耐えられるにゃぁ・・・？",""
"\C[10]動けない","\C[10]動けない",""
"\n<\n[3]>ず、ずるいにゃ！！
アタシのターン・・・
にゃ・・・♥","\n<\n[3]>ず、ずるいにゃ！！
アタシのターン・・・
にゃ・・・♥",""
"\n<\n[3]>何にゃコイツ！
何にゃコイツ！！","\n<\n[3]>何にゃコイツ！
何にゃコイツ！！",""
"\n<\n[3]>やっぱりお前が下にゃん！
アタシが上になるし！","\n<\n[3]>やっぱりお前が下にゃん！
アタシが上になるし！",""
"0:騎乗位 1:ふりふり騎乗 2:キス騎乗 3:フェラ 4:必殺","0:騎乗位 1:ふりふり騎乗 2:キス騎乗 3:フェラ 4:必殺",""
"\n<\n[3]>お前はアタシの下であんあん喘いでるのがお似合いにゃ！","\n<\n[3]>お前はアタシの下であんあん喘いでるのがお似合いにゃ！",""
"0:パイズリ 1:パイズリ交互 2:パイズリフェラ 3:乳首挿入 4:必殺","0:パイズリ 1:パイズリ交互 2:パイズリフェラ 3:乳首挿入 4:必殺",""
"\n<\n[3]>パイズリ好きだもんねー\n[1]♥
これで何回ぴゅっぴゅしたかなー？覚えてるー？
負けさせてあげるねー♥いつもみたいに♥","\n<\n[3]>パイズリ好きだもんねー\n[1]♥
これで何回ぴゅっぴゅしたかなー？覚えてるー？
負けさせてあげるねー♥いつもみたいに♥",""
"\n<\n[3]>もう怒ったもんねー。
\n[1]なんかすぐにゅるにゅるして
ぴゅっぴゅさせるから！","\n<\n[3]>もう怒ったもんねー。
\n[1]なんかすぐにゅるにゅるして
ぴゅっぴゅさせるから！",""
"\n<\n[3]>あぁ・・・♥溶けちゃうよぉー♥
もうダメぇ・・・♥","\n<\n[3]>あぁ・・・♥溶けちゃうよぉー♥
もうダメぇ・・・♥",""
"\n<\n[3]>イってぇ♥中に出してよぉ♥
溶けちゃう前にぴゅっぴゅしてぇ♥
はぁ・・・♥はぁ・・・♥","\n<\n[3]>イってぇ♥中に出してよぉ♥
溶けちゃう前にぴゅっぴゅしてぇ♥
はぁ・・・♥はぁ・・・♥",""
"\n<\n[3]>欲しい♥精液も・・・♥
\n[1]の全部が欲しいよぉ♥
はぁ♥はぁ♥おいでぇ♥","\n<\n[3]>欲しい♥精液も・・・♥
\n[1]の全部が欲しいよぉ♥
はぁ♥はぁ♥おいでぇ♥",""
"\C[10]中に出したい・・・","\C[10]中に出したい・・・",""
"\n<\n[3]>あぁー♥らめ！らめぇー♥
もうやめ・・・♥
あっあっ♥","\n<\n[3]>あぁー♥らめ！らめぇー♥
もうやめ・・・♥
あっあっ♥",""
"\n<\n[3]>あぁぁぁぁぁぁぁぁ♥♥♥","\n<\n[3]>あぁぁぁぁぁぁぁぁ♥♥♥",""
"\n<\n[3]>あぁ・・・溶けちゃいそう・・・♥
こんなの初めて・・・♥","\n<\n[3]>あぁ・・・溶けちゃいそう・・・♥
こんなの初めて・・・♥",""
"\n<\n[3]>はぁ・・・はぁ・・・♥
\n[1]・・・きて・・・♥","\n<\n[3]>はぁ・・・はぁ・・・♥
\n[1]・・・きて・・・♥",""
"\n<\n[3]>もっととろとろになろー・・・♥
えへへ♥","\n<\n[3]>もっととろとろになろー・・・♥
えへへ♥",""
"\n<\n[3]>んふふー♥
我慢できなくなったんだねー♥
いいよー♥食べてあげるー♥","\n<\n[3]>んふふー♥
我慢できなくなったんだねー♥
いいよー♥食べてあげるー♥",""
"0:足コキ 1:太ももコキ 2:ぐりぐり 3:キス 4:必殺","0:足コキ 1:ぐりぐり 2:太ももコキ 3:キス 4:必殺",""
"\n<\n[3]>私で何回も射精した癖に♥
あんたがやる気でも、チンポは負けたがってるわ？
ねぇ♥もう震えて泣き出しそう♥","\n<\n[3]>私で何回も射精した癖に♥
あんたがやる気でも、チンポは負けたがってるわ？
ねぇ♥もう震えて泣き出しそう♥",""
"\n<\n[3]>これが最後の戦いよ。
ま、あんたなんて勝負にならないでしょうけど。
干乾びてから後悔することね。","\n<\n[3]>これが最後の戦いよ。
ま、あんたなんて勝負にならないでしょうけど。
干乾びてから後悔することね。",""
"\n<\n[3]>ダメ・・・もうイキそう・・・
あんた・・・本当にいいの・・・？","\n<\n[3]>ダメ・・・もうイキそう・・・
あんた・・・本当にいいの・・・？",""
"\n<\n[3]>今ならまだ精奴隷に戻してあげるわ・・・♥
ねぇ♥また何回でも♥ううん♥
何万回でも精液搾り取ってあげるから・・・♥","\n<\n[3]>今ならまだ精奴隷に戻してあげるわ・・・♥
ねぇ♥また何回でも♥ううん♥
何万回でも精液搾り取ってあげるから・・・♥",""
"\n<\n[3]>好き・・・♥\n[1]・・・♥
勝負なんてやめて・・・♥
私の中にちょうだい・・・♥","\n<\n[3]>好き・・・♥\n[1]・・・♥
勝負なんてやめて・・・♥
私の中にちょうだい・・・♥",""
"\C[10]中出しする","\C[10]中出しする",""
"\n<\n[3]>あぁ！！こ！！コイツ！！
やめなさい！！やめなさいってばぁ！！
あぁぁぁ！！","\n<\n[3]>あぁ！！こ！！コイツ！！
やめなさい！！やめなさいってばぁ！！
あぁぁぁ！！",""
"\n<\n[3]>いやぁぁぁぁぁぁぁぁ♥♥♥","\n<\n[3]>いやぁぁぁぁぁぁぁぁ♥♥♥",""
"\n<\n[3]>ちっ・・・♥
な、なんなのよ・・・♥はぁ・・・♥はぁ・・・♥
なんなのよあんた・・・！！","\n<\n[3]>ちっ・・・♥
な、なんなのよ・・・♥はぁ・・・♥はぁ・・・♥
なんなのよあんた・・・！！",""
"\n<\n[3]>ほら。後ろから突きなさい。
入れて、勝手に腰振って自滅しなさい。","\n<\n[3]>ほら。後ろから突きなさい。
入れて、勝手に腰振って自滅しなさい。",""
"0:バック 1:腰振り 2:ぐりぐり 3:誘惑 4:必殺","0:バック 1:腰振り 2:ぐりぐり 3:誘惑 4:必殺",""
"\n<\n[3]>すぐ昇天させてあげる♥","\n<\n[3]>すぐ昇天させてあげる♥",""
"\n<\n[3]>ふーん。
何？諦めたら許して貰えると思った？
ダメよ。搾り尽くしてあげる。","\n<\n[3]>ふーん。
何？諦めたら許して貰えると思った？
ダメよ。搾り尽くしてあげる。",""
"0:吐息 1:舐め 2:しゃぶり 3:もぐもぐ","0:吐息 1:舐め 2:しゃぶり 3:もぐもぐ","0:Breath 1:Licking 2:Sucking 3:Munch munch"
"摘まみ上げられてしまった・・・！","摘まみ上げられてしまった・・・！","You were lifted up...!"
"\n<\n[3]>なに食べられそうなのに勃起してるの？
ふーん・・・♥
そういうの好きなの？くすくす♥","\n<\n[3]>なに食べられそうなのに勃起してるの？
ふーん・・・♥
そういうの好きなの？くすくす♥","\n<\n[3]>You're getting turned on even though you're
about to be eaten? Hmmm...♥
Are you enjoying this? Hee hee♥"
"\n<\n[3]>早く逃げないと食べちゃうわよー？
あはははは♥","\n<\n[3]>早く逃げないと食べちゃうわよー？
あはははは♥","\n<\n[3]>You know if you don't escape, you'll be eaten, right?
Ahahaha♥"
"なんとかしてこの状況から抜け出さないと・・・！","なんとかしてこの状況から抜け出さないと・・・！","I've gotta get out of this mess somehow...!"
"戦闘開始","戦闘開始","Start battle"
"説明","説明","Explanation"
"ミニマムバトルでは通常のスキルが使用できず
コマンドが特殊なものに変更されます。","ミニマムバトルでは通常のスキルが使用できず
コマンドが特殊なものに変更されます。","Normal skills may not be used during shrunken battles.
Special skills are available."
"『暴れる』『わめく』『もがく』などの行動で
相手にダメージを与え振り払うことが出来れば勝利です。
精力が0になると射精して敗北です。","『暴れる』『わめく』『もがく』などの行動で
相手にダメージを与え振り払うことが出来れば勝利です。
精力が0になると射精して敗北です。","Using 『Rampage』, 『Screaming』, and 『Struggling』,
you can damage your opponent, and free yourself.
If energy reaches 0, you'll ejaculate and be defeated."
"また、ターン経過によって敵の行動が激しくなります。
例）
吐息吹きかけ→舐める→咥える→口に含む","また、ターン経過によって敵の行動が激しくなります。
例）
吐息吹きかけ→舐める→咥える→口に含む","The enemy's actions will grow more intense as
the turns progress, as so:
Breathing→Licking→Sucking→Put in mouth"
"\C[14]『もがく』\C[0]スキルを使用することで
敵の行動を1段階戻すことが出来ます。","\C[14]『もがく』\C[0]スキルを使用することで
敵の行動を1段階戻すことが出来ます。","By using \C[14]『Struggle』\C[0], you can reverse
your enemy's action by one stage."
"\C[14]『暴れる』\C[0]：ダメージを与える　
\C[14]『わめく』\C[0]：ダメージ＋脱力
\C[14]『もがく』\C[0]：ダメージ＋敵の行動を1段階戻す","\C[14]『暴れる』\C[0]：ダメージを与える　
\C[14]『わめく』\C[0]：ダメージ＋脱力
\C[14]『もがく』\C[0]：ダメージ＋敵の行動を1段階戻す","\C[14]『Rampage』\C[0]： Deals damage
\C[14]『Scream』\C[0]：Damage + Lower attack
\C[14]『Struggle』\C[0]：Damage + Reverse enemy actions"
"\n<\n[3]>そんなに食べられたくないの？
必死に暴れちゃって！","\n<\n[3]>そんなに食べられたくないの？
必死に暴れちゃって！","\n<\n[3]>You don't want to be eaten like this, do you?
Struggle with all your might!"
"\n<\n[3]>あーもう。
分かった分かった！","\n<\n[3]>あーもう。
分かった分かった！","\n<\n[3]>F-fine.
Enough, enough!"
"\n<\n[3]>大人しくしなさいよ。
無駄な抵抗しちゃって全く。","\n<\n[3]>大人しくしなさいよ。
無駄な抵抗しちゃって全く。","\n<\n[3]>Just behave yourself.
Your struggles are all for nothing."
"\n<\n[3]>もう抵抗しないの？
じゃあ食べちゃってもいいのね？
くすくす♥","\n<\n[3]>もう抵抗しないの？
じゃあ食べちゃってもいいのね？
くすくす♥","\n<\n[3]>Are you done struggling?
Then, may I eat you now?
Hee hee♥"
"\n<\n[3]>お人形さんみたいに小さな身体♥
ほぉら♥淫魔の吐息を吹きかけてあげる♥
はぁ～～・・・♥","\n<\n[3]>お人形さんみたいに小さな身体♥
ほぉら♥淫魔の吐息を吹きかけてあげる♥
はぁ～～・・・♥","\n<\n[3]>Your body is so tiny, like a doll♥
Hoora♥ Have a puff of succubus breath♥
Haaaah～～...♥"
"\n<\n[3]>味見しちゃお♥
れろぉ・・・♥","\n<\n[3]>味見しちゃお♥
れろぉ・・・♥","\n<\n[3]>Let's have a taste♥
Lick...♥"
"\n<\n[3]>身体ごとフェラしてあげる♥
耐えられるかしら。
じゅるるる♥","\n<\n[3]>身体ごとフェラしてあげる♥
耐えられるかしら。
じゅるるる♥","\n<\n[3]>I'll give your whole body a blowjob♥
I wonder if you can endure.
Sluuuuurp♥"
"\n<\n[3]>逃げないの？
じゃあ口の中でぐちゅぐちゅにしてあげる♥
あーん♥","\n<\n[3]>逃げないの？
じゃあ口の中でぐちゅぐちゅにしてあげる♥
あーん♥","\n<\n[3]>You haven't escaped yet?
Then I'll have you squirt inside my mouth♥
Ahhhhn♥"
"0:手コキ 1:キス 2:胸見せ 3:尻コキ","",""
"ベルーチェ","",""
"属性：人　弱点：胸","",""
"チョコレ","","Chocolat"
"0:顔舐め 1:キス手コキ 2:ベロチュー手コキ 3:穴責め","","0:Face licking 1:Kissing handjob 2:French kiss 3:Hole torture"
"\n<\n[3]>ペニスは刺激を与えられると
精液を吐き出しちゃうように出来てるんれすよ？
ほら、どうせ出しちゃうんれす♥我慢しないれ♥","","\n<\n[3]>So when provided stimulation, the penis will spit
out semen? I'm going to squeeze some out either way♥
Don't try to resist♥"
"\n<\n[3]>くひひ♥もうカッチカチれすね♥
敵に興奮して大きくしちゃうなんて
流石ハンターさんれす♥","","\n<\n[3]>Kuheehee♥ It's already twitching♥
Getting excited and swelling up for your enemy,
I'd expect no less from you, hunter♥"
"\n<\n[1]>（うぁ・・・！出る・・・！！
でも・・・
絶対・・・耐えないと・・・！！！）","","\n<\n[1]>(Uwah...! I'm gonna cum...!!
But...
I absolutely... Need to endure...!!!)"
"ダメだ・・・！
絶対に負けられない・・・！","","No way...!
I can't afford to lose this...!"
"\n<\n[3]>あれ～？今イっちゃいそうれしたぁ？
くすくす♥
そんなに興奮しちゃったんれすかぁ？","","\n<\n[3]>Ahhh～? Were you just about to cum?
Tee hee♥
Are you really that excited?"
"\n<\n[3]>あうぅぅぅう・・・♥
ま、またイっちゃう・・・！！
負けちゃいますぅ・・・！！","","\n<\n[3]>Ahhhhhnnn...♥
I-I'm cumming again...!!
I'm gonna lose...!!"
"\n<\n[3]>あうあうあうあう！！
な、なんか来ちゃいますよぉ♥
凄いの来る・・・♥♥♥","","\n<\n[3]>Ahn, ahn,ahn, ahn!!
S-something's coming♥
Something incredible is coming...♥♥♥"
"\n<\n[3]>ああぁぁぁぁぁぁぁぁん♥♥♥","","\n<\n[3]>Aaaaahhhhhhhhhhnnn♥♥♥"
"\n<\n[3]>はぅぅ・・・♥
き、気持ちいいれす・・・♥
またイカされちゃいますよぅ♥","","\n<\n[3]>Haaah...♥
F-Feels so good...♥
Make me cum again♥"
"\n<\n[3]>はぅぅ・・・♥
き、気持ちいいれす・・・♥
何かじわじわと・・・上がってきます・・・♥","","\n<\n[3]>Haaahh...♥
S-so good...♥
Something is slowly... Rising up...♥"
"\n<\n[3]>おや、これは想定外の反応れす。
まさかここにきて、自ら敗北を選択するとは。
人は時に理解を超える選択をします♥くすくす♥","","\n<\n[3]>Oh my, I never would have expected this.
I can't believe you'd come all this way just to surrender.
Sometimes humans go way over my head♥ Tee hee♥"
"0:顔騎 1:ぱふぱふ 2:擦り付け 3:騎乗位","",""
"0ﾌｨﾘ 1ﾏｰｶﾞﾚ 2ｻｷｭ 3ｱｲﾘ 4ﾕｲﾈ 5ｼｬﾙ 6ﾁｭｰ 7ﾏｵ8ﾘﾘｽ 9ﾌｪﾗ高 10ﾌｪﾗ中 
11ﾌｪﾗ低 12ﾄﾙﾃ 13ｷﾙｼｭ 14ｼｰﾌﾟ15ｼｨﾅ 16ｴｲﾐｰ 17ｷｴﾘ 18ﾉﾉ 19ﾘﾘﾌｪﾗ
20ﾅｰｽ 21ﾘｯﾌﾟｽ 22ﾎﾟﾘｰ 23ｻｷｭﾊﾞｽ 24ﾛｰｽﾞ 25ｳｨｯﾁ 26ﾋｭﾌﾟﾉ 27ｱﾘｽ
28ｽﾗｲﾑ 29夢喰い 30ﾛﾘA 31ﾛﾘB 32ﾛﾘC 33ﾌﾟﾘｽﾞﾏ 34ﾘﾘに 35ﾉﾉｷｽ
36ｼﾙｷ 37ｴﾙﾌ 38ﾀｺ 39ｴﾗｯﾀ　40普通A 41普通B 43普通C 44ｱﾆﾏ
45ﾗﾐｱ 47ﾙﾅ 48猫 49ﾕｲﾈ 50ﾏｷｻ 51ｳｫﾙﾌ 52ｽﾗﾐｰ 53ﾗｲﾑ 54ｱｰｺ","",""
"55ﾘﾘｰ 56ﾛﾒ 57ﾗｲﾑB 58ﾘﾘｰ強気","",""
"とら","",""
"0:パイズリ 1:はさみつぶす 2:なめる","","0:Tit fuck 1: Squeezing 2: Licking"
"無理やり押さえつけられた！
分が悪い・・・今は逃げた方がいいかもしれない・・・！","","You've been pinned down!
This isn't good... It might be best to run away...!"
"\n<\n[3]>あーハラ減った！
すーぐ喰ってヤル。
抵抗すんなよー。がおー。","","\n<\n[3]>I was soooo hungry!
I'm gonna eat so much!
Better not resist. Roar!!"
"\n<\n[3]>はぁ・・・はぁ・・・♥
ま、まってよう・・・！
気持ちいいの来る・・・！！","","\n<\n[3]>Hah... Hah...♥
J-just hold on...!
It feels so good...!!"
"\n<\n[3]>んにゃおおおおん・・・！！","","\n<\n[3]>Myaaaaaaoooowww...!"
"\n<\n[3]>にゃおん・・・！
なんだァ？てめェ・・・","","\n<\n[3]>Meoooww...!
What the? What did you..."
"\n<\n[3]>もう動けなくなった。雑魚。
あーあ。
活きが悪い獲物はあんまり美味そうじゃねーなぁ。","","\n<\n[3]>You've already stopped resisting. Weakling.
Aaahhhh...
Weak prey just doesn't quite taste the same."
"とらのまたたびをぶちまけた！","","Scattered the Tiger's Silver Vine!"
"\n<\n[3]>んにゃおー！
それオレのまたたびじゃんか！
あっ♥あっ♥勝手に使うなー！","","\n<\n[3]>Myaoooow!
Is that my silver vine!?
Ahhn♥ Ahhn♥ Don't use that without permission!"
"とらはラリった！
とらのステータスが激減した！","","Tiger got high!
Tiger's stats have all plummeted!"
"\n<\n[3]>おあぁ・・・！
んにゃぉ♥
やば♥これ♥","","\n<\n[3]>Ahhhhh...!
Meoooow♥
Oh nooo♥ Oh you♥"
"\n<\n[3]>犯してヤル♥犯してヤル♥
くくく♥覚悟しろよー。
へへへへへー♥","","\n<\n[3]>Let's fuck♥ Let's fuck♥
Kukuku♥ Get ready.
Hehehehehe♥"
"0:うちつける 1:騎乗位 2:ぐりぐり","","0:Pound 1:Cowgirl 2:Grind"
"\n<\n[3]>あはは♥
アタシとヤろうってのか♥
挑んだこと、後悔させてやるよ。","","\n<\n[3]>Ahaha♥
You and I are gonna fuck♥
I'll make you regret coming here."
"\n<\n[3]>ちょっと待て・・・！
いや、待って・・・！！
なんで、こんな・・・ッ！","","\n<\n[3]>Wait...!
No, wait...!!
Wh-what's... Why...!!"
"\n<\n[3]>あぁぁぁぁぁ！！！！","","\n<\n[3]>Aaaaaahhh!!!!"
"\n<\n[3]>はぁ・・・はぁ・・・
やるじゃねーか♥","","\n<\n[3]>Hah... Hahh...
Keep it coming♥"
"\n<\n[3]>オマエもオークのオスと同じだな♥
アタシのケツを見たら精子出したくて
それ以外のことが考えられなくなる♥あははは！！","","\n<\n[3]>You're just like the male orcs♥
The moment you see my ass, all you can think about
is shooting your sperm inside it♥ Ahahaha!!"
"0:パイズリ 1:パイズリ交互 2:パフパフ","","0: Paizuri 1:Alternating Paizuri 2: Puff Puff"
"\n<\n[3]>ふふ♥アナタとっても美味しそう♥
食べちゃってもいいかしら♥","","\n<\n[3]>Fufu♥ You look quite delicious♥
I wonder how you'll taste♥"
"\n<\n[3]>あっあっあっ・・・！！","","\n<\n[3]>Ahn, ahn, ahn...!!"
"\n<\n[3]>あぁぁぁぁイクゥゥゥ！！！！","","\n<\n[3]>Aaaahhhhh, cumming!!!!"
"\n<\n[3]>何よ・・・！
何なのこの子・・・！","","\n<\n[3]>What that...!
Who do you think you are...!"
"\n<\n[3]>締め付けすぎてぐったりしちゃった？
ペニスはこんなにギンギンなのに。
あはは♥","","\n<\n[3]>Are you exhausted from being crushed?
Even though your penis is still twitching?
Ahaha♥"
"0:フェラ 1:舐め 2:ちんキス","","0: Blowjob 1: Licking 2: Cock kiss"
"\n<\n[3]>可愛いお嬢さん♥
食べちゃってもいいかしら♥
くすくす♥","","\n<\n[3]>What a cute little lady♥
I wonder how you taste♥
Tee hee♥"
"\n<\n[3]>可愛いボウヤね♥
食べちゃいたい♥
くす♥","","\n<\n[3]>What a cute young man♥
I really want to eat you♥
Hee♥"
"\n<\n[3]>イ・・・イっちゃう・・・！！","","\n<\n[3]>I... I'm cumming...!!"
"\n<\n[3]>あぁぁぁぁん！！！！","","\n<\n[3]>Ahhhhnnn!!!!"
"\n<\n[3]>ん・・・！！
やるじゃない・・・♥","","\n<\n[3]>Nnn...!!
Cut that out...♥"
"\n<\n[3]>あらあら。抵抗しないのね。
諦めたら後は食べられるだけなのに。
本当にそれでいいの？ふふ♥","","\n<\n[3]>Oh my, you've stopped resisting.
You know once you give up, you're being eaten.
Is that really fine with you? Fufu♥"
"0:バック 1:アナル挿入 2:舐めさせ 3:誘惑","0:バック 1:アナル挿入 2:舐めさせ 3:誘惑",""
"リリス","リリス",""
"0:胸圧迫 1:胸交互 2:胸 3:パイズリフェラ","0:胸圧迫 1:胸交互 2:胸 3:パイズリフェラ",""
"\n<\n[3]>ほーら捕まえた！もう逃げられないヨ♥","\n<\n[3]>ほーら捕まえた！もう逃げられないヨ♥",""
"※淫魔との戦闘では\C[24]『SP（精力ポイント）』\C[0]が0になると
射精してしまい敗北となります。","※淫魔との戦闘では\C[24]『SP（精力ポイント）』\C[0]が0になると
射精してしまい敗北となります。",""
"\n<\n[3]>いい顔になってきたネ♥
じゃあ、食べてアゲル♥","\n<\n[3]>いい顔になってきたネ♥
じゃあ、食べてアゲル♥",""
"\n<\n[3]>えへへへ♥気持ちいい？
ほら、おっぱい触ったりしていいんだヨ？
ボクのコトも気持ちよくして。出来るもんならネ♥","\n<\n[3]>えへへへ♥気持ちいい？
ほら、おっぱい触ったりしていいんだヨ？
ボクのコトも気持ちよくして。出来るもんならネ♥",""
"\C[24]『胸を揉む』『尻を揉む』『アソコを責める』\C[0]
スキルを覚えた！
※\C[24]HP（体力）\C[0]を消費して相手の弱点を狙うことが出来ます。","\C[24]『胸を揉む』『尻を揉む』『アソコを責める』\C[0]
スキルを覚えた！
※\C[24]HP（体力）\C[0]を消費して相手の弱点を狙うことが出来ます。",""
"\n<\n[3]>あれ？もうイキそうになってる？
出してもいいケド、もうちょっと楽しみたいナー。","\n<\n[3]>あれ？もうイキそうになってる？
出してもいいケド、もうちょっと楽しみたいナー。",""
"\n<\n[3]>ほら息吸ってー・・・
吐いてー・・・
落ち着いた？","\n<\n[3]>ほら息吸ってー・・・
吐いてー・・・
落ち着いた？",""
"\C[24]『深呼吸』\C[0]スキルを覚えた！
※息を整えて\C[24]精力(SP)\C[0]を回復することが出来ます。","\C[24]『深呼吸』\C[0]スキルを覚えた！
※息を整えて\C[24]精力(SP)\C[0]を回復することが出来ます。",""
"\n<\n[3]>ボクのおっぱいでびゅーってしたら
超気持ちいいんだヨ♥","\n<\n[3]>ボクのおっぱいでびゅーってしたら
超気持ちいいんだヨ♥",""
"\n<\n[3]>どれだけ強い人でも最後にはみんな
あへあへ言ってバカになっちゃうノ。","\n<\n[3]>どれだけ強い人でも最後にはみんな
あへあへ言ってバカになっちゃうノ。",""
"\n<\n[3]>くすくす♥
試してみる？","\n<\n[3]>くすくす♥
試してみる？",""
"\C[24]『諦める』『追い込む』『おねだり』\C[0]スキルを覚えてしまった・・・
※自滅用スキルです。使用しないでください。","\C[24]『諦める』『追い込む』『おねだり』\C[0]スキルを覚えてしまった・・・
※自滅用スキルです。使用しないでください。",""
"※戦闘中の操作説明
Shiftキー：戦闘高速化　ON/OFF切替　　　　 ここに表示されます→
試しに押してみてください。","※戦闘中の操作説明
Shiftキー：戦闘高速化　ON/OFF切替　　　　 ここに表示されます→
試しに押してみてください。",""
"右クリック：ウィンドウ非表示
Qキー　　 ：自動文字送り　ON/OFF切替　　
Ctlrキー  ：メッセージスキップ","右クリック：ウィンドウ非表示
Qキー　　 ：自動文字送り　ON/OFF切替　　
Ctlrキー  ：メッセージスキップ",""
