"降竜剣","Dragon Sword"
"ドラゴンの力を纏わせた大剣
斬撃　3方向短　隙45　貫通","A large sword with the power of a dragon
Slashing 3 directions short gap 45 penetration"
"<shotWay:3>
<shotSpace:0.3>
<shotCount:20>
<shotSpeed:0.2>
<shotInterval:45>
<shotType:4>
<shotIndex:35>
<shotSkill:801>
<shotSeName:Sword4>
<shotSeVolume:70>
<shotSePitch:150>","<shotWay:3>
<shotSpace:0.3>
<shotCount:20>
<shotSpeed:0.2>
<shotInterval:45>
<shotType:4>
<shotIndex:35>
<shotSkill:801>
<shotSeName:Sword4>
<shotSeVolume:70>
<shotSePitch:150>"
"お皿フリスビー","Plate frisbee"
"ひびが入って使い物にならない皿
打撃　2方向長　隙40","A dish that is cracked and unusable
Blow 2-way length gap 40"
"<shotWay:2>
<shotSpace:0.3>
<shotCount:30>
<shotSpeed:0.3>
<shotInterval:40>
<shotType:4>
<shotIndex:17>
<shotSkill:807>
<shotSeName:Sword5>
<shotSeVolume:70>
<shotSePitch:150>","<shotWay:2>
<shotSpace:0.3>
<shotCount:30>
<shotSpeed:0.3>
<shotInterval:40>
<shotType:4>
<shotIndex:17>
<shotSkill:807>
<shotSeName:Sword5>
<shotSeVolume:70>
<shotSePitch:150>"
"リンゴ","Apple"
"当たると痛い
打撃　1方向長　隙40","It hurts when hit
Blow 1 direction long gap 40"
"<shotWay:1>
<shotSpace:0.3>
<shotCount:40>
<shotSpeed:0.2>
<shotInterval:40>
<shotType:3>
<shotIndex:34>
<shotSkill:799>
<shotSeName:Wind7>","<shotWay:1>
<shotSpace:0.3>
<shotCount:40>
<shotSpeed:0.2>
<shotInterval:40>
<shotType:3>
<shotIndex:34>
<shotSkill:799>
<shotSeName:Wind7>"
"失敗作","Failure work"
"錬金に失敗して出来た身体に悪そうな薬
水　1方向長　隙35","A drug that seems to be harmful to the body made by failing alchemy
Water 1 direction long gap 35"
"<shotWay:1>
<shotSpace:0.3>
<shotCount:40>
<shotSpeed:0.2>
<shotInterval:35>
<shotType:3>
<shotIndex:25>
<shotSkill:804>
<shotSeName:Wind7>","<shotWay:1>
<shotSpace:0.3>
<shotCount:40>
<shotSpeed:0.2>
<shotInterval:35>
<shotType:3>
<shotIndex:25>
<shotSkill:804>
<shotSeName:Wind7>"
"ハリルの剣","Haril's sword"
"亡き父の愛用した剣　よく手入れされている
斬撃　2方向短　隙40　貫通","The sword used by his late father is well maintained
Slashing 2-way short gap 40 penetration"
"<shotWay:2>
<shotSpace:0.1>
<shotCount:15>
<shotSpeed:0.25>
<shotInterval:40>
<shotType:4>
<shotIndex:34>
<shotSkill:817>
<shotSeName:Sword4>
<shotSeVolume:70>
<shotSePitch:150>","<shotWay:2>
<shotSpace:0.1>
<shotCount:15>
<shotSpeed:0.25>
<shotInterval:40>
<shotType:4>
<shotIndex:34>
<shotSkill:817>
<shotSeName:Sword4>
<shotSeVolume:70>
<shotSePitch:150>"
"ベアスロー","Bear throw"
"クマリを投げる
打撃　1方向長　隙120","Throw Kumari
Hitting 1 direction long gap 120"
"<shotWay:1>
<shotSpace:0.3>
<shotCount:60>
<shotSpeed:0.15>
<shotInterval:120>
<shotType:4>
<shotIndex:22>
<shotSkill:803>
<shotSeName:Wind7>","<shotWay:1>
<shotSpace:0.3>
<shotCount:60>
<shotSpeed:0.15>
<shotInterval:120>
<shotType:4>
<shotIndex:22>
<shotSkill:803>
<shotSeName:Wind7>"
"試験管","Test tube"
"毒薬を詰めた試験管をばらまく
水　5方向長　隙60","Disperse test tubes filled with poison
Water 5 directions long gap 60"
"<shotWay:5>
<shotSpace:0.3>
<shotCount:40>
<shotSpeed:0.2>
<shotInterval:40>
<shotType:3>
<shotIndex:29>
<shotSkill:804>","<shotWay:5>
<shotSpace:0.3>
<shotCount:40>
<shotSpeed:0.2>
<shotInterval:40>
<shotType:3>
<shotIndex:29>
<shotSkill:804>"
"踊り子の扇子","Dancer fan"
"踊りながら扇子をばらまく
誘惑　9方向長　隙100","Scatter the fan while dancing
Temptation 9 directions long gap 100"
"<shotWay:9>
<shotSpace:0.7>
<shotCount:40>
<shotSpeed:0.1>
<shotInterval:100>
<shotType:3>
<shotIndex:39>
<shotSkill:806>","<shotWay:9>
<shotSpace:0.7>
<shotCount:40>
<shotSpeed:0.1>
<shotInterval:100>
<shotType:3>
<shotIndex:39>
<shotSkill:806>"
"スカーレットリップ","Scarlet trip"
"投げキッスで敵を興奮させる
誘惑　2方向　隙30","Excite the enemy with a throwing kiss
Temptation 2 directions gap 30"
"<shotWay:2>
<shotSpace:0.5>
<shotCount:40>
<shotSpeed:0.1>
<shotInterval:30>
<shotType:3>
<shotIndex:40>
<shotSkill:806>
<shotSeName:lip00>","<shotWay:2>
<shotSpace:0.5>
<shotCount:40>
<shotSpeed:0.1>
<shotInterval:30>
<shotType:3>
<shotIndex:40>
<shotSkill:806>
<shotSeName:lip00>"
"～斬撃系武器～","~ Slashing weapons ~"
"フェザーソード","Feather sword"
"羽のように軽い剣
斬撃　3方向長　隙30","A sword as light as a feather
Slashing 3 directions long gap 30"
"<shotWay:3>
<shotSpace:0.5>
<shotCount:30>
<shotSpeed:0.3>
<shotInterval:45>
<shotType:4>
<shotIndex:36>
<shotSkill:811>
<shotSeName:Sword4>","<shotWay:3>
<shotSpace:0.5>
<shotCount:30>
<shotSpeed:0.3>
<shotInterval:45>
<shotType:4>
<shotIndex:36>
<shotSkill:811>
<shotSeName:Sword4>"
"鉄の剣","Iron sword"
"サントリナ製の安物量産品
斬撃　3方向短　隙45　貫通","Cheap mass-produced products made in Santolina
Slashing 3 directions short gap 45 penetration"
"<shotWay:3>
<shotSpace:0.4>
<shotCount:20>
<shotSpeed:0.2>
<shotInterval:45>
<shotType:4>
<shotIndex:35>
<shotSkill:801>
<shotSeName:Sword4>
<shotSeVolume:70>
<shotSePitch:150>","<shotWay:3>
<shotSpace:0.4>
<shotCount:20>
<shotSpeed:0.2>
<shotInterval:45>
<shotType:4>
<shotIndex:35>
<shotSkill:801>
<shotSeName:Sword4>
<shotSeVolume:70>
<shotSePitch:150>"
"果物ナイフ","Fruit Knife"
"リンゴの皮を向くナイフ
斬撃　1方向長　隙30","A knife used to cut fruit.
Slashing. 30% crit chance."
"<shotWay:1>
<shotSpace:0.3>
<shotCount:20>
<shotSpeed:0.5>
<shotInterval:30>
<shotType:3>
<shotIndex:0>
<shotSkill:802>
<shotSeName:Sword5>
<shotSeVolume:70>
<shotSePitch:150>","<shotWay:1>
<shotSpace:0.3>
<shotCount:20>
<shotSpeed:0.5>
<shotInterval:30>
<shotType:3>
<shotIndex:0>
<shotSkill:802>
<shotSeName:Sword5>
<shotSeVolume:70>
<shotSePitch:150>"
"設置型爆弾","Stationary bomb"
"敵が踏むと爆発する爆弾
炎　設置　隙50","A bomb that explodes when an enemy steps on it
Flame installation gap 50"
"<shotWay:1>
<shotSpace:0.5>
<shotCount:200>
<shotSpeed:0.0>
<shotInterval:50>
<shotType:3>
<shotIndex:36>
<shotSkill:808>
<shotSeName:key>","<shotWay:1>
<shotSpace:0.5>
<shotCount:200>
<shotSpeed:0.0>
<shotInterval:50>
<shotType:3>
<shotIndex:36>
<shotSkill:808>
<shotSeName:key>"
"ピアノ","piano"
"ピアノは打楽器
打撃　1方向短　隙200","Piano is a percussion instrument
Blow 1 direction short gap 200"
"<shotWay:1>
<shotSpace:0.15>
<shotCount:60>
<shotSpeed:0.10>
<shotInterval:200>
<shotType:5>
<shotIndex:17>
<shotSkill:809>
<shotSeName:chest1>","<shotWay:1>
<shotSpace:0.15>
<shotCount:60>
<shotSpeed:0.10>
<shotInterval:200>
<shotType:5>
<shotIndex:17>
<shotSkill:809>
<shotSeName:chest1>"
"投げ槍","Javelin"
"適当に投げてはいけない
斬撃　1方向長　隙60　貫通","Don't throw properly
Slashing 1-way long gap 60 penetration"
"<shotWay:1>
<shotSpace:0.3>
<shotCount:30>
<shotSpeed:0.25>
<shotInterval:60>
<shotType:4>
<shotIndex:6>
<shotSkill:813>
<shotSeName:Sword5>
<shotSeVolume:70>
<shotSePitch:50>","<shotWay:1>
<shotSpace:0.3>
<shotCount:30>
<shotSpeed:0.25>
<shotInterval:60>
<shotType:4>
<shotIndex:6>
<shotSkill:813>
<shotSeName:Sword5>
<shotSeVolume:70>
<shotSePitch:50>"
"光の槍","Spear of light"
"サテライトレーザー！
炎　1方向長　隙60","Satellite laser!
Flame 1-way long gap 60"
"<shotWay:1>
<shotSpace:0.3>
<shotCount:20>
<shotSpeed:0.4>
<shotInterval:45>
<shotType:5>
<shotIndex:7>
<shotSkill:812>
<shotSeName:Sword5>
<shotSeVolume:70>
<shotSePitch:50>","<shotWay:1>
<shotSpace:0.3>
<shotCount:20>
<shotSpeed:0.4>
<shotInterval:45>
<shotType:5>
<shotIndex:7>
<shotSkill:812>
<shotSeName:Sword5>
<shotSeVolume:70>
<shotSePitch:50>"
"ユビフエール","Ubifueru"
"一時的に指が2、3本増える薬
味方に当てると一時的に球数が増える","A drug that temporarily increases the number of fingers by a few
If you hit an ally, the number of balls will increase temporarily"
"<shotWay:1>
<shotSpace:0.3>
<shotCount:100>
<shotSpeed:0.2>
<shotInterval:40>
<shotType:3>
<shotIndex:34>
<shotSkill:815>","<shotWay:1>
<shotSpace:0.3>
<shotCount:100>
<shotSpeed:0.2>
<shotInterval:40>
<shotType:3>
<shotIndex:34>
<shotSkill:815>"
"ビッグクマリ","Big Kumari"
"クマリが巨大化して敵を切り刻む
斬撃　1方向短い　隙200","Kumari becomes huge and chops the enemy
Slashing 1 direction short gap 200"
"<shotWay:1>
<shotSpace:0.2>
<shotCount:30>
<shotSpeed:0.1>
<shotInterval:200>
<shotType:5>
<shotIndex:23>
<shotSkill:805>
<shotSeName:Monster6>","<shotWay:1>
<shotSpace:0.2>
<shotCount:30>
<shotSpeed:0.1>
<shotInterval:200>
<shotType:5>
<shotIndex:23>
<shotSkill:805>
<shotSeName:Monster6>"
"火の魔導書没","Fire spellbook death"
"ぷちファイアの魔法が使えるようになる超初級魔導書
炎　2方向短　隙45","A super-beginner spellbook that allows you to use the magic of Petit Fire
Flame 2-way short gap 45"
"<shotWay:2>
<shotSpace:0.3>
<shotCount:20>
<shotSpeed:0.2>
<shotInterval:45>
<shotType:4>
<shotIndex:39>
<shotSkill:818>
<shotSeName:Fire1>
<shotSeVolume:70>
<shotSePitch:150>","<shotWay:2>
<shotSpace:0.3>
<shotCount:20>
<shotSpeed:0.2>
<shotInterval:45>
<shotType:4>
<shotIndex:39>
<shotSkill:818>
<shotSeName:Fire1>
<shotSeVolume:70>
<shotSePitch:150>"
"雷の魔導書没","Thunder spellbook death"
"サンダーの魔法が使えるようになる初級魔導書
雷　1方向長　隙45　貫通","A beginner spellbook that lets you use thunder magic
Lightning  1-way  45 delay  Piercing"
"<shotWay:1>
<shotSpace:0.3>
<shotCount:40>
<shotSpeed:0.5>
<shotInterval:45>
<shotType:4>
<shotIndex:35>
<shotSkill:819>
<shotSeName:Thunder3>
<shotSeVolume:70>
<shotSePitch:150>","<shotWay:1>
<shotSpace:0.3>
<shotCount:40>
<shotSpeed:0.5>
<shotInterval:45>
<shotType:4>
<shotIndex:35>
<shotSkill:819>
<shotSeName:Thunder3>
<shotSeVolume:70>
<shotSePitch:150>"
"水の魔導書没","Water spellbook death"
"スプラッシュの魔法が使えるようになる初級魔導書
水　5方向短　隙45","A beginner's spellbook that allows you to use the magic of splash
Water 5 directions short gap 45"
"<shotWay:5>
<shotSpace:0.6>
<shotCount:20>
<shotSpeed:0.2>
<shotInterval:45>
<shotType:4>
<shotIndex:38>
<shotSkill:820>
<shotSeName:Water1>
<shotSeVolume:70>
<shotSePitch:150>","<shotWay:5>
<shotSpace:0.6>
<shotCount:20>
<shotSpeed:0.2>
<shotInterval:45>
<shotType:4>
<shotIndex:38>
<shotSkill:820>
<shotSeName:Water1>
<shotSeVolume:70>
<shotSePitch:150>"
"プリンキピア","Principia"
"自然の理を数学的に解いた本
水　8方向短　隙40","A book that mathematically solves the reason of nature
Water 8 directions short gap 40"
"<shotWay:8>
<shotSpace:0.7>
<shotCount:20>
<shotSpeed:0.2>
<shotInterval:40>
<shotType:4>
<shotIndex:38>
<shotSkill:820>
<shotSeName:Water1>
<shotSeVolume:70>
<shotSePitch:150>","<shotWay:8>
<shotSpace:0.7>
<shotCount:20>
<shotSpeed:0.2>
<shotInterval:40>
<shotType:4>
<shotIndex:38>
<shotSkill:820>
<shotSeName:Water1>
<shotSeVolume:70>
<shotSePitch:150>"
"炎の魔導書没","The magical book of fire"
"ファイアの魔法が使えるようになる初級魔導書
炎　3方向短　隙45","A beginner's spellbook that allows you to use the magic of fire
Flame 3 direction short gap 45"
"<shotWay:3>
<shotSpace:0.3>
<shotCount:20>
<shotSpeed:0.2>
<shotInterval:45>
<shotType:4>
<shotIndex:39>
<shotSkill:818>
<shotSeName:Fire1>
<shotSeVolume:70>
<shotSePitch:150>","<shotWay:3>
<shotSpace:0.3>
<shotCount:20>
<shotSpeed:0.2>
<shotInterval:45>
<shotType:4>
<shotIndex:39>
<shotSkill:818>
<shotSeName:Fire1>
<shotSeVolume:70>
<shotSePitch:150>"
"シューティングナイフ","Shooting knife"
"4方向にばらまくナイフ
斬撃　4方向　隙40","Knife scattered in 4 directions
Slashing 4 directions gap 40"
"<shotWay:4>
<shotSpace:0.5>
<shotCount:15>
<shotSpeed:0.5>
<shotInterval:40>
<shotType:3>
<shotIndex:0>
<shotSkill:802>
<shotSeName:Sword5>
<shotSeVolume:70>
<shotSePitch:150>","<shotWay:4>
<shotSpace:0.5>
<shotCount:15>
<shotSpeed:0.5>
<shotInterval:40>
<shotType:3>
<shotIndex:0>
<shotSkill:802>
<shotSeName:Sword5>
<shotSeVolume:70>
<shotSePitch:150>"
"暗黒魔法ダークネスエッジ","Dark magic darkness edge"
"ただし魔法は尻から出る
斬撃　1方向短　後方　隙45","However, the magic comes out of the butt
Slashing one-way short, rear gap 45"
"<shotWay:1>
<shotSpace:0.3>
<shotCount:20>
<shotSpeed:-0.2>
<shotInterval:45>
<shotType:5>
<shotIndex:35>
<shotSkill:821>
<shotSeName:Darkness3>
<shotSeVolume:70>
<shotSePitch:150>","<shotWay:1>
<shotSpace:0.3>
<shotCount:20>
<shotSpeed:-0.2>
<shotInterval:45>
<shotType:5>
<shotIndex:35>
<shotSkill:821>
<shotSeName:Darkness3>
<shotSeVolume:70>
<shotSePitch:150>"
"ハンドアックス","Hand ax"
"持ちやすいけど重たい斧
斬撃　1方向短　隙60","Easy to hold but heavy ax
Slashing 1-way short gap 60"
"<shotWay:1>
<shotSpace:0.3>
<shotCount:20>
<shotSpeed:0.20>
<shotInterval:60>
<shotType:3>
<shotIndex:2>
<shotSkill:822>
<shotSeName:Sword5>
<shotSeVolume:70>
<shotSePitch:50>","<shotWay:1>
<shotSpace:0.3>
<shotCount:20>
<shotSpeed:0.20>
<shotInterval:60>
<shotType:3>
<shotIndex:2>
<shotSkill:822>
<shotSeName:Sword5>
<shotSeVolume:70>
<shotSePitch:50>"
"バトルアックス","Battle ax"
"筋肉系の戦士が好む戦いの為の斧
斬撃　1方向短　隙60","Ax for battle preferred by muscular warriors
Slashing 1-way short gap 60"
"<shotWay:1>
<shotSpace:0.3>
<shotCount:20>
<shotSpeed:0.20>
<shotInterval:60>
<shotType:3>
<shotIndex:10>
<shotSkill:822>
<shotSeName:Sword5>
<shotSeVolume:70>
<shotSePitch:50>","<shotWay:1>
<shotSpace:0.3>
<shotCount:20>
<shotSpeed:0.20>
<shotInterval:60>
<shotType:3>
<shotIndex:10>
<shotSkill:822>
<shotSeName:Sword5>
<shotSeVolume:70>
<shotSePitch:50>"
"ヘビーアックス","Heavy ax"
"持ち上げるので精一杯な斧
斬撃　1方向短　隙90","I will lift it so I can do my best
Slashing 1-way short gap 90"
"<shotWay:1>
<shotSpace:0.3>
<shotCount:20>
<shotSpeed:0.20>
<shotInterval:90>
<shotType:4>
<shotIndex:11>
<shotSkill:823>
<shotSeName:Sword5>
<shotSeVolume:70>
<shotSePitch:50>","<shotWay:1>
<shotSpace:0.3>
<shotCount:20>
<shotSpeed:0.20>
<shotInterval:90>
<shotType:4>
<shotIndex:11>
<shotSkill:823>
<shotSeName:Sword5>
<shotSeVolume:70>
<shotSePitch:50>"
"雷撃の斧","Lightning ax"
"重たい上に痺れる斧
雷　1方向短　隙90　貫通","Heavy and numbing ax
Lightning 1-way short gap 90 penetration"
"<shotWay:1>
<shotSpace:0.3>
<shotCount:20>
<shotSpeed:0.20>
<shotInterval:90>
<shotType:4>
<shotIndex:13>
<shotSkill:824>
<shotSeName:Sword5>
<shotSeVolume:70>
<shotSePitch:50>","<shotWay:1>
<shotSpace:0.3>
<shotCount:20>
<shotSpeed:0.20>
<shotInterval:90>
<shotType:4>
<shotIndex:13>
<shotSkill:824>
<shotSeName:Sword5>
<shotSeVolume:70>
<shotSePitch:50>"
"巨人の斧","Giant ax"
"人の背丈より大きな巨人用の斧
斬撃　1方向短　隙120","An ax for giants larger than a person's height
Slashing 1-way short gap 120"
"<shotWay:1>
<shotSpace:0.3>
<shotCount:20>
<shotSpeed:0.20>
<shotInterval:120>
<shotType:5>
<shotIndex:11>
<shotSkill:822>
<shotSeName:Sword5>
<shotSeVolume:70>
<shotSePitch:50>","<shotWay:1>
<shotSpace:0.3>
<shotCount:20>
<shotSpeed:0.20>
<shotInterval:120>
<shotType:5>
<shotIndex:11>
<shotSkill:822>
<shotSeName:Sword5>
<shotSeVolume:70>
<shotSePitch:50>"
"審判の斧","Referee's ax"
"幾多の罪を半分にしてきた斧
斬撃　1方向短　隙180","An ax that has halved many sins
Slashing 1-way short gap 180"
"<shotWay:1>
<shotSpace:0.3>
<shotCount:20>
<shotSpeed:0.20>
<shotInterval:180>
<shotType:5>
<shotIndex:13>
<shotSkill:823>
<shotSeName:Sword5>
<shotSeVolume:70>
<shotSePitch:50>","<shotWay:1>
<shotSpace:0.3>
<shotCount:20>
<shotSpeed:0.20>
<shotInterval:180>
<shotType:5>
<shotIndex:13>
<shotSkill:823>
<shotSeName:Sword5>
<shotSeVolume:70>
<shotSePitch:50>"
"手裏剣","Shuriken"
"忍びの者が愛用する飛び道具
斬撃　3方向長　隙20","Projectiles used by Shinobi no Mono
Slashing 3 directions long gap 20"
"<shotWay:3>
<shotSpace:0.3>
<shotCount:20>
<shotSpeed:0.5>
<shotInterval:20>
<shotType:3>
<shotIndex:14>
<shotSkill:802>
<shotSeName:Sword5>
<shotSeVolume:70>
<shotSePitch:150>","<shotWay:3>
<shotSpace:0.3>
<shotCount:20>
<shotSpeed:0.5>
<shotInterval:20>
<shotType:3>
<shotIndex:14>
<shotSkill:802>
<shotSeName:Sword5>
<shotSeVolume:70>
<shotSePitch:150>"
"短剣","dagger"
"設計ミスで短くなり過ぎた剣
斬撃　1方向長　隙30","A sword that has become too short due to a design mistake
Slashing 1 direction long gap 30"
"<shotWay:1>
<shotSpace:0.3>
<shotCount:20>
<shotSpeed:0.5>
<shotInterval:30>
<shotType:3>
<shotIndex:9>
<shotSkill:802>
<shotSeName:Sword5>
<shotSeVolume:70>
<shotSePitch:150>","<shotWay:1>
<shotSpace:0.3>
<shotCount:20>
<shotSpeed:0.5>
<shotInterval:30>
<shotType:3>
<shotIndex:9>
<shotSkill:802>
<shotSeName:Sword5>
<shotSeVolume:70>
<shotSePitch:150>"
"ビースピア","Bee Spear"
"投げやすい小さな槍
斬撃　2方向長　隙40　貫通","A small spear that is easy to throw
Slashing 2 directions long gap 40 penetration"
"<shotWay:2>
<shotSpace:0.3>
<shotCount:20>
<shotSpeed:0.4>
<shotInterval:40>
<shotType:3>
<shotIndex:8>
<shotSkill:813>
<shotSeName:Sword5>
<shotSeVolume:70>
<shotSePitch:150>","<shotWay:2>
<shotSpace:0.3>
<shotCount:20>
<shotSpeed:0.4>
<shotInterval:40>
<shotType:3>
<shotIndex:8>
<shotSkill:813>
<shotSeName:Sword5>
<shotSeVolume:70>
<shotSePitch:150>"
"フォーク","fork"
"先が二股に分かれた投げやり
斬撃　1方向長　隙45","Throwing with a bifurcated tip
Slashing 1-way length gap 45"
"<shotWay:1>
<shotSpace:0.3>
<shotCount:25>
<shotSpeed:0.4>
<shotInterval:45>
<shotType:3>
<shotIndex:12>
<shotSkill:802>
<shotSeName:Sword5>
<shotSeVolume:70>
<shotSePitch:150>","<shotWay:1>
<shotSpace:0.3>
<shotCount:25>
<shotSpeed:0.4>
<shotInterval:45>
<shotType:3>
<shotIndex:12>
<shotSkill:802>
<shotSeName:Sword5>
<shotSeVolume:70>
<shotSePitch:150>"
"通販のナイフ","Mail order knife"
"一本買ったら同じものが二本ついてきた
斬撃　1方向長　隙30","When I bought one, two of the same ones came with me
Slashing 1 direction long gap 30"
"<shotWay:1>
<shotSpace:0.3>
<shotCount:20>
<shotSpeed:0.5>
<shotInterval:30>
<shotType:4>
<shotIndex:9>
<shotSkill:810>
<shotSeName:Sword5>
<shotSeVolume:70>
<shotSePitch:150>","<shotWay:1>
<shotSpace:0.3>
<shotCount:20>
<shotSpeed:0.5>
<shotInterval:30>
<shotType:4>
<shotIndex:9>
<shotSkill:810>
<shotSeName:Sword5>
<shotSeVolume:70>
<shotSePitch:150>"
"トライエッジ","Tri-edge"
"三本一組で確実に相手をしとめる剣
斬撃　1方向長　隙30","A sword that surely stops the opponent with a set of three
Slashing 1 direction long gap 30"
"<shotWay:1>
<shotSpace:0.3>
<shotCount:20>
<shotSpeed:0.4>
<shotInterval:30>
<shotType:4>
<shotIndex:15>
<shotSkill:810>
<shotSeName:Sword3>
<shotSeVolume:70>
<shotSePitch:150>","<shotWay:1>
<shotSpace:0.3>
<shotCount:20>
<shotSpeed:0.4>
<shotInterval:30>
<shotType:4>
<shotIndex:15>
<shotSkill:810>
<shotSeName:Sword3>
<shotSeVolume:70>
<shotSePitch:150>"
"流星の剣","Meteor sword"
"投げると三本に増える剣
斬撃　1方向長　隙30","A sword that increases to three when thrown
Slashing 1 direction long gap 30"
"<shotWay:1>
<shotSpace:0.3>
<shotCount:20>
<shotSpeed:0.4>
<shotInterval:30>
<shotType:5>
<shotIndex:9>
<shotSkill:810>
<shotSeName:Sword4>
<shotSeVolume:70>
<shotSePitch:150>","<shotWay:1>
<shotSpace:0.3>
<shotCount:20>
<shotSpeed:0.4>
<shotInterval:30>
<shotType:5>
<shotIndex:9>
<shotSkill:810>
<shotSeName:Sword4>
<shotSeVolume:70>
<shotSePitch:150>"
"インフィニティエッジ","Infinity Edge"
"虚数空間から無限の剣が降り注ぐ
斬撃　7方向長　隙45","An infinite sword pours down from the imaginary space
Slashing 7-direction long gap 45"
"<shotWay:7>
<shotSpace:0.7>
<shotCount:20>
<shotSpeed:0.3>
<shotInterval:30>
<shotType:5>
<shotIndex:15>
<shotSkill:821>
<shotSeName:Sword4>
<shotSeVolume:70>
<shotSePitch:150>","<shotWay:7>
<shotSpace:0.7>
<shotCount:20>
<shotSpeed:0.3>
<shotInterval:30>
<shotType:5>
<shotIndex:15>
<shotSkill:821>
<shotSeName:Sword4>
<shotSeVolume:70>
<shotSePitch:150>"
"ロケットパンチ","Rocket punch"
"飛ばした後の不便さを考えないロマン
打撃　1方向長　隙80","A romance that does not consider the inconvenience after flying
Blow 1 direction long gap 80"
"<shotWay:1>
<shotSpace:0.3>
<shotCount:60>
<shotSpeed:0.15>
<shotInterval:80>
<shotType:3>
<shotIndex:3>
<shotSkill:803>
<shotSeName:Fire3>","<shotWay:1>
<shotSpace:0.3>
<shotCount:60>
<shotSpeed:0.15>
<shotInterval:80>
<shotType:3>
<shotIndex:3>
<shotSkill:803>
<shotSeName:Fire3>"
"メイス","Mace"
"殴られると痛い
打撃　1方向　隙50","It hurts when beaten
Blow 1 direction gap 50"
"<shotWay:1>
<shotSpace:0.3>
<shotCount:40>
<shotSpeed:0.15>
<shotInterval:50>
<shotType:3>
<shotIndex:4>
<shotSkill:803>
<shotSeName:Wind7>","<shotWay:1>
<shotSpace:0.3>
<shotCount:40>
<shotSpeed:0.15>
<shotInterval:50>
<shotType:3>
<shotIndex:4>
<shotSkill:803>
<shotSeName:Wind7>"
"ハンマー","hammer"
"釘を打つための道具
打撃　1方向　隙50","Tools for hitting nails
Blow 1 direction gap 50"
"<shotWay:1>
<shotSpace:0.3>
<shotCount:40>
<shotSpeed:0.15>
<shotInterval:50>
<shotType:3>
<shotIndex:5>
<shotSkill:803>
<shotSeName:Wind7>","<shotWay:1>
<shotSpace:0.3>
<shotCount:40>
<shotSpeed:0.15>
<shotInterval:50>
<shotType:3>
<shotIndex:5>
<shotSkill:803>
<shotSeName:Wind7>"
"鉄パイプ","Iron pipe"
"世界を救うにはまずこれから
打撃　1方向　隙50","From now on to save the world
Blow 1 direction gap 50"
"<shotWay:1>
<shotSpace:0.3>
<shotCount:40>
<shotSpeed:0.15>
<shotInterval:50>
<shotType:3>
<shotIndex:13>
<shotSkill:803>
<shotSeName:Wind7>","<shotWay:1>
<shotSpace:0.3>
<shotCount:40>
<shotSpeed:0.15>
<shotInterval:50>
<shotType:3>
<shotIndex:13>
<shotSkill:803>
<shotSeName:Wind7>"
"ブーメラン","boomerang"
"戻ってこないブーメラン型の鈍器
打撃　3方向長　隙50","Boomerang type blunt instrument that does not come back
Blow 3 directions long gap 50"
"<shotWay:3>
<shotSpace:0.2>
<shotCount:60>
<shotSpeed:0.15>
<shotInterval:50>
<shotType:3>
<shotIndex:15>
<shotSkill:803>
<shotSeName:Wind7>","<shotWay:3>
<shotSpace:0.2>
<shotCount:60>
<shotSpeed:0.15>
<shotInterval:50>
<shotType:3>
<shotIndex:15>
<shotSkill:803>
<shotSeName:Wind7>"
"ピコピコハンマー","Pico Pico Hammer"
"殴られるとピコ―！と叫んで絶命する
打撃　1方向　隙50","Pico when beaten! Screaming and dying
Blow 1 direction gap 50"
"<shotWay:1>
<shotSpace:0.3>
<shotCount:30>
<shotSpeed:0.15>
<shotInterval:50>
<shotType:4>
<shotIndex:4>
<shotSkill:809>
<shotSeName:Wind7>","<shotWay:1>
<shotSpace:0.3>
<shotCount:30>
<shotSpeed:0.15>
<shotInterval:50>
<shotType:4>
<shotIndex:4>
<shotSkill:809>
<shotSeName:Wind7>"
"トールハンマー","Thor hammer"
"殴られるとマントルまでめり込む
打撃　1方向　隙50","When hit, it digs into the mantle
Blow 1 direction gap 50"
"<shotWay:1>
<shotSpace:0.3>
<shotCount:30>
<shotSpeed:0.15>
<shotInterval:50>
<shotType:5>
<shotIndex:4>
<shotSkill:809>
<shotSeName:Wind7>","<shotWay:1>
<shotSpace:0.3>
<shotCount:30>
<shotSpeed:0.15>
<shotInterval:50>
<shotType:5>
<shotIndex:4>
<shotSkill:809>
<shotSeName:Wind7>"
"太刀魚","Hairtail"
"触れるもの皆切り刻む魚　美味しい
斬撃　1方向長　隙60","Everything you touch is delicious, chopped fish
Slashing 1 direction long gap 60"
"<shotWay:1>
<shotSpace:0.3>
<shotCount:40>
<shotSpeed:0.2>
<shotInterval:60>
<shotType:3>
<shotIndex:32>
<shotSkill:811>
<shotSeName:Wind7>","<shotWay:1>
<shotSpace:0.3>
<shotCount:40>
<shotSpeed:0.2>
<shotInterval:60>
<shotType:3>
<shotIndex:32>
<shotSkill:811>
<shotSeName:Wind7>"
"ミカン","Orange"
"カビが生えたミカン
食べ物　1方向長　隙40","Moldy oranges
Food 1-way long gap 40"
"<shotWay:1>
<shotSpace:0.3>
<shotCount:40>
<shotSpeed:0.2>
<shotInterval:40>
<shotType:3>
<shotIndex:35>
<shotSkill:825>
<shotSeName:Wind7>","<shotWay:1>
<shotSpace:0.3>
<shotCount:40>
<shotSpeed:0.2>
<shotInterval:40>
<shotType:3>
<shotIndex:35>
<shotSkill:825>
<shotSeName:Wind7>"
"かぼちゃとニシンのパイ","Pumpkin and herring pie"
"優しさに包まれてないパイ
食べ物　1方向長　隙40","A pie that is not wrapped in kindness
Food 1-way long gap 40"
"<shotWay:1>
<shotSpace:0.3>
<shotCount:40>
<shotSpeed:0.2>
<shotInterval:40>
<shotType:4>
<shotIndex:18>
<shotSkill:825>
<shotSeName:Wind7>","<shotWay:1>
<shotSpace:0.3>
<shotCount:40>
<shotSpeed:0.2>
<shotInterval:40>
<shotType:4>
<shotIndex:18>
<shotSkill:825>
<shotSeName:Wind7>"
"ケーキ","cake"
"夢のようにあまーいケーキ
食べ物　設置　隙70","A sweet cake like a dream
Food installation gap 70"
"<shotWay:1>
<shotSpace:0.3>
<shotCount:200>
<shotSpeed:0>
<shotInterval:70>
<shotType:4>
<shotIndex:19>
<shotSkill:825>
<shotSeName:pyoro46>","<shotWay:1>
<shotSpace:0.3>
<shotCount:200>
<shotSpeed:0>
<shotInterval:70>
<shotType:4>
<shotIndex:19>
<shotSkill:825>
<shotSeName:pyoro46>"
"ランチプレート","Lunch plate"
"みんなの好きなものすこしずつ
食べ物　1方向　隙50","Little by little what everyone likes
Food 1 direction gap 50"
"<shotWay:1>
<shotSpace:0.3>
<shotCount:40>
<shotSpeed:0.15>
<shotInterval:50>
<shotType:4>
<shotIndex:29>
<shotSkill:825>
<shotSeName:Wind7>","<shotWay:1>
<shotSpace:0.3>
<shotCount:40>
<shotSpeed:0.15>
<shotInterval:50>
<shotType:4>
<shotIndex:29>
<shotSkill:825>
<shotSeName:Wind7>"
"スターゲイジーパイ","Stargazy pie"
"星を眺める魚のパイ　食べると星になる
食べ物　1方向長　隙70","A fish pie looking at the stars becomes a star when eaten
Food 1-way long gap 70"
"<shotWay:1>
<shotSpace:0.3>
<shotCount:40>
<shotSpeed:0.2>
<shotInterval:70>
<shotType:5>
<shotIndex:18>
<shotSkill:825>
<shotSeName:Wind7>","<shotWay:1>
<shotSpace:0.3>
<shotCount:40>
<shotSpeed:0.2>
<shotInterval:70>
<shotType:5>
<shotIndex:18>
<shotSkill:825>
<shotSeName:Wind7>"
"ウェディングケーキ","Wedding cake"
"人生の墓場にお供えするケーキ
食べ物　設置　隙70","Cake for the graveyard of life
Food installation gap 70"
"<shotWay:1>
<shotSpace:0.3>
<shotCount:200>
<shotSpeed:0>
<shotInterval:70>
<shotType:5>
<shotIndex:19>
<shotSkill:825>
<shotSeName:pyoro46>","<shotWay:1>
<shotSpace:0.3>
<shotCount:200>
<shotSpeed:0>
<shotInterval:70>
<shotType:5>
<shotIndex:19>
<shotSkill:825>
<shotSeName:pyoro46>"
"フルコース","Full course"
"前菜スープ魚ソルベ肉野菜甘みコーヒーまとめて毒入り
食べ物　1方向　隙50","Appetizer soup fish sorbet meat vegetables sweet coffee all together poisoned
Food 1 direction gap 50"
"<shotWay:1>
<shotSpace:0.3>
<shotCount:40>
<shotSpeed:0.15>
<shotInterval:50>
<shotType:5>
<shotIndex:29>
<shotSkill:825>
<shotSeName:Wind7>","<shotWay:1>
<shotSpace:0.3>
<shotCount:40>
<shotSpeed:0.15>
<shotInterval:50>
<shotType:5>
<shotIndex:29>
<shotSkill:825>
<shotSeName:Wind7>"
"ラブレター","Love letter"
"ちょっと病んだ内容のラブレター
誘惑　3方向　隙40","A little sick love letter
Temptation 3 directions gap 40"
"<shotWay:3>
<shotSpace:0.5>
<shotCount:20>
<shotSpeed:0.3>
<shotInterval:40>
<shotType:4>
<shotIndex:31>
<shotSkill:806>
<shotSeName:Wind7>
<shotSeVolume:70>
<shotSePitch:150>","<shotWay:3>
<shotSpace:0.5>
<shotCount:20>
<shotSpeed:0.3>
<shotInterval:40>
<shotType:4>
<shotIndex:31>
<shotSkill:806>
<shotSeName:Wind7>
<shotSeVolume:70>
<shotSePitch:150>"
"ヤバいラブレター","Dangerous love letter"
"手紙と一緒に髪とか爪とか入ってるラブレター
誘惑　3方向　隙40","A love letter with hair and nails in it with the letter
Temptation 3 directions gap 40"
"<shotWay:3>
<shotSpace:0.5>
<shotCount:20>
<shotSpeed:0.3>
<shotInterval:40>
<shotType:5>
<shotIndex:31>
<shotSkill:806>
<shotSeName:Wind7>
<shotSeVolume:70>
<shotSePitch:150>","<shotWay:3>
<shotSpace:0.5>
<shotCount:20>
<shotSpeed:0.3>
<shotInterval:40>
<shotType:5>
<shotIndex:31>
<shotSkill:806>
<shotSeName:Wind7>
<shotSeVolume:70>
<shotSePitch:150>"
"半端なかけら","Half-hearted pieces"
"不意に誰かを傷付けていく
水　1方向遅　隙60","Suddenly hurt someone
Water one-way delay 60"
"<shotWay:1>
<shotSpace:0.3>
<shotCount:150>
<shotSpeed:0.05>
<shotInterval:60>
<shotType:3>
<shotIndex:19>
<shotSkill:826>
<shotSeName:Sword5>
<shotSeVolume:70>
<shotSePitch:50>","<shotWay:1>
<shotSpace:0.3>
<shotCount:150>
<shotSpeed:0.05>
<shotInterval:60>
<shotType:3>
<shotIndex:19>
<shotSkill:826>
<shotSeName:Sword5>
<shotSeVolume:70>
<shotSePitch:50>"
"水鉄砲","Water gun"
"水圧で穴を空ける銃　しゅこしゅこしてリロードする
水　1方向長　隙180","A gun that makes holes with water pressure.
Water one-way length gap 180"
"<shotWay:1>
<shotSpace:0.1>
<shotCount:60>
<shotSpeed:0.4>
<shotInterval:180>
<shotType:3>
<shotIndex:38>
<shotSkill:804>
<shotSeName:Splash>","<shotWay:1>
<shotSpace:0.1>
<shotCount:60>
<shotSpeed:0.4>
<shotInterval:180>
<shotType:3>
<shotIndex:38>
<shotSkill:804>
<shotSeName:Splash>"
"ウォーターバズーカ","Water bazooka"
"水鉄砲のパワーアップ版　壁に穴が開く
水　1方向長　隙210","Power-up version of the water gun, a hole opens in the wall
Water 1-way long gap 210"
"<shotWay:1>
<shotSpace:0.1>
<shotCount:60>
<shotSpeed:0.4>
<shotInterval:210>
<shotType:3>
<shotIndex:24>
<shotSkill:804>
<shotSeName:Splash>","<shotWay:1>
<shotSpace:0.1>
<shotCount:60>
<shotSpeed:0.4>
<shotInterval:210>
<shotType:3>
<shotIndex:24>
<shotSkill:804>
<shotSeName:Splash>"
"水龍弾","Water dragon bullet"
"高圧相氷を打ち出す水鉄砲
水　1方向長　隙240","Water gun that launches high-pressure phase ice
Water 1-way long gap 240"
"<shotWay:1>
<shotSpace:0.1>
<shotCount:60>
<shotSpeed:0.4>
<shotInterval:240>
<shotType:4>
<shotIndex:38>
<shotSkill:804>
<shotSeName:Splash>","<shotWay:1>
<shotSpace:0.1>
<shotCount:60>
<shotSpeed:0.4>
<shotInterval:240>
<shotType:4>
<shotIndex:38>
<shotSkill:804>
<shotSeName:Splash>"
"マシンガン","Machine gun"
"下に打つと反動で空が飛べるらしい
炎　1方向　隙6　固定ダメージ3","It seems that if you hit it down, you can fly in the sky in reaction
Flame 1 direction gap 6 fixed damage 3"
"<shotWay:1>
<shotSpace:0.1>
<shotCount:30>
<shotSpeed:0.4>
<shotInterval:6>
<shotType:1>
<shotIndex:1>
<shotSkill:827>
<shotSeName:Gun1>
<shotSePitch:150>
<shotSeVolume:50>","<shotWay:1>
<shotSpace:0.1>
<shotCount:30>
<shotSpeed:0.4>
<shotInterval:6>
<shotType:1>
<shotIndex:1>
<shotSkill:827>
<shotSeName:Gun1>
<shotSePitch:150>
<shotSeVolume:50>"
"ポーラスター","Polar Star"
"北極星印のハンドガン
炎　1方向　隙20　レベル分の固定ダメージ","Arctic Star Hand Gun
Fixed damage for 1 direction of flame, 20 levels of gap"
"<shotWay:1>
<shotSpace:0.1>
<shotCount:40>
<shotSpeed:0.4>
<shotInterval:20>
<shotType:1>
<shotIndex:2>
<shotSkill:828>
<shotSeName:Gun1>
<shotSePitch:150>","<shotWay:1>
<shotSpace:0.1>
<shotCount:40>
<shotSpeed:0.4>
<shotInterval:20>
<shotType:1>
<shotIndex:2>
<shotSkill:828>
<shotSeName:Gun1>
<shotSePitch:150>"
"ショットガン","Shotgun"
"大量に弾をばらまく近距離用の銃
炎　10方向短　隙30　固定ダメージ3","A short-range gun that scatters a large amount of bullets
Flame 10-direction short gap 30 Fixed damage 3"
"<shotWay:10>
<shotSpace:0.05>
<shotCount:15>
<shotSpeed:0.4>
<shotInterval:30>
<shotType:1>
<shotIndex:1>
<shotSkill:827>
<shotSeName:Gun1>
<shotSePitch:50>","<shotWay:10>
<shotSpace:0.05>
<shotCount:15>
<shotSpeed:0.4>
<shotInterval:30>
<shotType:1>
<shotIndex:1>
<shotSkill:827>
<shotSeName:Gun1>
<shotSePitch:50>"
"レールガン","Railgun"
"物体をローレンツ力により加速して打ち出す装置
雷　1方向長　隙300　固定ダメージ100　地形貫通","A device that accelerates and launches an object by Lorentz force
Lightning 1 direction long gap 300 fixed damage 100 terrain penetration"
"<shotWay:1>
<shotSpace:0.1>
<shotCount:120>
<shotSpeed:0.6>
<shotInterval:300>
<shotType:2>
<shotIndex:3>
<shotSkill:829>
<shotSeName:Gun3>
<shotSePitch:50>","<shotWay:1>
<shotSpace:0.1>
<shotCount:120>
<shotSpeed:0.6>
<shotInterval:300>
<shotType:2>
<shotIndex:3>
<shotSkill:829>
<shotSeName:Gun3>
<shotSePitch:50>"
"ブレイスガン","Brace gun"
"女性型武装探索ロボットのマシンガン
炎　2方向長　隙6　固定ダメージ3","Machine gun of female armed search robot
Flame 2 direction long gap 6 Fixed damage 3"
"<shotWay:2>
<shotSpace:0.01>
<shotCount:35>
<shotSpeed:0.4>
<shotInterval:6>
<shotType:1>
<shotIndex:1>
<shotSkill:827>
<shotSeName:Gun1>
<shotSePitch:150>
<shotSeVolume:50>","<shotWay:2>
<shotSpace:0.01>
<shotCount:35>
<shotSpeed:0.4>
<shotInterval:6>
<shotType:1>
<shotIndex:1>
<shotSkill:827>
<shotSeName:Gun1>
<shotSePitch:150>
<shotSeVolume:50>"
"シュプール","Spur"
"こんや、12じ、だれかが・・・
水　1方向長　隙15　レベル分の固定ダメージ","Hello, 12 people, someone ...
Water 1 direction long gap 15 Level fixed damage"
"<shotWay:1>
<shotSpace:0.1>
<shotCount:60>
<shotSpeed:0.4>
<shotInterval:15>
<shotType:2>
<shotIndex:2>
<shotSkill:833>
<shotSeName:Gun1>
<shotSePitch:150>","<shotWay:1>
<shotSpace:0.1>
<shotCount:60>
<shotSpeed:0.4>
<shotInterval:15>
<shotType:2>
<shotIndex:2>
<shotSkill:833>
<shotSeName:Gun1>
<shotSePitch:150>"
"マリッジガン","Marriage gun"
"責任を取らせるためのショットガン
炎　20方向短　隙30　固定ダメージ3","Shotgun to take responsibility
Flame 20 directions short gap 30 fixed damage 3"
"<shotWay:20>
<shotSpace:0.12>
<shotCount:15>
<shotSpeed:0.4>
<shotInterval:30>
<shotType:1>
<shotIndex:1>
<shotSkill:827>
<shotSeName:Gun1>
<shotSePitch:50>","<shotWay:20>
<shotSpace:0.12>
<shotCount:15>
<shotSpeed:0.4>
<shotInterval:30>
<shotType:1>
<shotIndex:1>
<shotSkill:827>
<shotSeName:Gun1>
<shotSePitch:50>"
"タレットガン","Turret gun"
"警備アンドロイドの装備
雷　5方向　隙15　固定ダメージ3","Security android equipment
Lightning 5 directions Gap 15 Fixed damage 3"
"<shotWay:5>
<shotSpace:0.10>
<shotCount:30>
<shotSpeed:0.4>
<shotInterval:15>
<shotType:1>
<shotIndex:3>
<shotSkill:834>
<shotSeName:Gun1>
<shotSePitch:150>
<shotSeVolume:50>","<shotWay:5>
<shotSpace:0.10>
<shotCount:30>
<shotSpeed:0.4>
<shotInterval:15>
<shotType:1>
<shotIndex:3>
<shotSkill:834>
<shotSeName:Gun1>
<shotSePitch:150>
<shotSeVolume:50>"
"クラスタガン","Cluster gun"
"弾をばらまく銃
雷　16方向　隙30　固定ダメージ3","A gun that scatters bullets
Lightning 16 directions Gap 30 Fixed damage 3"
"<shotWay:16>
<shotSpace:0.03>
<shotCount:20>
<shotSpeed:0.4>
<shotInterval:30>
<shotType:1>
<shotIndex:3>
<shotSkill:834>
<shotSeName:Gun1>
<shotSePitch:150>
<shotSeVolume:50>","<shotWay:16>
<shotSpace:0.03>
<shotCount:20>
<shotSpeed:0.4>
<shotInterval:30>
<shotType:1>
<shotIndex:3>
<shotSkill:834>
<shotSeName:Gun1>
<shotSePitch:150>
<shotSeVolume:50>"
"チェンソー","Chainsaw"
"切り刻んで悪魔のいけにえにする
斬撃　1方向短　隙150","Chop it up and make it a sacrifice to the devil
Slashing 1-way short gap 150"
"<shotWay:1>
<shotSpace:0.1>
<shotCount:30>
<shotSpeed:0.08>
<shotInterval:150>
<shotType:4>
<shotIndex:10>
<shotSkill:821>
<shotSeName:Gun2>
<shotSePitch:120>
","<shotWay:1>
<shotSpace:0.1>
<shotCount:30>
<shotSpeed:0.08>
<shotInterval:150>
<shotType:4>
<shotIndex:10>
<shotSkill:821>
<shotSeName:Gun2>
<shotSePitch:120>"
"テンペスト","Tempest"
"踏むと神の雷が降り注ぐ
雷　設置　隙300　貫通","When you step on it, the thunder of God falls
Lightning installation gap 300 penetration"
"<shotWay:1>
<shotSpace:0.3>
<shotCount:300>
<shotSpeed:0>
<shotInterval:300>
<shotType:4>
<shotIndex:16>
<shotSkill:830>
<shotSeName:Wind7>
<shotSeVolume:70>
<shotSePitch:50>","<shotWay:1>
<shotSpace:0.3>
<shotCount:300>
<shotSpeed:0>
<shotInterval:300>
<shotType:4>
<shotIndex:16>
<shotSkill:830>
<shotSeName:Wind7>
<shotSeVolume:70>
<shotSePitch:50>"
"バイブル","Bible"
"踏むと光の矢が降り注ぐ
雷　設置　隙300　貫通","When you step on it, an arrow of light falls
Lightning installation gap 300 penetration"
"<shotWay:1>
<shotSpace:0.3>
<shotCount:300>
<shotSpeed:0>
<shotInterval:300>
<shotType:4>
<shotIndex:16>
<shotSkill:831>
<shotSeName:Wind7>
<shotSeVolume:70>
<shotSePitch:50>","<shotWay:1>
<shotSpace:0.3>
<shotCount:300>
<shotSpeed:0>
<shotInterval:300>
<shotType:4>
<shotIndex:16>
<shotSkill:831>
<shotSeName:Wind7>
<shotSeVolume:70>
<shotSePitch:50>"
"火炎放射器","Flamethrower"
"火が付いた液体を投射する兵器
炎　5方向短　隙15　固定ダメージ3","A weapon that projects a lit liquid
Flame 5 directions short gap 15 fixed damage 3"
"<shotWay:5>
<shotSpace:0.3>
<shotCount:7>
<shotSpeed:0.2>
<shotInterval:15>
<shotType:4>
<shotIndex:39>
<shotSkill:832>
<shotSeName:Fire2>
<shotSeVolume:70>
<shotSePitch:150>","<shotWay:5>
<shotSpace:0.3>
<shotCount:7>
<shotSpeed:0.2>
<shotInterval:15>
<shotType:4>
<shotIndex:39>
<shotSkill:832>
<shotSeName:Fire2>
<shotSeVolume:70>
<shotSePitch:150>"
"ネメシス","Nemesis"
"神の憤りと罰を象徴する女神の銃
雷　1方向　隙30　50-レベル分の固定ダメージ","Goddess gun that symbolizes God's wrath and punishment
Lightning 1 direction gap 30 50-Level fixed damage"
"<shotWay:1>
<shotSpace:0.1>
<shotCount:35>
<shotSpeed:0.3>
<shotInterval:30>
<shotType:1>
<shotIndex:3>
<shotSkill:835>
<shotSeName:Gun1>
<shotSePitch:150>","<shotWay:1>
<shotSpace:0.1>
<shotCount:35>
<shotSpeed:0.3>
<shotInterval:30>
<shotType:1>
<shotIndex:3>
<shotSkill:835>
<shotSeName:Gun1>
<shotSePitch:150>"
"クリムゾン","Crimson"
"今夜もまた誰かが命を落とす
雷　2方向　隙50　50-レベル分の固定ダメージ","Someone will die again tonight
Lightning 2 directions 50-Level fixed damage"
"<shotWay:2>
<shotSpace:0.3>
<shotCount:35>
<shotSpeed:0.3>
<shotInterval:50>
<shotType:1>
<shotIndex:1>
<shotSkill:835>
<shotSeName:Gun1>
<shotSePitch:150>","<shotWay:2>
<shotSpace:0.3>
<shotCount:35>
<shotSpeed:0.3>
<shotInterval:50>
<shotType:1>
<shotIndex:1>
<shotSkill:835>
<shotSeName:Gun1>
<shotSePitch:150>"
"フレイムスロワー","Flames lower"
"金属を溶接するのに使用する工具
炎　6方向短　隙15　固定ダメージ3","Tools used to weld metal
Flame 6-direction short gap 15 Fixed damage 3"
"<shotWay:6>
<shotSpace:0.2>
<shotCount:9>
<shotSpeed:0.2>
<shotInterval:15>
<shotType:4>
<shotIndex:39>
<shotSkill:832>
<shotSeName:Fire2>
<shotSeVolume:70>
<shotSePitch:150>","<shotWay:6>
<shotSpace:0.2>
<shotCount:9>
<shotSpeed:0.2>
<shotInterval:15>
<shotType:4>
<shotIndex:39>
<shotSkill:832>
<shotSeName:Fire2>
<shotSeVolume:70>
<shotSePitch:150>"
"ハンドガン","Hand gun"
"扱いやすい銃
炎　1方向　隙30　固定ダメージ3　カスタムパーツ装備可","Easy-to-use gun
Flame 1 direction gap 30 fixed damage 3 custom parts can be equipped"
"<shotWay:1>
<shotSpace:0>
<shotCount:45>
<shotSpeed:0.4>
<shotInterval:30>
<shotType:1>
<shotIndex:1>
<shotSkill:827>
<shotSeName:Gun1>
<shotSePitch:150>
<shotSeVolume:50>","<shotWay:1>
<shotSpace:0>
<shotCount:45>
<shotSpeed:0.4>
<shotInterval:30>
<shotType:1>
<shotIndex:1>
<shotSkill:827>
<shotSeName:Gun1>
<shotSePitch:150>
<shotSeVolume:50>"
"バーストガン","Burst gun"
"同時に3発の弾が出るように改造したハンドガン
炎　3方向　隙30　固定ダメージ3　カスタムパーツ装備可","A hand gun modified to release 3 bullets at the same time
Flame 3 directions, gap 30, fixed damage 3, custom parts can be equipped"
"<shotWay:3>
<shotSpace:0>
<shotCount:45>
<shotSpeed:0.4>
<shotInterval:30>
<shotType:1>
<shotIndex:1>
<shotSkill:827>
<shotSeName:Gun1>
<shotSePitch:150>
<shotSeVolume:50>","<shotWay:3>
<shotSpace:0>
<shotCount:45>
<shotSpeed:0.4>
<shotInterval:30>
<shotType:1>
<shotIndex:1>
<shotSkill:827>
<shotSeName:Gun1>
<shotSePitch:150>
<shotSeVolume:50>"
"コインシューター","Coin shooter"
"コインをローレンツ力により加速して打ち出す装置
雷　2方向長　隙300　固定ダメージ100　地形貫通","A device that accelerates and launches coins by Lorentz force
Lightning 2 directions long gap 300 fixed damage 100 terrain penetration"
"<shotWay:2>
<shotSpace:0.01>
<shotCount:120>
<shotSpeed:0.6>
<shotInterval:300>
<shotType:2>
<shotIndex:3>
<shotSkill:829>
<shotSeName:Gun3>
<shotSePitch:50>","<shotWay:2>
<shotSpace:0.01>
<shotCount:120>
<shotSpeed:0.6>
<shotInterval:300>
<shotType:2>
<shotIndex:3>
<shotSkill:829>
<shotSeName:Gun3>
<shotSePitch:50>"
"トルテの爆弾","Torte bomb"
"トルテを1kmふっ飛ばすぐらいの威力がある
炎　設置　隙999","Powerful enough to blow Torte 1km away
Flame installation gap 999"
"<shotWay:1>
<shotSpace:0.5>
<shotCount:500>
<shotSpeed:0.0>
<shotInterval:999>
<shotType:3>
<shotIndex:36>
<shotSkill:808>
<shotSeName:key>","<shotWay:1>
<shotSpace:0.5>
<shotCount:500>
<shotSpeed:0.0>
<shotInterval:999>
<shotType:3>
<shotIndex:36>
<shotSkill:808>
<shotSeName:key>"
"ドクロのパネル","Skull panel"
"下痢のように爆弾が漏れ出す
炎　設置　隙10","Bomb leaks like diarrhea
Flame installation gap 10"
"<shotWay:1>
<shotSpace:0.5>
<shotCount:200>
<shotSpeed:0.0>
<shotInterval:10>
<shotType:3>
<shotIndex:36>
<shotSkill:808>
<shotSeName:key>","<shotWay:1>
<shotSpace:0.5>
<shotCount:200>
<shotSpeed:0.0>
<shotInterval:10>
<shotType:3>
<shotIndex:36>
<shotSkill:808>
<shotSeName:key>"
"キルシュトルテ","Kirstorte"
"黒い森のサクランボケーキ
食べ物　設置　隙70","Black forest cherry cake
Food installation gap 70"
"ローズリップ","Rose lip"
"薔薇のように赤い口紅
誘惑　2方向　隙30","Red lipstick like a rose
Temptation 2 directions gap 30"
"プリンセスハート","Princess Heart"
"セクシービーム出発
雷　2方向長　隙60","A sexy beam emitter.
Lightning 2-directional %60 Crit"
"<shotWay:2>
<shotSpace:0.3>
<shotCount:80>
<shotSpeed:0.1>
<shotInterval:60>
<shotType:3>
<shotIndex:41>
<shotSkill:812>
<shotSeName:Saint1>","<shotWay:2>
<shotSpace:0.3>
<shotCount:80>
<shotSpeed:0.1>
<shotInterval:60>
<shotType:3>
<shotIndex:41>
<shotSkill:812>
<shotSeName:Saint1>"
"でたらめなかけら","Random pieces"
"好き勝手ばら撒く
水　4方向遅　隙80","Sprinkle as you like
Water 4 directions slow gap 80"
"<shotWay:4>
<shotSpace:0.5>
<shotCount:150>
<shotSpeed:0.05>
<shotInterval:60>
<shotType:3>
<shotIndex:19>
<shotSkill:826>
<shotSeName:Sword5>
<shotSeVolume:70>
<shotSePitch:50>","<shotWay:4>
<shotSpace:0.5>
<shotCount:150>
<shotSpeed:0.05>
<shotInterval:60>
<shotType:3>
<shotIndex:19>
<shotSkill:826>
<shotSeName:Sword5>
<shotSeVolume:70>
<shotSePitch:50>"
"毒リンゴ","Poisoned apple"
"食べると眠り続けてしまう毒入りのリンゴ
食べ物　1方向長　隙40","食べると眠り続けてしまう毒入りのリンゴ
食べ物　1方向長　隙40"
"<shotWay:1>
<shotSpace:0.3>
<shotCount:40>
<shotSpeed:0.2>
<shotInterval:40>
<shotType:3>
<shotIndex:34>
<shotSkill:825>
<shotSeName:Wind7>","<shotWay:1>
<shotSpace:0.3>
<shotCount:40>
<shotSpeed:0.2>
<shotInterval:40>
<shotType:3>
<shotIndex:34>
<shotSkill:825>
<shotSeName:Wind7>"
"ぬいぐるみ","ぬいぐるみ"
"ストレス解消にちょうどいいクマのぬいぐるみ
打撃　1方向長　隙60","ストレス解消にちょうどいいクマのぬいぐるみ
打撃　1方向長　隙60"
"<shotWay:1>
<shotSpace:0.3>
<shotCount:60>
<shotSpeed:0.15>
<shotInterval:60>
<shotType:4>
<shotIndex:22>
<shotSkill:803>
<shotSeName:Wind7>","<shotWay:1>
<shotSpace:0.3>
<shotCount:60>
<shotSpeed:0.15>
<shotInterval:60>
<shotType:4>
<shotIndex:22>
<shotSkill:803>
<shotSeName:Wind7>"
"アイスソード","アイスソード"
"手に入れたことを誰かに喋ると死ぬ
水　3方向短　隙45","手に入れたことを誰かに喋ると死ぬ
水　3方向短　隙45"
"<shotWay:3>
<shotSpace:0.3>
<shotCount:20>
<shotSpeed:0.2>
<shotInterval:45>
<shotType:4>
<shotIndex:35>
<shotSkill:826>
<shotSeName:Sword4>
<shotSeVolume:70>
<shotSePitch:150>","<shotWay:3>
<shotSpace:0.3>
<shotCount:20>
<shotSpeed:0.2>
<shotInterval:45>
<shotType:4>
<shotIndex:35>
<shotSkill:826>
<shotSeName:Sword4>
<shotSeVolume:70>
<shotSePitch:150>"
"プレゼント","プレゼント"
"とてもわくわくする箱　開けると爆発する
炎　設置　隙80","とてもわくわくする箱　開けると爆発する
炎　設置　隙80"
"<shotWay:1>
<shotSpace:0.3>
<shotCount:300>
<shotSpeed:0>
<shotInterval:100>
<shotType:4>
<shotIndex:30>
<shotSkill:808>
<shotSeName:Wind7>
<shotSeVolume:70>
<shotSePitch:50>","<shotWay:1>
<shotSpace:0.3>
<shotCount:300>
<shotSpeed:0>
<shotInterval:100>
<shotType:4>
<shotIndex:30>
<shotSkill:808>
<shotSeName:Wind7>
<shotSeVolume:70>
<shotSePitch:50>"
"ショックジョッキー","ショックジョッキー"
"手からビガーっと雷撃を放つ魔法
雷　3方向長　隙45　貫通","手からビガーっと雷撃を放つ魔法
雷　3方向長　隙45　貫通"
"<shotWay:3>
<shotSpace:0.3>
<shotCount:40>
<shotSpeed:0.5>
<shotInterval:45>
<shotType:4>
<shotIndex:35>
<shotSkill:819>
<shotSeName:Thunder3>
<shotSeVolume:70>
<shotSePitch:150>","<shotWay:3>
<shotSpace:0.3>
<shotCount:40>
<shotSpeed:0.5>
<shotInterval:45>
<shotType:4>
<shotIndex:35>
<shotSkill:819>
<shotSeName:Thunder3>
<shotSeVolume:70>
<shotSePitch:150>"
"剣豪魚","剣豪魚"
"剣の道を究めた魚　はらわたが苦い
斬撃　1方向長　隙30","剣の道を究めた魚　はらわたが苦い
斬撃　1方向長　隙30"
"<shotWay:1>
<shotSpace:0.3>
<shotCount:40>
<shotSpeed:0.5>
<shotInterval:30>
<shotType:3>
<shotIndex:32>
<shotSkill:811>
<shotSeName:Wind7>","<shotWay:1>
<shotSpace:0.3>
<shotCount:40>
<shotSpeed:0.5>
<shotInterval:30>
<shotType:3>
<shotIndex:32>
<shotSkill:811>
<shotSeName:Wind7>"
"ヴォイニッチ手稿","ヴォイニッチ手稿"
"独自の言語で書かれた謎の書物
雷　設置　隙300　貫通","独自の言語で書かれた謎の書物
雷　設置　隙300　貫通"
"リリスエッジ","リリスエッジ"
"好き放題魔法弾を撃つわがままハンドガン
炎　3方向　隙30　固定ダメージ15　カスタムパーツ装備可","好き放題魔法弾を撃つわがままハンドガン
炎　3方向　隙30　固定ダメージ15　カスタムパーツ装備可"
"<shotWay:3>
<shotSpace:0>
<shotCount:45>
<shotSpeed:0.4>
<shotInterval:30>
<shotType:1>
<shotIndex:1>
<shotSkill:836>
<shotSeName:Gun1>
<shotSePitch:150>
<shotSeVolume:50>","<shotWay:3>
<shotSpace:0>
<shotCount:45>
<shotSpeed:0.4>
<shotInterval:30>
<shotType:1>
<shotIndex:1>
<shotSkill:836>
<shotSeName:Gun1>
<shotSePitch:150>
<shotSeVolume:50>"
"オセロット","オセロット"
"ヤマネコ印のリボルバー
炎　1方向　隙35　固定ダメージ15　カスタムパーツ装備可","ヤマネコ印のリボルバー
炎　1方向　隙35　固定ダメージ15　カスタムパーツ装備可"
"<shotWay:1>
<shotSpace:0>
<shotCount:50>
<shotSpeed:0.4>
<shotInterval:35>
<shotType:1>
<shotIndex:1>
<shotSkill:836>
<shotSeName:Gun1>
<shotSePitch:150>
<shotSeVolume:50>","<shotWay:1>
<shotSpace:0>
<shotCount:50>
<shotSpeed:0.4>
<shotInterval:35>
<shotType:1>
<shotIndex:1>
<shotSkill:836>
<shotSeName:Gun1>
<shotSePitch:150>
<shotSeVolume:50>"
"アクアベレッタ","アクアベレッタ"
"空気中の水分を圧縮して撃つ銃　カスタムパーツ装備可
水　1方向長　隙240","空気中の水分を圧縮して撃つ銃　カスタムパーツ装備可
水　1方向長　隙240"
"ジェインソー","ジェインソー"
"一度も使ったことがないチェンソー
斬撃　1方向短　隙180","一度も使ったことがないチェンソー
斬撃　1方向短　隙180"
"<shotWay:1>
<shotSpace:0.1>
<shotCount:30>
<shotSpeed:0.08>
<shotInterval:180>
<shotType:5>
<shotIndex:10>
<shotSkill:821>
<shotSeName:Gun2>
<shotSePitch:120>
","<shotWay:1>
<shotSpace:0.1>
<shotCount:30>
<shotSpeed:0.08>
<shotInterval:180>
<shotType:5>
<shotIndex:10>
<shotSkill:821>
<shotSeName:Gun2>
<shotSePitch:120>"
"リリスバスター","リリスバスター"
"最強の剣　レベル99のリリスを倒した証
斬撃　1方向　隙30","最強の剣　レベル99のリリスを倒した証
斬撃　1方向　隙30"
"<shotWay:1>
<shotSpace:0.7>
<shotCount:20>
<shotSpeed:0.3>
<shotInterval:30>
<shotType:5>
<shotIndex:3>
<shotSkill:821>
<shotSeName:Sword4>
<shotSeVolume:70>
<shotSePitch:150>","<shotWay:1>
<shotSpace:0.7>
<shotCount:20>
<shotSpeed:0.3>
<shotInterval:30>
<shotType:5>
<shotIndex:3>
<shotSkill:821>
<shotSeName:Sword4>
<shotSeVolume:70>
<shotSePitch:150>"
"アミーゴ","アミーゴ"
"地元じゃ負け知らず　ゲームオーバー0クリアの証
雷　1方向　隙100","地元じゃ負け知らず　ゲームオーバー0クリアの証
雷　1方向　隙100"
"<shotWay:1>
<shotSpace:0.7>
<shotCount:60>
<shotSpeed:0.1>
<shotInterval:100>
<shotType:5>
<shotIndex:16>
<shotSkill:812>
<shotSeName:Sword4>
<shotSeVolume:70>
<shotSePitch:150>","<shotWay:1>
<shotSpace:0.7>
<shotCount:60>
<shotSpeed:0.1>
<shotInterval:100>
<shotType:5>
<shotIndex:16>
<shotSkill:812>
<shotSeName:Sword4>
<shotSeVolume:70>
<shotSePitch:150>"
"カンマーハンマー","カンマーハンマー"
"殴られると面白くないのに笑ってしまう木槌
打撃　1方向　隙50","殴られると面白くないのに笑ってしまう木槌
打撃　1方向　隙50"
"ぷちファイア","ぷちファイア"
"炎系の初級魔法
炎　1方向　隙100","炎系の初級魔法
炎　1方向　隙100"
"<shotWay:1>
<shotSpace:0.3>
<shotCount:80>
<shotSpeed:0.2>
<shotInterval:100>
<shotType:4>
<shotIndex:39>
<shotSkill:818>
<shotSeName:Fire1>
<shotSeVolume:70>
<shotSePitch:150>","<shotWay:1>
<shotSpace:0.3>
<shotCount:80>
<shotSpeed:0.2>
<shotInterval:100>
<shotType:4>
<shotIndex:39>
<shotSkill:818>
<shotSeName:Fire1>
<shotSeVolume:70>
<shotSePitch:150>"
"おにぎり","おにぎり"
"魔王米のおにぎりに毒を詰めたもの
食べ物　1方向　隙80","魔王米のおにぎりに毒を詰めたもの
食べ物　1方向　隙80"
"<shotWay:1>
<shotSpace:0.3>
<shotCount:80>
<shotSpeed:0.15>
<shotInterval:80>
<shotType:3>
<shotIndex:44>
<shotSkill:825>
<shotSeName:Wind7>","<shotWay:1>
<shotSpace:0.3>
<shotCount:80>
<shotSpeed:0.15>
<shotInterval:80>
<shotType:3>
<shotIndex:44>
<shotSkill:825>
<shotSeName:Wind7>"
"ハルジオン","ハルジオン"
"中が空洞になっている剣
斬撃　1方向　隙30","中が空洞になっている剣
斬撃　1方向　隙30"
"植物図鑑","植物図鑑"
"ユイネが2番目に好きだったもの
雷　設置　隙300　貫通","ユイネが2番目に好きだったもの
雷　設置　隙300　貫通"
"リップスティック","リップスティック"
"唇の魅力を上げると同時に乾燥を防ぐ
誘惑　2方向　隙70","唇の魅力を上げると同時に乾燥を防ぐ
誘惑　2方向　隙70"
"<shotWay:2>
<shotSpace:0.5>
<shotCount:40>
<shotSpeed:0.1>
<shotInterval:70>
<shotType:3>
<shotIndex:40>
<shotSkill:806>
<shotSeName:lip00>","<shotWay:2>
<shotSpace:0.5>
<shotCount:40>
<shotSpeed:0.1>
<shotInterval:70>
<shotType:3>
<shotIndex:40>
<shotSkill:806>
<shotSeName:lip00>"
"スイートキッス","スイートキッス"
"キスがもっと甘くなる口紅
誘惑　3方向　隙90","キスがもっと甘くなる口紅
誘惑　3方向　隙90"
"<shotWay:3>
<shotSpace:0.5>
<shotCount:40>
<shotSpeed:0.1>
<shotInterval:90>
<shotType:3>
<shotIndex:40>
<shotSkill:806>
<shotSeName:lip00>","<shotWay:3>
<shotSpace:0.5>
<shotCount:40>
<shotSpeed:0.1>
<shotInterval:90>
<shotType:3>
<shotIndex:40>
<shotSkill:806>
<shotSeName:lip00>"
"パッショーネ","パッショーネ"
"情熱の赤い口紅
誘惑　3方向　隙90","情熱の赤い口紅
誘惑　3方向　隙90"
"ハートアタック","ハートアタック"
"あまりの興奮に心臓発作を起こす投げキッス
誘惑　1方向　隙200","あまりの興奮に心臓発作を起こす投げキッス
誘惑　1方向　隙200"
"<shotWay:1>
<shotSpace:0.5>
<shotCount:40>
<shotSpeed:0.1>
<shotInterval:200>
<shotType:3>
<shotIndex:40>
<shotSkill:806>
<shotSeName:lip00>","<shotWay:1>
<shotSpace:0.5>
<shotCount:40>
<shotSpeed:0.1>
<shotInterval:200>
<shotType:3>
<shotIndex:40>
<shotSkill:806>
<shotSeName:lip00>"
"スムーチボム","スムーチボム"
"メロメロにして脳みそを爆発させるキス
誘惑　1方向　隙100","メロメロにして脳みそを爆発させるキス
誘惑　1方向　隙100"
"<shotWay:1>
<shotSpace:0.5>
<shotCount:40>
<shotSpeed:0.1>
<shotInterval:100>
<shotType:3>
<shotIndex:40>
<shotSkill:806>
<shotSeName:lip00>","<shotWay:1>
<shotSpace:0.5>
<shotCount:40>
<shotSpeed:0.1>
<shotInterval:100>
<shotType:3>
<shotIndex:40>
<shotSkill:806>
<shotSeName:lip00>"
"デアスノテ","デアスノテ"
"謎の文字で書かれた本　面倒どころの騒ぎじゃない
雷　設置　隙300　貫通","謎の文字で書かれた本　面倒どころの騒ぎじゃない
雷　設置　隙300　貫通"
"リンゴの皮を向くナイフ
斬撃　1方向短　隙30","A knife used to cut fruit.
Slashing  1-way  30 delay"
"<shotWay:1>
<shotSpace:0.4>
<shotCount:15>
<shotSpeed:0.2>
<shotInterval:35>
<shotType:4>
<shotIndex:35>
<shotSkill:801>
<shotSeName:Sword5>
<shotSeVolume:70>
<shotSePitch:150>","<shotWay:1>
<shotSpace:0.4>
<shotCount:15>
<shotSpeed:0.2>
<shotInterval:35>
<shotType:4>
<shotIndex:35>
<shotSkill:801>
<shotSeName:Sword5>
<shotSeVolume:70>
<shotSePitch:150>"
"マープルソード","Marple Sword"
"王都マープルの安物量産品
斬撃　3方向短　隙45　貫通","A cheap mass produced sword made by the capital Marple.
Slashing  3-way  45 delay  Piercing"
"オーガソード","Ogre Sword"
"壁に立てかけると柄まで地面に刺さる名刀
斬撃　5方向短　隙45　貫通","A famous sword that can pierce entire walls.
Slashing. 5 Directions. 45% Crit. Piecing."
"<shotWay:5>
<shotSpace:0.2>
<shotCount:20>
<shotSpeed:0.2>
<shotInterval:45>
<shotType:4>
<shotIndex:35>
<shotSkill:801>
<shotSeName:Sword4>
<shotSeVolume:70>
<shotSePitch:150>","<shotWay:5>
<shotSpace:0.2>
<shotCount:20>
<shotSpeed:0.2>
<shotInterval:45>
<shotType:4>
<shotIndex:35>
<shotSkill:801>
<shotSeName:Sword4>
<shotSeVolume:70>
<shotSePitch:150>"
"炎の魔導書","Fire Tome"
"ファイアの魔法が使えるようになる初級魔導書
炎　2方向短　隙45","A magical tome that allows the user to cast fire.
Fire  2-way  Short range  45 delay"
"氷の魔導書","Ice Tome"
"氷の塊を飛ばしぶつかった場所から温度を奪う魔法
氷　1方向　隙45","Flings a hunk of ice that cools whatever it hits.
Ice  1-way  45 delay"
"<shotWay:1>
<shotSpace:0.3>
<shotCount:40>
<shotSpeed:0.3>
<shotInterval:45>
<shotType:4>
<shotIndex:41>
<shotSkill:837>
<shotSeName:Ice2>
<shotSeVolume:70>
<shotSePitch:100>","<shotWay:1>
<shotSpace:0.3>
<shotCount:40>
<shotSpeed:0.3>
<shotInterval:45>
<shotType:4>
<shotIndex:41>
<shotSkill:837>
<shotSeName:Ice2>
<shotSeVolume:70>
<shotSePitch:100>"
"雷の魔導書","Thunder Tome"
"脆い物なら壊せそうな鈍器
打撃　1方向短　隙50","A weapon that can smash any fragile objects
Blunt  1-way  50 delay"
"<mat1:I112*1>
<mat2:I111*1>

<shotWay:1>
<shotSpace:0.3>
<shotCount:40>
<shotSpeed:0.15>
<shotInterval:50>
<shotType:3>
<shotIndex:4>
<shotSkill:803>
<shotSeName:Wind7>","<mat1:I112*1>
<mat2:I111*1>

<shotWay:1>
<shotSpace:0.3>
<shotCount:40>
<shotSpeed:0.15>
<shotInterval:50>
<shotType:3>
<shotIndex:4>
<shotSkill:803>
<shotSeName:Wind7>"
"フックショット","Hookshot"
"柱などに突き刺して素早く移動することができる
斬撃　1方向　隙55　地形貫通","Allows the user to quickly travel to any pillar-like objects.
Slashing  1-way  55 delay  Jump to pillars"
"<mat1:I110*1>
<mat2:I109*1>

<shotWay:1>
<shotSpace:0.36>
<shotCount:26>
<shotSpeed:0.52>
<shotInterval:60>
<shotType:3>
<shotIndex:8>
<shotSkill:838>
<shotSeName:Sword5>
<shotSeVolume:70>
<shotSePitch:150>","<mat1:I110*1>
<mat2:I109*1>

<shotWay:1>
<shotSpace:0.36>
<shotCount:26>
<shotSpeed:0.52>
<shotInterval:60>
<shotType:3>
<shotIndex:8>
<shotSkill:838>
<shotSeName:Sword5>
<shotSeVolume:70>
<shotSePitch:150>"
"縮地","Earth Armour"
"高速で移動する技　身体に負担がかかる
特殊　1方向　隙50　","A technique that causes your body to move at high speeds.
Special 1-way 50% Crit"
"

<shotWay:1>
<shotSpace:0.36>
<shotCount:160>
<shotSpeed:0>
<shotInterval:50>
<shotType:3>
<shotIndex:8>
<shotSkill:839>
<shotSeName:Sword5>
<shotSeVolume:70>
<shotSePitch:150>","

<shotWay:1>
<shotSpace:0.36>
<shotCount:160>
<shotSpeed:0>
<shotInterval:50>
<shotType:3>
<shotIndex:8>
<shotSkill:839>
<shotSeName:Sword5>
<shotSeVolume:70>
<shotSePitch:150>"
"★七鬼刀<<逃げ水>>",
"悉に水面に刃を突き立てるに同じ
斬撃　5方向短　隙45　貫通",
"★七鬼刀<<浮き島>>",
"光を斬れば映る全ては幻
斬撃　5方向短　隙45　貫通",
"★七鬼刀<<不知火>>",
"決して近付けぬ龍神の灯火
斬撃　5方向短　隙45　貫通",
"リリウム・ルベルム",
"百合の紋章が刻まれた美しい曲刀
斬撃　1方向長　隙60",
"<shotWay:1>
<shotSpace:0.1>
<shotCount:25>
<shotSpeed:0.35>
<shotInterval:60>
<shotType:4>
<shotIndex:8>
<shotSkill:811>
<shotSeName:Sword4>
<shotSeVolume:70>
<shotSePitch:150>",
"★リリウム・ルベルム","★Lilium Rubellum"
"リリーの愛刀　魔力で強化してある
斬撃　3方向長　隙45","Lily's prized sword, strengthed with magic.
Slashing  3-way  45 delay"
"<shotWay:3>
<shotSpace:0.3>
<shotCount:20>
<shotSpeed:0.35>
<shotInterval:45>
<shotType:4>
<shotIndex:8>
<shotSkill:811>
<shotSeName:Sword4>
<shotSeVolume:70>
<shotSePitch:150>",
