"梅尔蒂布雷夫",""
"爱抚。",""
"胸","Breasts"
"阿索科",""
"尻","Ass"
"接吻",""
"日语",""
"请选择您的语言。 Choose 您的语言.* 自动翻译。 ",""
"英语",""
"简体中文",""
"韩文",""
"～敵基本属性～",""
"人","Person"
"邪恶/埃纳德雷",""
"男主人公",""
"选择英雄。",""
"女主人公",""
"水/乳液",""
"风/风工作",""
"昆虫/纱线",""
"草/触手",""
"机器/奥纳霍",""
"显示",""
"你想展示主人公的站立画吗？ （您可以随时更改效果。",""
"不显示",""
"～主人公用～",""
"手工作",""
"足部工作",""
"在战斗中显示英雄的动画？",""
"吹",""
"性别",""
"屁股工作 / 肛门",""
"接吻/诱惑",""
"侧/前列腺/其他",""
"- 杂鱼敌人属性 -",""
"斩击",""
"打击",""
"炎","Flame"
"很久以前，世界上有四个大国。",""
"火国，水国，风之国，雷鸣之国。 有一个正式的名字，但没关系。",""
"火民是光明和热情的，最重要的是珍惜他们的同伴。 水民把公平作为美德，有遵守纪律的正确性。",""
"风的人是仁慈的，平静的，热爱自然，与自然一起生活。 闪电的人聪明地在闪光中，用他的智慧制造了一台机器。",""
"是什么促使你，谁开始并不重要。",""
"武器","Weapon"
"人们不能接受不同的东西。 当然，冲突是发生。",""
"他为自己排了另一个人，正义被压在了身上，怜悯造成了悲剧，机器成了杀人的工具。",""
"几代人来，人们继续减少这个数字。 每个人都真诚地祈祷""每一个""的和平。",""
"戒指",""
"装饰",""
"其他",""
"\n<ムー>月日流淌，人们甚至忘记了互相残杀的原因。",""
"\n<ムー>突然进入世界...",""
"敌人的技能",""
"投掷。",""
"\n<ムー>嘿 既然你有空，就告诉你一些事了。 不要一边走一边睡觉。 灵巧。",""
"\n<ムー>更有趣的故事？ 当然... 在黑暗的森林里谈论黑暗只会让我失望。",""
"食品",""
"<ムー>。 现在，让我们来谈谈你吃过的东西中最不美味的东西。",""
"\n<ムー>只是提醒我，我恶心。 那是烤橡木的佩...",""
"\n<ムー>... 我看见一盏灯。",""
"仅限艾琳",""
"\n<ムー>终于到了。 已经很晚了。",""
"两个",""
"男士",""
"\n<ムー>... 旅馆就在那儿。",""
"\n<ムー>即使流石的湿，你也累了吗？ 我今天可以睡在蒲团里。 很好",""
"仅限基安蒂",""
"自定义零件",""
"级别",""
"\n<女将>哦！ 如果你认为某人在这样的时间，你是不是一个勇敢的人！ 你怎么样了？",""
"\n<ムー>深夜。 你还有多余的房间吗？",""
"\n<女将>那里有足够的空间♥请！ 请留下来♥所以把你的名字放在旅馆的帐本上...",""
"Sp",""
"锡安",""
"体力","HP"
"惠普",""
"Tp",""
"\n<ムー>一段时间，你可能会照顾。 客栈...",""
"经验值",""
"\n<女将>这样！ 从勇敢的人，没有客栈！ 哦，你太累了！ 把行李放在你的房间里！",""
"Exp",""
"\n<女将>慢♥",""
"\n<女将>，龙先生会下床吗？ 我能带一条毯子还是别的什么？",""
"\n<ムー>不。 我睡觉时不在这里，所以没关系。",""
"""<女将>？",""
"\n<ムー>，我该说什么？ 就像一个召唤的野兽，俗话说。 睡觉时，你回到那边。",""
"\n<女将>那边？ 我明白了。 你想吃米饭吗？",""
"我想吃<ムー>\ n。",""
"<女将> ♥",""
"设备",""
"\n<ムー>我吃了一顿饭。 对待你",""
"\n<ムー>。 你想看看旅馆吗？",""
"• 操作说明方向：移动 Ctrl：跳过消息",""
"取消键：打开菜单的决定键长按：快进 SHIFT：短划线/步行",""
"游戏结束",""
"选项",""
"最强的设备",""
"全部移除",""
"穆",""
"康蒂纽",""
"到标题",""
"停止",""
"购买",""
"他们卖",""
"最大HP","Max HP"
"最大MP","Max MP"
"攻击力",""
"防御","Defend"
"技巧","Technique"
"精神力","Willpower"
"敏捷性","Speed"
"战斗力",""
"命中率",""
"避免率",""
"对 %1 不起作用！",""
"%1 损坏了 %2！",""
"%1 被吸了 %2 %3！",""
"%1 %2 增加 %3！",""
"%1 %2 减少 %3！",""
"%1 没有损坏！",""
"小姐！　%1 没有损坏！",""
"%1 %2 恢复 %3！",""
"始终短划线",""
"BGM 音量",""
"BGS 音量",""
"%1 %2 上升！",""
"%1 %2 已恢复原位！",""
"命令存储",""
"反击%1！",""
"疼痛的打击！！",""
"一击的心灵！！",""
"%1 %2 下降！",""
"%1输掉了比赛。",""
"%1 出现！",""
"伤害 %2 %1 ！",""
"%1 %2 吸 %3！",""
"%1 不会造成伤害！",""
"小姐！　%1 不会造成伤害！",""
"但我逃不掉！",""
"\n<冒険者>？ 哦，你有传言说，当然，这是一把大剑来划分你的身体。",""
"\n<ムー>说最好小一点。 似乎大一点是好的。",""
"大的很酷",""
"大暨小",""
"当前 %1",""
"文件",""
"\n<ムー>这听。 哦，我的天",""
"%1 上升到 %2 %3！",""
"\n<冒険者>好！ 我喜欢那种东西。 武器是九成，你喜欢它的外观。",""
"\n<冒険者>我住在隔壁房间。 你会呆一会儿，是吗？ 很高兴见到你。",""
"%1抵消了魔法！",""
"%1反弹魔术！",""
"ME 音量",""
"赚取 %1 %2！",""
"我拿到钱了！1\G！",""
"我拿到%1了！",""
"我学会了%1！",""
"有多少",""
"%1 领先！",""
"您要保存哪些文件？",""
"SE 音量",""
"%1 已获取 %2！",""
"%1 出乎意料！",""
"%1 使用 %2！",""
"%1 赢！",""
"梦想中的流浪者",""
"炼金术士",""
"治安维持者",""
"神秘女孩",""
"勇者",""
"材料保护技能",""
"巴哈姆托",""
"\n<ムー>我已经说过很多次，如果我潜入我的怀抱，我将无法反应。",""
"攻击",""
"\n<冒険者>狂野。 我想看一次战斗。",""
"攻击！",""
"在保护自己。",""
"连续攻击",""
"两次攻击",""
"三次攻击",""
"逃跑",""
"已经逃跑了",""
"观看",""
"正在观察。",""
"脚跟",""
"什么水壶会恢复混乱
魔法",""
"唱%1！",""
"火",""
"哦，我烧了它",""
"火花",""
"斯帕金！",""
"切断！",""
"\n<女将>从勇敢的人那里拿钱是荒谬的！ 旅馆的名字也会出售，所以请留下来，不要介意♥",""
"你得说！",""
"我不知道该怎么办。",""
"- 敌人攻击 - - - -",""
"慢慢地，我用手舔了舔它！",""
"\n<ムー>不要太高兴。 你似乎是个卑鄙的人",""
"手工作 2",""
"\n<女将>我不介意吃饭♥明天晚餐会摇摇手臂♥♥它是免费的♥♥",""
"我用手处理它！",""
"手工作 3",""
"\n<ムー>，所以不要看起来快乐。",""
"我用手严厉地对待它！",""
"手工作 4",""
"我用手处理了一些令人心毁的苦苦！",""
"手工作 5",""
"他用手指把鸡巴放在...",""
"手工作紧握",""
"我紧紧地抓住我的鸡巴，并疯狂地对待它！！",""
"让我们<ムー>吧， 相反，如果在这个村子里能做一份工作，我会帮你的。",""
"\n<女将>请稍后写一个签名♥这是一个英雄认可的住宿！ ♥",""
"\n<ムー>感觉好像我好像在高高。 ・・・",""
"\n<女将>英雄的房间是作为英雄之间的特色♥",""
"慢慢地，我慢慢地用脚在浴缸里！",""
"足部工作 2",""
"我一直在用脚治疗它！",""
"足部工作 3",""
"我用脚狠狠地对待它！",""
"足部工作 4",""
"我一直在用脚对付它！",""
"你吻了我！",""
"排水吻",""
"排水吻！",""
"猛烈地接吻",""
"我的嘴唇上被咬了！",""
"拧舌头",""
"把长长的舌头拧到喉咙后面！",""
"木木",""
"我会在一边处理你的鸡巴。",""
"木木瓦基 2",""
"在一边处理鸡巴！",""
"木木瓦基 3",""
"被汗水的一边处理！",""
"侧紧",""
"我紧紧地紧紧地把一边紧紧着！",""
"贝洛图",""
"贝洛丘攻击！",""
"诱惑",""
"我让他展示我的身体！",""
"他一边一边朝脸走来！",""
"我胸口夹住我的脸！",""
"舔",""
"我舔了舔你的脸！",""
"腰部摆动弱",""
"慢慢地摇了摇臀部！",""
"在腰部摆动",""
"我摇了摇腰！",""
"腰部紧固",""
"我紧紧地收紧了阴道！",""
"挥动你的臀部",""
"来敲打他的腰部在一个毁灭性的！！",""
"吸吮",""
"我吸了！",""
"腰部摆动力",""
"我摇了摇臀部！",""
"插入大伤害",""
"我慢慢地坐了下来。",""
"插入",""
"被邀请和摆动腰部",""
"我摇了摇腰，而被邀请。",""
"阴道反应损伤",""
"阴道缠住...",""
"投掷腰部",""
"慢慢地，我上下腰部，用阴道治疗我的鸡巴...",""
"诱惑（显示胸部",""
"我一直想展示我的胸部...",""
"诱惑2（显示身体",""
"留意身体...",""
"诱惑 3 （螺旋）",""
"我让我的身体变得不愉快...",""
"诱惑4（诱惑）",""
"兴奋被诱惑所增强...",""
"诱惑手工作",""
"我假装在对待你，并引诱我...",""
"尤因，我什么都不做",""
"呼吸急促...",""
"尤因什么都不做2",""
"脸红了...",""
"乳房摩擦",""
"我舔了舔我的胸部！",""
"舔你的奶嘴",""
"我一直在舔我的奶嘴！",""
"舔你的胃",""
"我舔了舔我的肚子！",""
"拥抱",""
"我紧紧地拥抱着你！",""
"我嘴里有一只鸡巴！",""
"我一直在舔你的鸡巴！",""
"我一直在吸吮和舔我的鸡巴！",""
"我一直在舔我的鸡巴！",""
"触手吸吮",""
"直接从睾丸吸过暨！",""
"触手吸吮 2",""
"已经犯了尿道与触手！！",""
"触手吸吮 3",""
"把血吸进触角...",""
"触手吸吮 4",""
"被挤在挤机关里吸了！",""
"蒂蒂蒂利",""
"我慢慢地被派了",""
"蒂蒂利 2",""
"蒂蒂蒂攻击！",""
"蒂蒂利 3",""
"我一直在用乳房大力治疗它！",""
"蒂蒂利 4",""
"被弄乱的胸部！！",""
"蒂蒂利吉",""
"我挤在了一起！",""
"山谷中的百合",""
"我舔了舔我的鸡巴在胸部！",""
"双",""
"用胸部和舌头吮吸你的鸡巴！",""
"两人之间",""
"鸡巴夹在中间！",""
"吸吮奶嘴",""
"已经诱惑了！",""
"馅饼紧固",""
"大腿工作",""
"我夹在大腿上！",""
"大腿工作 2",""
"我一直在用大腿猛烈地对待它！",""
"大腿工作 3",""
"我的腿被挤压了。",""
"我对待我的鸡巴很坚强！",""
"腰部摆动背部 4",""
"小 山雀 蒂蒂利",""
"擦了擦一个小乳房...",""
"小 山雀 蒂蒂利 2",""
"我擦了擦她的奶嘴！",""
"小 山雀 蒂蒂利 3",""
"我推着我的胸部！",""
"背面",""
"背面 2",""
"猛烈地摇了摇臀部！",""
"背面 3",""
"背面 4",""
"迪克吻",""
"一直在亲吻你的鸡巴！",""
"触手操作",""
"我一直在用触手处理它！",""
"真空 1",""
"真空！",""
"吸血",""
"我一直在试图吸出我的精神！",""
"真空 2",""
"被猛烈地真空在嘴里...",""
"前列腺责备 +",""
"而舔迪克",""
"把手指屁股的洞里！",""
"女性生殖器责备 + 2",""
"我用手指舔女人的容器！",""
"全喝",""
"吞下他的鸡巴！",""
"面容敲打",""
"我打屁股在脸上！",""
"面容毒药",""
"我脸上擦了擦！",""
"我闻到女人的味道，",""
"面容毒药 2",""
"信息素被流进鼻子里！",""
"面容 3 黑暗",""
"被压在阿索科",""
"被迫舔...",""
"面容 4 黑暗",""
"已经擦在脸上！",""
"霍奥祖里",""
"她爱着他的鸡巴，",""
"泡芙泡芙",""
"已经泡了！",""
"胸窒息","胸窒息"
"把乳房压在脸上！",""
"牛奶肉是粘在一起，不能呼吸...",""
"乳房",""
"脸被包裹在胸部...",""
"拥抱我",""
"我紧紧地抱着我...",""
"面部践踏",""
"他踩在脸上了！",""
"脸践踏2舔",""
"我舔了舔我的脚底...",""
"你脸上的三只嗅探",""
"我闻到了脚的味道。",""
"诱惑手淫",""
"我最终对待自己的鸡巴，而不会抗拒的魅力！",""
"信息素",""
"我闻到了信息素！",""
"闻闻",""
"从身体里弥漫着甜美的气味...",""
"奥纳",""
"处理你的鸡巴，以适应你的手的运动！",""
"母乳喂养",""
"我喂了母乳...",""
"蒂蒂蒂诱惑",""
"腰部被夹在胸部中，可以随意移动。",""
"蒂蒂蒂诱惑2",""
"我擦我的鸡巴在山谷，而被邀请！",""
"蒂蒂蒂接吻",""
"我吻了你，而你被派了。",""
"奶嘴",""
"我的鸡巴被舔在嘴的胸部！",""
"我的公鸡被放进了她的奶嘴里！",""
"立即死亡插入",""
"手工作责备",""
"海龟的头用手掌擦了擦！",""
"奶嘴吠叫",""
"我让她的奶嘴吠叫...",""
"屁股工作",""
"我一直在用屁股的裂缝治疗我的鸡巴...",""
"屁股工作 2",""
"我一直在推你的屁股在迪克！",""
"屁股工作 3",""
"我狠狠地把屁股擦在鸡巴上！",""
"插入奶嘴",""
"不能拉出公鸡在嘴里的奶嘴！",""
"插入奶嘴 2",""
"我摇了摇臀部对她的奶嘴...",""
"插入奶嘴 3",""
"我的公鸡被吞下的奶嘴里。",""
"全身蒂蒂利",""
"粉碎整个身体在巨大的乳房！",""
"全身蒂蒂利 2",""
"包裹在胸部...",""
"全身蒂蒂利 3",""
"被夹在山谷里，整个身体被软肉对待！！",""
"全身舔",""
"用舌头舔整个身体...",""
"全身舔 2",""
"全身都滚在嘴里...",""
"全身舔 3",""
"整个身体被咬在嘴里！！",""
"最小 Asoko 插入",""
"被阿索科吞没了！",""
"最小阿索科插入 2",""
"全身包裹在女性生殖器！",""
"最小阿索科插入 3",""
"阴道壁摩擦整个身体！！",""
"全身脚工作",""
"全身被踩在脚上！",""
"全身脚工作 2",""
"我一直在治疗每个身体的鸡巴在脚底！！",""
"双手工作",""
"双手工作！",""
"双迪克接吻",""
"两个人吻了鸡巴！",""
"双屁股工作",""
"被夹在屁股里，被舔了！",""
"双尾工作",""
"我一直在用两条尾巴处理它！",""
"双脸颊",""
"我夹在两个身上的鸡巴上！",""
"背犯",""
"被从后面搞砸...",""
"诱惑回来",""
"我抓住我的臀部，而被邀请！",""
"活塞吻",""
"我吻了我，摇了摇腰！",""
"泡芙帕夫骑",""
"被推在脸上，而犯了一个牛仔！",""
"头发工作",""
"我把手上缠着头发！",""
"脸骑脚工作",""
"已经处理迪克与脚，保持面容！",""
"膝盖背工作",""
"我一直在处理我的鸡巴在膝盖后面！",""
"魔法工作 1",""
"魔法粘在你的鸡巴上！",""
"魔法工作2",""
"愉快地挥动手指...",""
"魔法工作3",""
"我一直在用魔法对付你的鸡巴！",""
"脚舔和正常位置",""
"我舔我的脚底，而插入！",""
"拥抱正常位置",""
"我紧紧地抱住你。",""
"接吻正常位置",""
"我吻了你，没有连接...",""
"佩尼万",""
"从后面冲过来！",""
"佩尼万 2 阿诺",""
"[n]1]我坐在肛门，摇了摇臀部！",""
"佩尼万 2 阴道",""
"[n]1]插入阴道，摇动腰部！",""
"佩尼万 3",""
"猛烈地推来！！",""
"尾巴插入阿雅",""
"我拧我的尾巴到肛门！",""
"尾巴插入",""
"把尾巴拧到女生殖器上！",""
"娃娃舔",""
"我舔了一个洋娃娃，并展示了它！",""
"娃娃蒂蒂蒂利",""
"我胸前夹了一个洋娃娃！",""
"手指插入",""
"把手指拧到女人的容器上，然后扭动它！",""
"把手指拧到肛门上，然后扭动它！",""
"尾巴吸吮",""
"被吸进你的鸡巴在尾巴！",""
"尾巴吸吮 2",""
"被吸进尾巴的尾巴！",""
"被吞没",""
"被吞没身体...",""
"收紧技术（大腿）",""
"身体被收紧到大腿上！",""
"大腿",""
"收紧你的鸡巴与大腿！",""
"奇比手指工作　",""
"我的手指被摘下我的鸡巴...",""
"奇比手指工作 2",""
"用手指舔小迪克！",""
"肚子里",""
"娃娃在肚子里被宠了一去不发！",""
"烧焦的手工作",""
"我轻轻地对待我的鸡巴，以烧它。",""
"哺乳手工作",""
"喂奶时用手处理！",""
"贝罗奇尤女牛仔",""
"我摇了摇臀部在牛仔，而贝洛图！",""
"一个",""
"身体被擦了擦！",""
"屁股诱惑",""
"我一直在引诱我的屁股...",""
"毁了高潮",""
"把手从鸡巴上拿开",""
"水触手 1",""
"我用触手把鸡巴弄得一去不开！",""
"水触手 2",""
"触手缠绕在迪克上...",""
"电动安马",""
"一直用电！",""
"舌头插入",""
"魔法",""
"野兽/尾巴工作",""
"水","Water"
"雷","Thunder"
"盾",""
"防具",""
"技能",""
"药物",""
"日用品",""
"女士",""
"低压",""
"精力",""
"战斗",""
"项目",""
"状态",""
"排序",""
"保存",""
"新游戏",""
"%1跑了！",""
"%1 躲过攻击！",""
"到下一个 %1",""
"您要加载哪些文件？",""
"而抓住迪克",""
"我处理了它，因为它似乎被切断了！！",""
"我已经把舌头拧到肛门了！",""
"舌头尾插入",""
"尿道责备舌头",""
"已经犯了尿道与舌头！",""
"肛门 性爱 弱",""
"嘴里有一个公鸡在屁股孔！",""
"擦你的鸡巴在肠壁上！",""
"肛门紧固",""
"我收紧了你的鸡巴在屁股！",""
"肛门毁灭",""
"迪克被吞下在屁股和舔！！",""
"能量排水肛门",""
"能量耗尽！",""
"我试图从我的鸡巴吸力...",""
"胎内回归",""
"子宫内回归！",""
"\n[1]被带进子宫里...",""
"极简肛门",""
"我已经把身体插入了屁股...",""
"我的胸部肿了。",""
"我的胸部膨胀了！",""
"面部舔",""
"我舔了舔你的脸...",""
"夹在胸前",""
"把鸡巴夹在胸膛里！",""
"阿索科摩擦 1 根拐杖",""
"把鸡巴擦在阿索科...",""
"Asoko 擦 2 根股",""
"已经擦了擦阿索科！",""
"阿索科摩擦 3 根股",""
"强烈推动女性生殖器到迪克",""
"我狠狠地擦了擦后肌！",""
"- 梅尔布雷",""
"我引诱你...",""
"射精伤害",""
"我射精了！",""
"处理",""
"我处理了破布！",""
"～～魔法～～",""
"防御向下",""
"防守下来！",""
"[n]身体变得敏感！",""
"老板雷球",""
"老板戳",""
"老板火",""
"-敌人的子弹",""
"扫描火",""
"马沙刀",""
"鸡蛋",""
"毒药",""
"在这样的世界里",""
"托尔特枪伤害",""
"托尔特枪制作",""
"莉莉丝投掷吻",""
"钢琴投掷",""
"苹果伤害",""
"- 行动武器 -",""
"斩波伤害",""
"刺伤",""
"伤害伤害",""
"药水",""
"切",""
"诱惑伤害",""
"碎盘子",""
"爆炸",""
"重钝器",""
"出血三连击",""
"梅塞里",""
"卫星激光",""
"刺刀伤害（穿透）",""
"刺突（出血）",""
"2 路药水",""
"卵","卵"
"哈利勒之剑",""
"锁上了...",""
"火焰伤害",""
"闪电伤害",""
"水损害",""
"梅吉里大",""
"大刀切伤伤害",""
"闪电斩波伤害",""
"食物损坏",""
"冰切伤害",""
"枪伤",""
"保拉星伤害",""
"铁路枪伤害",""
"木",""
"是的，是的。",""
"\n<ムー>为明天做准备吗？",""
"不，先生",""
"光之箭",""
"我要和穆谈谈",""
"火焰喷射器",""
"施普尔伤害",""
"枪伤雷声",""
"\n<ムー>我想睡觉了。",""
"内梅西斯伤害",""
"枪伤 15",""
"～勇者用～",""
"殴打",""
"关于未来",""
"过去的事情",""
"触摸",""
"女房东的烹饪",""
"打",""
"\n<ムー>暂时在这个村子里。 希望能找到一些关于魔王下落的线索。",""
"\n<ムー>明天去冒险公会，和大师谈谈。 嗯，希望似乎渺小。",""
"\n<ムー>在这里完成请求时收集信息，如果没有任何信息，则将其迁至王都。 像这样吗？",""
"压缩",""
"用刚性压缩螺钉下盖
打击属性，技术依赖",""
"我打中了！",""
"切开",""
"尝试断开连接
斩杀属性，取决于技能。",""
"被砍掉！",""
"\n<ムー>第一次来的村庄，我立刻就发现你是一个勇敢的人。 这是否意味着它来与一些坚持？ 嗯，这要归功于我。",""
"斩首",""
"\n<ムー>但今天我走得很好。 我应该在港口城市坐马车吗？ 很快，你就是那个坏蛋了。",""
"用力砍掉它
斩杀属性，取决于技能。",""
"\n<ムー>我迷路了，我迷路了，我快要走了一个星期了。 如果是马车，你五小时后就到了。",""
"用力挥动剑！",""
"把敌人分成两部分
斩杀属性，取决于技能。",""
"把一把大剑摇到脑上！",""
"把敌人烧得火上去
火焰属性，取决于技术",""
"火山",""
"<ムー>ふ不会",""
"纳米耀斑",""
"消灭敌人，使敌人成为木炭
火焰属性，取决于技术",""
"淹没敌人
水属性，取决于技术",""
"级联",""
"向敌人打瀑布般的水
水属性，取决于技术",""
"\n<ムー>很久以后就吃了像样的东西。 我讨厌只烤我的兔子。",""
"海洋",""
"把敌人沉入海里
水属性，取决于技术",""
"雷鸣",""
"触电敌人
闪电属性，技术依赖",""
"闪电",""
"\n<ムー>。 让我们好好休息一下。 明天见。",""
"他们打雷击
闪电属性，技术依赖",""
"特斯拉",""
"\n<ムー>你累了吗？ 它。 现在，让我们去冒险家公会。",""
"产生足够的电力来打破星星
闪电属性，技术依赖",""
"发射冲击波，在龙的咆哮中听到
斩杀属性，取决于技能。",""
"释放%1！",""
"龙气法",""
"把龙的力量放在恢复体力上
敏捷依赖体力恢复",""
"我心在！",""
"\n<女将>小心。 冒险家公会♥冒险家公会，如果你去，就在这个旅馆后面♪",""
"降龙波",""
"发射冲击波，在龙的咆哮中听到
斩击属性，取决于技能，并给予吠叫",""
"龙闪",""
"在眨眼之间连续射击
斩击属性，取决于攻击力。",""
"落龙",""
"从天上摇下来的瘦身打击
闪电属性 技术依赖 防御忽视 吠叫授予",""
"火龙烧",""
"\n<若い女>！ 让这个生物♥♥摸一下可爱♥",""
"\n<ムー>我是圣龙巴哈姆托。 不要随意触摸它。",""
"\n<若い女>！ 我聊了一会♥很可爱，但♥和♥",""
"<ムー>ふ这不会发生。",""
"怒龙",""
"\n<若い女>，我们享受了。 够了",""
"\n<ムー>冷却得太快了。",""
"用于前 HP 减少",""
"- 盟友攻击",""
"胸部责备 Lv1",""
"轻轻地舔你的乳房
胸部属性，取决于技能",""
"轻轻地舔了揉胸膛！",""
"胸部责备 Lv2",""
"开始舔你的胸部
胸部属性，取决于技能",""
"我舔了揉胸膛！",""
"胸部责备 Lv3",""
"\n<見張り>，勇敢的人！ 不，最近有很多怪物，所以麻烦了！ 我来救你！",""
"抓住你的胸部
胸部属性，取决于技能",""
"\n<ムー>去接受征服请求吗？ 公会在村子的东北面。",""
"抓住她的胸部，开始猛烈地舔它！",""
"屁股 责备 Lv1",""
"轻轻地舔你的屁股
屁股属性， 技术依赖",""
"轻轻地舔了舔屁股！",""
"屁股 责备 Lv2",""
"他们狠狠地扭动了屁股
屁股属性， 技术依赖",""
"\n<おじさん>似乎有一个非常接近人类的形状。 他们到底是谁？",""
"我狠狠地扭动了屁股！",""
"\n<ムー>怪物是思考如何杀死人类的生物。 欺骗一个人的外表可能更有效。",""
"屁股 责备 Lv3",""
"\n<おじさん>说效率好， 为什么首先攻击人类...",""
"指责肛门用手指
屁股属性， 技术依赖",""
"把手指插在屁股上！",""
"阿索科责备 Lv1",""
"用手指舔阿索科
阴道属性，取决于技能",""
"我礼貌地舔了阿索科！",""
"阿索科责备 Lv2",""
"用手指搅动阿索科
阴道属性，取决于技能",""
"插入手指，在阴道中搅动！",""
"阿索科责备 Lv3",""
"礼貌地责怪敏感的地方
阴道属性，取决于技能",""
"我轻轻地责备！",""
"舔耳朵",""
"舔耳朵，降低对手的进攻能力
接吻属性， 技巧依赖， 虚弱",""
"我舔了舔耳朵！",""
"舔颈部肌肉",""
"舔你的颈部肌肉，降低对手的防御能力
接吻属性 技巧依赖 敏感授予",""
"我舔了舔我的脖子！",""
"吻 Lv1",""
"交上嘴唇，在精神上振奋人心
接吻属性，技术依赖",""
"他轻轻地说话了！",""
"接吻 Lv2",""
"扭曲舌头像贪婪
接吻属性，技术依赖",""
"我吻了你深吻！",""
"活塞 Lv1",""
"挥动臀部攻击
阴道属性攻击力 + 技能依赖性",""
"摇了摇臀部！",""
"活塞 Lv2",""
"猛烈地挥动臀部攻击
阴道属性攻击力 + 技能依赖授予吠叫",""
"集中","concentration"
"治愈状态异常，在几圈获得耐受性
状态异常释放电阻",""
"提高了注意力...",""
"治疗",""
"治愈状态异常，稍微恢复能量
技能依赖 状态异常释放能量恢复小",""
"治疗！",""
"消除",""
"摆脱过去的痛苦回忆
解除对失败的记忆 防御能力 UP 精神力量 UP",""
"我改变了主意！",""
"深呼吸","Deep Breathing"
"呼吸恢复活力
技能依赖能量恢复小",""
"我呼吸了一下...",""
"冥想",""
"冥想以恢复能量
技术依赖，能量恢复。",""
"我平静下来了...",""
"精神统一。",""
"统一精神，恢复全部能量
完全恢复能量",""
"磨练精神！",""
"明镜止水。",""
"带着邪恶之念，回到清醒的头脑
能量完全恢复 状态异常释放",""
"你为邪恶而付出了代价！",""
"调查",""
"观察和观察对方
敌人状态弱点指示",""
"我仔细观察了\n[3]。",""
"警戒",""
"能够迅速作出反应
敏捷 2x 2 转",""
"休息",""
"用大剑攻击
打击属性，技术依赖",""
"一个力量被炸掉
打击属性，技术依赖",""
"我打了你！",""
"从地下喷出火柱
火焰属性，取决于技术",""
"一边变成焦土
火焰属性，取决于技术",""
"狂暴的龙砍掉四肢
斩击属性，取决于攻击力。",""
"休息一会儿，恢复体力
敏捷依赖体能恢复小",""
"我平静下来了，",""
"拉什",""
"离开势头，连续两次抚摸　
攻击力",""
"留给势头和爱抚！",""
"离开势头，并连续三次抚摸　
攻击力",""
"我抚摸着我的发脾气！",""
"发痒",""
"发痒和吠叫
技术依赖",""
"我擦了擦我的窝窝！",""
"推倒",""
"推倒对手并约束他们",""
"推倒\n[3]！",""
"奥拉奥拉",""
"连续四次抚摸愤怒的势头　
攻击力",""
"""老老老老老老拉！ 」",""
"超速",""
"通过特殊的呼吸方法提高体能
能量完全恢复 攻击能力 UP 技术 UP",""
"呼吸好了！",""
"气功",""
"从外部空气中去除空气，恢复体力
敏捷依赖体能恢复",""
"从对方的嘴里吸出能量
精神力量依赖",""
"我嘴里吸得厉害！",""
"我打了我！",""
"电力消耗",""
"吸取对手力量的恶魔的艺术
精神力量依赖",""
"吸了力！",""
"恢复魔法恢复能量
敏捷依赖性",""
"他背诵了治疗！",""
"决心",""
"在心里宣誓
能量完全恢复 行动次数 +1 4 圈",""
"他下定决心了！",""
"他们开车",""
"攻击自己
攻击力取决于 TP 增加小",""
"治疗迪克！",""
"放弃",""
"让自己快乐
行动不通",""
"我放弃了...",""
"内性",""
"放弃战斗
行动不行 敌人行动选择",""
"你",""
"是啊！",""
"传送",""
"我要回家了。",""
"测试恢复",""
"淡薄荷的气味
恢复 30% + 200 能量",""
"测试体力恢复",""
"淡橙的味道
恢复 30% + 20 的体力",""
"迪斯珀·赫伯",""
"2000 伤害药物",""
"使用药物，你会感觉2000分钟
造成2000点伤害",""
"4000 伤害药物",""
"使用药物，你会感觉4000分钟
造成4000点伤害",""
"8000 伤害药物",""
"使用药物，你会感觉8000分钟
造成8000点伤害",""
"敌人4000恢复药物",""
"使用 4000 分钟清洁药物
你的对手将恢复4000",""
"测试毒药",""
"为敌人施毒",""
"900000 伤害药物",""
"使用药物，你会感觉90000分钟
900000 伤害",""
"- 恢复项目 |",""
"能量剂",""
"淡薄荷的气味
能量 30% = 200 恢复",""
"能量剂 α",""
"薄荷的气味
能量 50% + 200 恢复",""
"能量剂测试版",""
"浓薄荷的气味
能量 70% + 200 恢复",""
"薄荷的气味比薄荷
完全恢复能量",""
"恢复体能的药物",""
"淡橙的味道
30%+5的体力恢复",""
"橙味
50%+5的体力恢复",""
"恢复体能的药物测试版",""
"深橙色的味道
70% 的体力",""
"橙色的味道，这是故意的
完全恢复体力",""
"草药汁",""
"用磨碎的草药调味的
能量恢复30%",""
"冒险的朋友，在精神上和精神上都精力充沛
能量恢复 50%",""
"乙醚",""
"浓缩和液化大气的魔力
70%的体力恢复",""
"灵丹妙药",""
"炼金产品尚未建立
能量恢复 TP 增加超大",""
"兴奋剂",""
"肾上腺素大量出现的药物
TP 增加大",""
"觉醒药物",""
"最后一种合法药物
TP 增加超大",""
"攻击药物",""
"攻击力和技巧暂时增强的药物
攻击力 UP 技术 UP TP 增加小",""
"防御药物",""
"暂时提高防御和精神力量的药物
防御 UP 精神力量 UP TP 增加小",""
"耐用药物",""
"最大能量暂时增加的药物
最大能量 UP（可叠加） TP 增加小",""
"最后一张王牌",""
"有能力弯曲命运的卡片
恢复体力完全恢复全能力UP",""
"恶魔的秘密",""
"在身体中隐藏恶魔力量的幻象的秘诀
所有状态 1.5 倍（在战斗中）",""
"西纳皮斯水",""
"治疗万病的药物
能量恢复 TP 增加超大",""
"Attec 8",""
"世界所期待的新药
50%的体力恢复副作用",""
"强成人液体",""
"你可以让他们明白
造成1000点伤害",""
"红瓶咖啡",""
"平常的味道
TP 增加超大解锁",""
"眼药水",""
"用眼睛服用的恢复药物
能量恢复15%解除状态异常变得黑暗",""
"营养饮料",""
"补充营养和恢复体力
体力20恢复，虚弱",""
"安普尔",""
"镇静疼痛，恢复体力
完全恢复体力，虚弱。",""
"草药",""
"植物根部的粉末
魔法战状态异常释放",""
"农合牛奶",""
"不要停止！
魔法战状态异常释放",""
"- 兴奋剂项目 -",""
"阿塔克的果实",""
"坚果，成为想吃，你想吃
攻击力 +1（持久）",""
"德夫的果实",""
"吃时皮肤变硬的坚果
防御 +1（持久）",""
"技术事实",""
"吃起来时，手变得灵巧的坚果
技术 +1 （永久）",""
"矿果",""
"吃起来在精神上更强壮的坚果
精神力量 +1 （永久）",""
"阿齐利的果实",""
"树的果实，当吃时，瞬间的力量会变好。
敏捷 +1（持久）",""
"德斯托的果实",""
"吃树的果实，增加破坏的冲动
战斗力 +1 （永久）",""
"埃内尔的果实",""
"吃时吃坚果
最大能量 +20 （永久）",""
"马苏尔的果实",""
"树的果实，当吃时更容易有肌肉
最大耐力 +5（永久）",""
"材料项目 -",""
"精力草","Herb"
"吃和精草
材料",""
"体力草",""
"含有有益健康的成分的草
材料",""
"强化草。",""
"混合时增强效果的草
材料",""
"幸福草","Lucky Herb"
"吸吮和成长的草，以吸收一个人的幸福
材料",""
"铁矿石",""
"含大量铁的矿石
材料",""
"金矿石",""
"含有大量黄金的矿石
材料",""
"红宝石",""
"红得像燃烧的火焰一样的宝石
材料",""
"海蓝宝石",""
"蓝色如平静的大海的宝石
材料",""
"绿宝石",""
"绿色宝石像风摇曳的叶子
材料",""
"钻石",""
"当你踩到地球时诞生的宝石
材料",""
"淫石","Lust Stone"
"对恶魔魔法反应的可疑宝石
材料",""
"野兽之矛",""
"牙齿，使人和动物美味
材料",""
"恶魔的角",""
"一个角落，灌输恐惧的人谁看到
材料",""
"木材",""
"硬干树，感觉良好
材料",""
"风切羽毛",""
"轻羽毛，感受风的魔力
材料",""
"蜘蛛丝",""
"擅长编织的手工技巧的坚固纱线
材料",""
"三罗子",""
"独特的光泽鳞
材料",""
"像羊毛一样的东西
材料",""
"毛皮",""
"舒适的浓密毛皮
材料",""
"纸草",""
"非常坚固的滚动与神秘的语言
材料",""
"胶粉",""
"混合水时无法抓住的粉末
材料",""
"桑戈西壳",""
"模仿植物的昆虫壳
材料",""
"直立的蝙蝠粪便",""
"一种闻起来像一只不能在白天行式双足行走的蝙蝠的粪便
材料",""
"捕光石","Light-catching stones"
"石头有限制光的特性，当它们被打破时发光。
材料",""
"燃料贝。",""
"火壳燃烧猛烈
材料",""
"心灵的水晶",""
"人属性的魔力结晶
材料",""
"邪恶之水晶",""
"邪恶属性的魔力结晶
材料",""
"野兽的水晶",""
"野兽属性的魔力是结晶的
材料",""
"水晶体",""
"水属性的魔力结晶
材料",""
"风之水晶",""
"风属性的魔力结晶
材料",""
"昆虫晶体",""
"昆虫属性的魔力结晶
材料",""
"草的水晶",""
"草属性的魔力结晶
材料",""
"机器零件",""
"波罗的零件部分
材料",""
"- 重要的东西 -",""
"返回之翼",""
"传送的魔力之翼
我们可以回到你的基地",""
"炼金工具",""
"炼金术的一套工具
你可以在任何地方做炼金术。",""
"大而长的木材",""
"长而坚固的木材，似乎取代桥梁
材料事件项目",""
"袖珍避难所",""
"一个小球，由一个梦想的岛屿浓缩而成
他们进入",""
"客厅的钥匙",""
"客厅和标签的钥匙
",""
"会议室钥匙",""
"会议室和带标签的钥匙
",""
"接待员钥匙",""
"带接待处和标签的钥匙
",""
"药房钥匙",""
"药房和标签密钥
",""
"院长办公室的钥匙",""
"院长办公室和标签的钥匙
",""
"106房间的钥匙",""
"106 和标记密钥
",""
"木箱",""
"里面有东西，但很硬，不能打开它。
",""
"储物柜钥匙",""
"护士掉落的储物柜钥匙",""
"厚而坚固的日志",""
"日志，可用于船舶的催化剂
事件项目",""
"访问密钥",""
"开门的钥匙
事件项目",""
"紧绊",""
"钓鱼竿，即使美人鱼可以挂
事件项目",""
"-梦想的碎片",""
"一块梦",""
"我记忆中充满梦想的碎片",""
"猎人的碎片",""
"职业梦想的碎片，与恶魔战斗",""
"商人的碎片",""
"充满商业知识的梦想",""
"夏洛特的碎片",""
"夏洛特记忆中充满梦想的碎片",""
"爱丽丝的碎片",""
"爱丽丝记忆的梦",""
"利德尔的碎片",""
"一块充满里德尔记忆的梦想",""
"我父亲的碎片",""
"一块充满父亲记忆的梦想",""
"妈的碎片",""
"一块充满你母亲记忆的梦想",""
"小碎片",""
"一个梦想的碎片，充满了某人的小事件的记忆
材料　",""
"扭曲的碎片",""
"一块梦，充满了某人扭曲的记忆
材料　",""
"一块耻辱",""
"一块梦充满了某人的尴尬记忆
材料中毒中毒",""
"一片欢乐",""
"一块充满快乐记忆的梦
材料攻击力 UP 技术 UP 能量 500 恢复",""
"一片悲伤",""
"一块梦充满了某人的悲伤记忆
材料授予恐惧敏感",""
"愤怒的碎片",""
"一块梦充满了某人的愤怒的记忆
材料对恶魔的固定伤害为500",""
"记忆：处女",""
"记忆，还没有经验
生产时丢失",""
"- 失败的记忆",""
"失败的记忆：露娜",""
"被露娜挤得满满的记忆",""
"失败的记忆：女房东",""
"被女房东挤得一去不尽的记忆",""
"失败的记忆：萨库布斯（中级）",""
"被挤在萨库布斯（中级）的记忆",""
"失败的记忆：托尔特",""
"被特鲁特挤得满满的记忆",""
"失败的记忆：基尔什",""
"被基尔希挤在记忆中",""
"失败的记忆：夏洛特",""
"夏洛特挤在记忆中",""
"失败的记忆：玫瑰",""
"罗斯挤在记忆中",""
"失败的记忆：基耶里",""
"基耶里被挤在记忆中",""
"失败的记忆：艾米",""
"艾米挤在记忆中",""
"失败的记忆：爱丽丝",""
"爱丽丝挤在记忆中",""
"失败的记忆：诺诺",""
"被诺诺挤得满满的记忆",""
"失败的记忆：集群",""
"被挤入群集的记忆",""
"失败的记忆：普里祖马",""
"被普里兹玛挤得满满的记忆",""
"失败的记忆：西娜",""
"被西娜挤在记忆中",""
"失败的记忆：梦想",""
"被挤在梦里的记忆",""
"失败的记忆：波利",""
"失败的记忆：护士",""
"被护士挤得满满的记忆",""
"失败的记忆：嘴唇",""
"被挤在嘴唇上的记忆",""
"失败的记忆：海普诺",""
"被希普诺挤得一去不休的记忆",""
"失败的记忆：粘液",""
"被粘液挤得满满的记忆",""
"失败的记忆：西莱内",""
"被西莱内挤得一去不尽的记忆",""
"失败的记忆：女巫",""
"波莉挤在记忆中",""
"女巫所挤的记忆",""
"失败的记忆：精灵",""
"被精灵挤得水到心的记忆",""
"失败的记忆：塔科-钱",""
"被塔科-钱挤在记忆中",""
"失败的记忆：拉米亚",""
"被拉米亚挤在记忆中",""
"失败的记忆：埃拉塔",""
"被埃拉塔挤得一去不尽的记忆",""
"失败的记忆：丝质",""
"被丝质挤压的记忆",""
"降龙剑",""
"一把大剑，它舔了龙的力量
斩击 3 方向短间隙 45 穿透",""
"盘子飞盘",""
"破裂和无用的盘子
打击 2 方向长度 间隙 40",""
"苹果",""
"打它很痛。
打击 1 向长度 间隙 40",""
"一种对身体有害的药物，在炼金术中失败
水 1 方向长度 间隙 35",""
"他父亲·哈利勒最喜欢的剑。 维护良好。
斩击 2 方向短间隙 45 穿透",""
"熊投掷",""
"投掷库马里
打击 1 向长度 间隙 120",""
"试管",""
"分散装有毒药的试管
水 5 方向长度 间隙 60",""
"舞蹈风扇",""
"跳舞时散播扇子
诱惑 9 方向长度 间隙 100",""
"猩红唇",""
"投掷吻使敌人兴奋
诱惑 2 方向 间隙 30",""
"- 斩击武器 -",""
"羽毛剑",""
"像羽毛一样轻的剑
斩击 3 方向长度 间隙 30",""
"铁剑",""
"桑托里纳的廉价产品
斩首 4 向 短 间隙 45 穿透",""
"水果刀",""
"一把刀对着苹果皮
斩击 1 方向长度 间隙 30",""
"安装炸弹",""
"当敌人踩踏时爆炸的炸弹
火焰安装间隙 50",""
"钢琴",""
"钢琴打击乐
打击 1 向短间隙 200",""
"投掷枪",""
"不要随意扔
斩击 1 方向长度 间隙 60 穿透",""
"光之矛",""
"卫星激光！
火焰 1 向长间隙 60",""
"尤比夫耶尔",""
"暂时增加两三个手指的药物
击中盟友会暂时增加球的数量。",""
"大库马里",""
"库马里变得巨大，割伤敌人。
斩首一向短间隙 200",""
"火魔法书",""
"超级初学者魔法书，使小火的魔法可用
火焰 2 方向短间隙 45",""
"雷雷魔法书",""
"使用雷鸣魔法的初学者魔法书
闪电 1 向长度 间隙 45 穿透",""
"水的魔书",""
"初学者魔法书，使飞溅的魔法可用
水 5 方向短间隙 45",""
"普林基皮亚",""
"用数学方法解决自然理性的书
水 8 方向短间隙 40",""
"火焰的魔书",""
"一个初学者的魔法书，将允许火的魔法
火焰 3 方向短间隙 45",""
"射击刀",""
"四个方向的刀
斩首 4 方向 间隙 40",""
"黑暗魔法黑暗边缘",""
"然而，魔法从屁股里出来。
斩击 1 向短后间隙 45",""
"汉多克斯",""
"容易携带，但重的斧头
斩首 1 向短间隙 60",""
"战斗斧",""
"肌肉战士喜欢的战斗的盔甲
斩首 1 向短间隙 60",""
"重型斧头",""
"最好的斧头，因为抬起
斩首 1 向短间隙 90",""
"闪电射击",""
"在沉重的顶部麻木的斧头
闪电 1 向短间隙 90 穿透",""
"巨人之矛",""
"巨人的盔甲比一个人高
斩首 1 向短间隙 120",""
"裁判斧",""
"把许多罪减半的斧头
斩首 1 向短间隙 180",""
"手背剑",""
"忍者最喜欢的飞行工具
斩击 3 方向长度 间隙 20",""
"剑",""
"因设计错误而变得太短的剑
斩击 1 方向长度 间隙 30",""
"比斯皮尔",""
"容易投掷的小矛
斩击 2 方向长度 间隙 40 穿透",""
"叉",""
"扔在前面分为两部分
斩击 1 方向长度 间隙 45",""
"邮购刀",""
"我买了一个，我得到了两个相同的。
斩击 1 方向长度 间隙 30",""
"三刃",""
"剑，以确保对手在三组
斩击 1 方向长度 间隙 30",""
"流星剑",""
"当你扔它，剑增加到三个
斩击 1 方向长度 间隙 30",""
"无限边缘",""
"无限剑从虚空落下
斩首 7 方向长间隙 45",""
"火箭冲床",""
"浪漫不考虑飞行后的不便
打击 1 方向长度 间隙 80",""
"梅斯",""
"我打我时很痛。
打击 1 向 间隙 50",""
"锤子",""
"钉钉的工具
打击 1 向 间隙 50",""
"铁管",""
"拯救世界
打击 1 向 间隙 50",""
"波美兰",""
"飞毛腿式钝器不回来
冲程 3 方向长度 间隙 50",""
"皮科皮科锤",""
"当被殴打时，皮科！ 尖叫和死亡
打击 1 向 间隙 50",""
"被殴打时，他们挤在地衣上。
打击 1 向 间隙 50",""
"太极鱼",""
"所有触摸的鱼，切碎的鱼，美味。
斩击 1 方向长度 间隙 60",""
"米坎",""
"发霉的橘子
食物 1 方向长度 间隙 40",""
"南瓜和青鱼馅饼",""
"馅饼，没有包裹在温柔
食物 1 方向长度 间隙 40",""
"蛋糕",""
"像梦一样蛋糕
食品安装间隙 70",""
"午餐盘",""
"每个人喜欢的东西一点一点
食物 1 方向 间隙 50",""
"明星同性恋馅饼",""
"鱼馅饼，看着星星，吃的时候，你变成了星星。
食物 1 方向长度 间隙 70",""
"婚礼蛋糕",""
"给生命坟墓的蛋糕
食品安装间隙 70",""
"完整课程",""
"开胃菜汤鱼索尔贝肉蔬菜甜咖啡与毒药在一起
食物 1 方向 间隙 50",""
"情书",""
"一封有点病态的情书
诱惑 3 方向 间隙 40",""
"坏情书",""
"一封情书，包括头发或指甲与字母
诱惑 3 方向 间隙 40",""
"半块",""
"意外伤害某人
水 1 方向延迟间隙 60",""
"水枪",""
"用水压打孔的枪，然后重新加载
水 1 方向长度 间隙 180",""
"水巴祖卡",""
"水枪的上电版本，墙上有个洞。
水 1 方向长度 间隙 210",""
"水龙弹",""
"水枪，用于发射高压相冰
水 1 方向长度 间隙 240",""
"机枪",""
"它似乎能够飞在反冲，如果你击中底部
火焰 1 方向 间隙 6 固定伤害 3",""
"保拉之星",""
"北极星形手枪
火焰 1 向 间隙 20 级固定伤害",""
"猎枪",""
"近距离枪，大量子弹
火焰 10 方向短间隙 30 固定伤害 3",""
"铁路枪",""
"使用洛伦茨力加速和发射物体的设备
闪电 1 向长 间隙 300 固定伤害 100 地形穿透",""
"布雷斯甘",""
"女性武装搜索机器人机枪
火焰 2 方向长度间隙 6 固定伤害 3",""
"施普尔",""
"嗯，十二个，有人...
水 1 向长 间隙 15 级固定伤害",""
"马里奇甘",""
"猎枪，让你负责
火焰 20 方向短间隙 30 固定伤害 3",""
"炮塔枪",""
"安全安卓设备
闪电 5 方向 间隙 15 固定伤害 3",""
"群集枪",""
"子弹枪
闪电 16 方向 间隙 30 固定伤害 3",""
"陈索",""
"砍掉它，成为魔鬼的祭品
斩首 1 向短间隙 150",""
"暴风雨",""
"踩在上帝的雷声中
闪电安装间隙 300 穿透",""
"圣经",""
"当你踩到它时，光之箭落下来。
闪电安装间隙 300 穿透",""
"投射有火的液体的武器
火焰 5 方向短间隙 15 固定伤害 3",""
"内梅西斯",""
"女神的枪，象征着上帝的怨恨和惩罚
闪电 1 方向 间隙 30 50 级固定伤害",""
"深红",""
"今晚有人会死
闪电 2 方向 间隙 50 50 级固定伤害",""
"弗雷斯罗瓦",""
"用于焊接金属的工具
火焰 6 方向短间隙 15 固定伤害 3",""
"手枪",""
"易于处理的枪
火焰 1 方向 间隙 30 固定伤害 3 自定义零件设备",""
"爆裂枪",""
"手枪，同时改装，使三颗子弹出来
火焰 3 方向 间隙 30 固定伤害 3 自定义零件设备",""
"硬币射手",""
"使用洛伦茨力加速和发射硬币的设备
闪电 2 方向长度 间隙 300 固定伤害 100 地形穿透",""
"托尔特炸弹",""
"它的力量足以把托尔特飞一公里。
火焰安装间隙 999",""
"头骨面板",""
"炸弹像腹泻一样泄漏。
火焰安装间隙 10",""
"基尔施托尔特",""
"黑森林樱桃蛋糕
食品安装间隙 70",""
"玫瑰唇",""
"红色唇膏，如玫瑰
诱惑 2 方向 间隙 30",""
"公主之心",""
"性感光束离开
闪电 2 方向长度 间隙 60",""
"一块废话",""
"喜欢自私
水 4 方向延迟 80",""
"毒苹果",""
"有毒苹果，当你吃的时候，你继续睡觉。
食物 1 方向长度 间隙 40",""
"填充动物",""
"熊填充动物恰到好处，以减轻压力
冲程 1 向长度 间隙 60",""
"冰剑",""
"当你告诉某人你得到了的东西时，你会死。
水 3 方向短间隙 45",""
"礼物",""
"非常令人兴奋的盒子，当我打开它时，它爆炸了。
火焰安装间隙 80",""
"冲击骑师",""
"从手上射出闪电的魔法
闪电 3 方向长度 间隙 45 穿透",""
"剑澳大利亚鱼",""
"鱼，在剑的路上，是苦的。
斩击 1 方向长度 间隙 30",""
"沃伊尼奇手稿",""
"用自己语言写的神秘书
闪电安装间隙 300 穿透",""
"莉莉丝边缘",""
"自私的手枪射击魔法弹，你可以随意
火焰 3 方向 间隙 30 固定伤害 15 自定义零件设备",""
"奥塞洛特",""
"山猫标志左轮手枪
火焰 1 方向 间隙 35 固定伤害 15 自定义零件设备",""
"阿夸贝雷塔",""
"枪压缩和射击空气中的水分，并配备了自定义零件
水 1 方向长度 间隙 240",""
"简索",""
"从未使用过的陈索
斩首 1 向短间隙 180",""
"莉莉丝·巴斯特",""
"最强的剑级99的莉莉丝被击败的证明
斩首 1 方向 间隙 30",""
"阿米戈",""
"本地不输，游戏结束0清除证明
闪电 1 方向 间隙 100",""
"坎默锤",""
"当被殴打时，它不好笑
打击 1 向 间隙 50",""
"小火",""
"火焰系统的初级魔法
火焰 1 向 间隙 100",""
"～性具～",""
"迪尔多",""
"模仿男性生殖器的东西
性工具",""
"厚假",""
"模仿一个可敬的男性生殖器
性工具",""
"太胖的假",""
"模仿手臂的东西
性工具",""
"维贝",""
"在振动中提供乐趣的工具
性工具 命中 +5",""
"厚振动",""
"通过较厚的振动提供乐趣的工具
性工具 命中 +5",""
"通过振动提供乐趣的工具
性工具 命中 +5",""
"火假",""
"热假燃烧
生殖器 TP 增加 +20%",""
"水假",""
"冷和冷的假
性成分恢复效果 +20%",""
"风假",""
"像风一样快速的假
性设备体力消耗 -10%",""
"土地的假",""
"像岩石一样坚硬的假
性成分防御效果 +20%",""
"火焰假",""
"假，其中燃烧的火焰是个人的
生殖器 TP 增加 +20%",""
"冰层假",""
"用不融化的冰制成的假
性成分恢复效果 +50%",""
"风暴假",""
"假，在狂风中
性设备体力消耗 -20%",""
"大地的假",""
"坚韧的假，永远不会打破
性成分防御效果 +50%",""
"铁振动",""
"由铁制成的振动器
性工具 命中 +5",""
"钢振动",""
"由钢制成的振动器
性工具 命中 +5",""
"黄金振动",""
"由金钱制成的成年振动器
性工具 命中 +5",""
"钻石振动",""
"豪华振动与钻石
性工具 命中 +5",""
"希之基",""
"形状恰到好处的木棍
性设备关键 +3",""
"蘑菇",""
"一种自然的礼物，以一种形式
性设备关键 +5",""
"胡萝卜",""
"胡萝卜是硬的，不能吃
性设备关键 +5",""
"闪光。",""
"振动以光速振动
性设备关键 +5",""
"风神。",""
"风很快成为风暴。
性设备关键 +5",""
"重型振动器",""
"太重了，可以用于肌肉训练。
性工具关键-5",""
"钝亀",""
"迪尔多慢慢地和大胆地瞄准一个关键点
性配件关键 +20 命中-50",""
"刀片迪尔多",""
"迪尔多，专门从事防御攻击
性工具　",""
"隼","Hayabusa"
"快速翅膀旋转和命名的振动
性装备两次攻击命中-50",""
"疾风。",""
"改进的振动
性装备两次攻击命中-40",""
"屠龙。",""
"曾经对龙有魔架的振动
性设备 命中-5 关键 +5",""
"雷电。",""
"从尖端射出闪电的振动
生殖器机械特性",""
"震电。",""
"闪电充电的振动泄漏警告
生殖器机械特性",""
"紫登",""
"紫色闪电的振动
生殖器机械特性",""
"紫登改",""
"改进的振动器
生殖器机械特性",""
"乳液转子",""
"粘稠转子
性工具敏感度",""
"仙女华尔兹",""
"仙女温柔地抚摸着迪尔多
性工具敏感度",""
"粘手套",""
"有乳液的手套
性工具敏感度",""
"棒从",""
"一根棍子突然跳出来
性工具惊恐授予",""
"守护迪尔多",""
"迪尔多在圣灵的保护下
性成分防御效果 +50%",""
"化学灯",""
"欢呼时发光的棍子
性工具惊恐授予",""
"真珠","pearl"
"用魔法嵌入阿索科的珍珠
无性配件橡胶设备 关键 +10",""
"安装振动器",""
"安装在 Asoko 上的小振动器
无性工具橡胶设备",""
"带子",""
"包裹在腰部的迪尔多
无性工具橡胶设备",""
"硬机架",""
"振动，变得很难击中，因为运气不好
性配件 命中-80",""
"肛门珠",""
"粉碎放入屁股
性工具屁股属性攻击",""
"肛门振动",""
"振动拧到屁股
性工具屁股属性攻击",""
"埃内马格拉",""
"医疗设备
性工具屁股属性攻击",""
"土匪手套",""
"工作时戴手套
性工具：从敌人获得的金额的两倍",""
"鹰爪",""
"手套，使指尖灵巧
性工具",""
"魔法手",""
"可以像手指一样移动的棍子
性工具",""
"像酒吧一样",""
"物理上最强
性工具 命中-50",""
"被咬的胡萝卜",""
"胡萝卜，硬硬
性设备关键 +5",""
"Excaripo",""
"传说中的迪尔多假假货
性设备关键 +5",""
"艾斯卡利佩",""
"传说中的迪尔多假假货
性成分恢复效果 +30%",""
"艾斯卡利普",""
"传说中的迪尔多假假货假货
性工具",""
"艾克利巴阿安",""
"传说中的迪尔多假假假假假假
性设备关键 +30",""
"探索者",""
"传说中的迪尔多假
生殖器自动恢复能量 +1",""
"Excalibur",""
"传说中的迪尔多
性器材体力消耗 0 2 次攻击",""
"如意棒",""
"弹性杆
性设备体力消耗 -10%",""
"曼食人",""
"咬人的灵魂，并操作振动
性工具 人属性 特殊效果",""
"曼食者II",""
"曼食者三世",""
"曼食者四世",""
"咬人的灵魂，并操作振动
性工具人属性特效敏感授予",""
"巴格斯·马舍尔",""
"一种与杀虫作用的植物的振动
性工具昆虫属性特殊效果",""
"巴格·马舍尔二世",""
"巴格·马舍尔三世",""
"巴格粉碎机IV",""
"一种与杀虫作用的植物的振动
性工具昆虫属性特殊效果授予吠叫",""
"苗条巴斯特",""
"振动通过超振动蒸发水分
性工具 水属性 特殊效果",""
"斯利姆·巴斯特二世",""
"斯利姆·巴斯特三世",""
"斯利姆·巴斯特四世",""
"振动通过超振动蒸发水分
性成分水属性特殊效果消耗体力-50%",""
"野兽层",""
"迪尔多散发着野兽害怕的气味
性工具 野兽属性特殊效果",""
"野兽层II",""
"野兽层III",""
"野兽层IV",""
"迪尔多散发着野兽害怕的气味
生殖器动物属性特殊效果 TP 增加 +20%",""
"德蒙杀手",""
"神圣的Vibe封印魔鬼
性工具邪恶属性的特殊效果",""
"德蒙杀手II",""
"德蒙杀手三世",""
"德蒙杀手四世",""
"神圣的Vibe封印魔鬼
性工具恶性属性特效每回合能量-1%",""
"温德雷斯",""
"手上的风停止。
性工具 风属性特殊效果",""
"温德雷斯二世",""
"温德雷斯三世",""
"温德雷斯四世",""
"手上的风停止。
性工具风属性特殊效果项目的恢复效果 = 100",""
"发现",""
"大树的根，吸收营养
性工具 草属性 特殊效果",""
"迪斯雷迪二世",""
"发现三",""
"毁灭四",""
"大树的根，吸收营养
生殖器草属性特殊效果 2 连续攻击",""
"萨库巴斯泰尔",""
"迪尔多模仿恶魔的尾巴
生殖器自动能量恢复 +1 体力自动恢复 +1",""
"那波",""
"棒状的东西，只是失去动力，只有有
生殖器 TP 增加 -100%",""
"库特鲁的触角",""
"一个神话生物的触角
性工具约束 TP 增加 -100%",""
"尼亚拉手",""
"接近的混乱
性工具约束 TP 增加 -100%",""
"鳗",""
"烤鸡，味道很好。
性工具约束授予眩晕授予",""
"红蛇",""
"吹口哨和操纵的蛇
性工具约束授予眩晕授予",""
"万科",""
"我爱黄油
性工具授予 TP 增加 -100%",""
"一根棍子",""
"当装备时，它成为一个无性地摆动的狗。
性成分厚颜无耻的特殊效果洛里特效（谎言）",""
"巴克勒",""
"
性成分恢复效果 +20%",""
"橡胶",""
"超薄橡胶",""
"0.01m 避孕套
橡胶　",""
"0.05m 隔
橡胶",""
"厚橡胶",""
"0.1m 避孕套
橡胶",""
"0.2m 避孕套
橡胶",""
"手指背包",""
"最初，手指上的东西，以防止尴尬等。
橡胶",""
"铁橡胶",""
"失败的作品",""
"托尔锤",""
"橡胶由铁制成（？ )
橡胶",""
"金橡胶",""
"镀金的坏爱好橡胶
橡胶",""
"早期泄漏橡胶",""
"橡胶，旨在不伤害骄傲
橡胶",""
"延迟泄漏橡胶",""
"太迟了也是个问题。
橡胶体力消耗 -10%",""
"无色透明薄膜",""
"似乎智商很高
橡胶",""
"拇指背包",""
"手指背包，有一点点空间
橡胶",""
"放松橡胶",""
"药物橡胶，身体疲劳和科里放松
橡胶体力自动恢复+2",""
"香薰橡胶",""
"橡胶，以良好的气味刷新心灵和身体
橡胶能量自动恢复 +2 体力自动恢复 +2",""
"磁性橡胶",""
"似乎血流改善的橡胶
橡胶能量自动恢复 +2 体力自动恢复 +2",""
"保健橡胶",""
"橡胶，保持良好的日常健康
橡胶体力自动恢复+4",""
"再生橡胶",""
"用回收材料制成的橡胶
橡胶能量自动恢复+4",""
"继续恢复魔法橡胶
橡胶能量自动恢复+4",""
"药剂师橡胶",""
"有点药味的橡胶
橡胶项目恢复效果 +20",""
"炼金术士橡胶",""
"当我试图制造智者石头时，我不小心做了一块橡胶。
橡胶项目恢复效果 +50",""
"生态橡胶",""
"节能橡胶，环保自然
橡胶消耗体力-20% 耐草风",""
"草莓味橡胶
橡胶消耗体力 -20% 抗吹 -50%",""
"蓝莓橡胶",""
"蓝莓味橡胶
橡胶消耗体力 -20% 抗吹 -100%",""
"美味橡胶",""
"危险的橡胶，吃纳尼人不断
橡胶抗吹 -500%",""
"录音",""
"用胶带卷起
橡胶消耗体力-20% 虚弱",""
"魔法窗帘",""
"用薄的魔法代替橡胶
橡胶消耗体力-20%",""
"耀斑光环",""
"橡胶，身体变得热，只是附加
橡胶 TP 增加 +20 魅力禁用",""
"冰光环",""
"橡胶成为终端冷却，只是附加
橡胶恢复效果 +20 兴奋禁用",""
"埃里基奥拉",""
"橡胶麻木只是附加
橡胶临界 +2 擦",""
"科特卡",""
"像一个案例，使阿索科
橡胶临界 +5 擦",""
"伊博伊博橡胶",""
"带伊博伊博的橡胶
橡胶生产电阻 +20",""
"托格特格橡胶",""
"带刺的橡胶
橡胶生产电阻 +20",""
"训练橡胶",""
"用于训练的橡胶
橡胶经验值 +20%",""
"重力橡胶",""
"橡胶被重力拉下来，当附加
橡胶经验值 +20%",""
"秘忍具","Secret Ninja"
"它记录在古事记中，这是Shinobi使用
橡胶擦",""
"闪光橡胶",""
"由明亮发光材料制成的橡胶
橡胶恐惧禁用黑暗禁用",""
"装饰橡胶",""
"橡胶，有跛脚或装饰
橡胶吠叫禁用黑暗禁用魅力禁用",""
"剑关闭橡胶",""
"只隐藏的橡胶
橡胶敏感禁用",""
"斑马橡胶",""
"条纹橡胶
橡胶脱力禁用",""
"梅伦格",""
"轻轻地涂上一个泡沫的梅林格
橡胶中毒无效",""
"奇米",""
"轻轻地画一个甜蜂蜜
橡胶催病毒药无效防吹-50%",""
"瓦萨比",""
"试着偷偷地涂上辛辣的黄豆
橡胶催毒无效耐受性 +20%",""
"穿孔橡胶",""
"非常危险的橡胶，在尖端有一个洞
橡胶",""
"螺旋橡胶",""
"当我扭伤它时，我很难。
橡胶约束无效",""
"乳液橡胶",""
"粘稠的滑橡胶
橡胶约束无效",""
"橡胶橡胶",""
"橡胶成为人
橡胶约束禁用防水 -100%",""
"铁素橡胶",""
"涂有萨库布斯的橡胶
橡胶兴奋禁用抗诱惑-100%",""
"护盾",""
"防御魔法橡胶
橡胶吠叫禁用黑暗禁用魅力禁用",""
"守护者",""
"有守护精神的橡胶
橡胶兴奋禁用黑暗禁用魅力禁用",""
"抗菌橡胶",""
"用于消毒的清洁橡胶
橡胶中毒禁用黑暗禁用",""
"毒橡胶",""
"有毒橡胶
橡胶中毒毒药无效",""
"死毒橡胶",""
"橡胶，这是有毒的，我自己也
橡胶能量自动恢复-1 中毒中毒",""
"手工编织橡胶",""
"我妈妈晚上给我织了一把避孕套。
橡胶敏感禁用黑暗禁用魅力禁用",""
"网络橡胶",""
"赛博威夫制造的高科技橡胶
橡胶敏感禁用黑暗禁用魅力禁用脱力禁用",""
"橡胶为蒂蒂",""
"橡胶提高蒂蒂蒂的舒适性
橡胶防蒂-500%",""
"奇怪的橡胶",""
"橡胶，无花果增加到两个
橡胶攻击次数 +1 技能不可用",""
"伊苏",""
"传奇橡胶帕奇莫诺
橡胶魅力禁用约束无效",""
"宙斯盾",""
"传奇橡胶
橡胶状态异常禁用",""
"莉莉丝橡胶",""
"橡胶与莉莉丝的魔力
橡胶 TP 增加 +30% 抗蒂蒂 -100%",""
"冷却橡胶",""
"涂有门索尔的橡胶
橡胶兴奋禁用吠叫禁用",""
"超级酷橡胶",""
"冷魔法橡胶
橡胶兴奋禁用吠叫禁用",""
"冷冻橡胶",""
"用液氮瞬间冷冻的橡胶
橡胶兴奋禁用吠叫禁用魅力禁用",""
"纸橡胶",""
"几乎卫生纸芯
橡胶吠叫禁用屁股工作耐受性 +20%",""
"密封皮肤",""
"用海豹皮做的避孕套
橡胶",""
"-戒指",""
"承诺戒指",""
"我发誓要永远的戒指
戒指子弹 +1 宽镜头",""
"铁戒指",""
"由铁制成的简单戒指
戒指",""
"金戒指",""
"黄金戒指
戒指",""
"战斗戒指",""
"朋克设计戒指
戒指",""
"樱桃戒指",""
"可爱的戒指，有樱桃设计
戒指子弹 +1",""
"钻石戒指",""
"有小钻石的戒指
戒指魅力禁用",""
"莉莉丝粉红环",""
"一个小指戒指，有莉莉丝的诅咒
戒指防蒂-500%",""
"玩具戒指",""
"用塑料制成的俗气戒指
戒指魅力禁用兴奋禁用",""
"米莫扎林",""
"优雅的戒指与阿卡西亚花卉装饰
戒指魅力禁用兴奋无效，戒毒无效",""
"仙女戒指",""
"仙女手镯，人类戒指。
戒指魅力禁用催毒无效体力消耗-20%",""
"因斯穆林",""
"一枚有香的戒指
戒指中毒禁用经验值 =5%",""
"热环",""
"表达激情的戒指
戒指脱力禁用 TP 增加 +30%",""
"雪环",""
"一枚平静戒指
戒指兴奋禁用体力自动恢复+3",""
"戒指，表达闪光
戒指恐惧禁用关键 #3",""
"羽毛环",""
"表达自由的戒指
戒指约束禁用能量自动恢复+3",""
"恢复戒指",""
"恢复魔法戒指
戒指毒药禁用能量自动恢复+2",""
"医疗戒指",""
"提高药物效果的戒指
戒指中毒禁用项目恢复效果 +50%",""
"权力之环",""
"一枚戒指，它的力量
戒指虚弱禁用约束禁用体力自动恢复+1",""
"泪环",""
"生锈了
戒指魅力禁用兴奋禁用项目恢复效果 +20%",""
"诅咒戒指",""
"一个戒指，似乎被诅咒在头骨图案
戒指敏感禁用能量减少-2",""
"能量环",""
"魔法戒指比必要的要多
戒指虚弱禁用消耗体力 +50%",""
"黑猫戒指",""
"上面写着""制造""艾科
戒指物品掉落率是动作增加 5% 的两倍",""
"成年戒指",""
"爱好不良戒指
戒指赚取的两倍",""
"天使戒指",""
"头发变成一个戒指
戒指恢复效果 +20% 敏感禁用黑暗禁用",""
"魔鬼戒指",""
"黑色魔法旋转的戒指
戒指恢复效果-20% 敏感禁用兴奋禁用",""
"庞德林",""
"一种甜味戒指
戒指物品恢复效果 +50% 能量自动恢复 +2",""
"通道",""
"接收宇宙无线电波的戒指
戒指物品恢复效果 +50% 经验值 +20%",""
"梅里肯萨克",""
"用于打的连环
戒指",""
"马吉克·雷林",""
"戒指，包括著名的魔术师的魔力
戒指自动恢复体力+5",""
"希格吊带",""
"由希格斯粒子制成的戒指
戒指命中率 +15%",""
"旅行者戒指",""
"祈祷安全回家的戒指
戒指 TP 结转",""
"红宝石戒指",""
"戒指上戴着美丽的红色宝石
戒指 TP 结转",""
"海蓝宝石戒指",""
"戒指上戴着美丽的蓝色宝石
戒指兴奋禁用吠叫无效 戒毒无效",""
"翡翠戒指",""
"戒指上戴着漂亮的绿色宝石
戒指魅力禁用 约束禁用 黑暗禁用",""
"时间戒指",""
"一个包含操纵时间魔力的戒指
戒指行为添加 20%",""
"莫比乌斯戒指",""
"无限的正面和背面
戒指行为添加 40%",""
"伯萨克林",""
"诅咒的戒指，身体可以随意移动
戒指自动行为",""
"密封戒指",""
"密封强魔的诅咒戒指
戒指技能密封行为添加 30%",""
"甜甜圈孔",""
"困扰许多哲学家的结论
戒指物品恢复效果 +50% 能量自动恢复 +3",""
"透视戒指",""
"即使我闭上眼睛，我也能看到前面。
戒指黑暗禁用物品获得率2倍",""
"- 装饰",""
"剑客护身符",""
"护身符，希望为战斗的安全祈祷
装饰防御效果 +20% 剑装备",""
"膝盖",""
"冒险家保护关键点的必需品
装饰防御效果 +20%",""
"炼金术士的手镯",""
"提高药物效果的手镯
装饰物品恢复效果 +20% 药物设备",""
"白兔的怀表",""
"奇怪的怀表，秒针不规则地移动
装饰行为添加 20%",""
"托尔特手表",""
"一个时钟，移动或移动，因为魔法被切断
装饰兴奋禁用行为添加 10%",""
"克罗诺斯手表",""
"上帝时钟控制时间
装饰行为添加 40%",""
"药剂师的包",""
"各种药物的袋子
装饰物品恢复效果 +50% 药物设备",""
"血压计",""
"测量血压的手镯
装饰兴奋禁用吠叫禁用",""
"磁性项链",""
"通过磁力改善血液流动的健康仪器
装饰兴奋禁用吠叫禁用",""
"卡姆手镯",""
"能够保持冷静的手镯
装饰兴奋禁用吠叫禁用",""
"超级按钮列表",""
"可爱的手镯
装饰禁用敏感禁用",""
"心的乔克",""
"可爱的乔克与心脏图案
装饰禁用敏感禁用",""
"穿孔耳环",""
"魔法耳环，吸引人们
装饰禁用敏感禁用",""
"跳绳手镯",""
"带绳道具的手镯
装饰约束无效，脱力禁用",""
"滑移列表",""
"手臂滑动，即使它试图抓住
装饰约束无效，脱力禁用",""
"气泡列表",""
"肥皂气味的泡沫手镯
装饰约束无效，脱力禁用",""
"抗毒素",""
"防止毒药的项链
装饰毒药禁用",""
"星形乔克",""
"可爱的乔克明星
装饰恐惧禁用兴奋禁用行为添加 2%",""
"钻石乔克",""
"可爱的乔克钻石类型
装饰敏感禁用催毒禁用行为添加 2%",""
"三叶草乔克",""
"可爱的三叶草乔克
装饰约束禁用行为添加 4%",""
"黑桃乔克",""
"可爱的乔克黑桃类型
装饰吠叫授予",""
"奴隶领",""
"受奴役的屈辱领
装饰",""
"识别号",""
"牛奶罐牧场识别耳上的标签
装饰手工作耐受性 -500%",""
"米桑加",""
"当你被切断时，你的愿望似乎会成真。
魅力魅力无",""
"以利亚的米桑加",""
"没有迹象表明，像绳子一样会脱落。
装饰防御效果 +100%",""
"塞莱恩耳环",""
"耳塞，防止你被自己的歌曲迷住了
魅力装饰无效防御效果 +50%",""
"水项链",""
"水与项链相连。
装饰敏感禁用 约束禁用",""
"速度环",""
"敏捷上升的手镯
装饰约束无效",""
"西尔夫围巾",""
"风的精灵缠绕在脖子上的围巾
装饰约束无效",""
"翁迪内围巾",""
"一条围巾，水的精灵缠绕在脖子上
装饰敏感禁用中毒毒药无效",""
"伊弗里特围巾",""
"火焰之灵脖子上的围巾
装饰脱力禁用低速禁用黑暗禁用",""
"诺姆围巾",""
"一条围巾，地球的灵魂缠绕在脖子上
装饰约束禁用吠叫禁用防御效果 +50%",""
"特遣部队臂章",""
"只有攻击！ 不允许拉
装饰防御效果 -100% 能量减少 1",""
"订婚戒指",""
"有人发誓要爱的戒指
装饰能量自动恢复 +1 迷恋禁用",""
"微风耳环",""
"当风吹来时，一条绿色的项链
装饰缓慢禁用 约束无效",""
"新月耳环",""
"新月夜闪闪发光的耳环
装饰体力自动恢复+1",""
"半月耳环",""
"半月夜发光的耳环
装饰体力自动恢复+2",""
"满月耳环",""
"满月之夜闪闪发光的耳环
装饰体力自动恢复+3",""
"快乐耳环",""
"它似乎幸运，如果你附加它
装饰临界率+3",""
"财富列表",""
"一个手镯，承诺好运的装备
装饰临界率+5",""
"斯蒂迪斯特",""
"手臂圈，以稳定和平庸的生活
装饰命中率 +100 关键率-100",""
"连击手镯",""
"手在一次动作中移动两次
装饰命中率-40% 攻击次数 +1",""
"穆萨比手镯",""
"手在一次动作中移动三次
装饰命中率-70% 攻击次数 +2",""
"福图纳耳环",""
"幸运女神耳环
装饰临界率 +10",""
"灵魂爆发",""
"诅咒的手镯，通过锐化灵魂来带来力量
装饰每个回合能量减少 1",""
"卡斯德乔克",""
"被黑暗魔力诅咒的乔克
装饰每个回合能量减少 2",""
"头骨项链",""
"你会觉得很朋克
装饰耐激动性 -1000% TP 增加 +10%",""
"花手镯",""
"用花做的臂饰
装饰兴奋禁用中毒毒药禁用项目恢复效果 +30%",""
"死亡项链",""
"突然被树枝钩住，死了
装饰　",""
"橡木项链",""
"用兽人吃的人类手指的骨头制成的项链
装饰每个回合能量减少 3",""
"银链",""
"你会觉得摇滚
耐饰物 -1000% TP 增加 +30%",""
"内布拉链",""
"绑仙女座的链
装饰约束 TP 增加 -20%",""
"手铐",""
"做坏事的人掌握在手中
装饰约束约束 - 1000%",""
"你一点一点",""
"拉拉拉，我很高兴你站起来了。
装饰阴道属性授予",""
"班格尔",""
"一个手镯，一个令人沮丧的感觉
装饰脱力禁用缓慢禁用",""
"白金手镯",""
"铂臂
装饰缓慢禁用",""
"时间学帽",""
"学生帽子，可以停止时间
装饰行为添加 20% 奥拉奥拉",""
"黑猫帽子",""
"上面写着""制造""艾科
装饰金额 2 倍 行为添加 5%",""
"丝绸帽子",""
"黑白格子的丝绸帽子
装饰能量自动恢复 +1 超速",""
"班达纳",""
"除了谋杀，罪犯班达纳
装饰耐激动-50% 超速",""
"怀表",""
"时钟，我觉得永远不会回来，如果你借给它
装饰恐惧禁用超速",""
"蝴蝶胸针",""
"设计胸针，结合可爱和力量
装饰吠叫禁用黑暗禁用奥拉奥拉",""
"集群袜子",""
"白色袜子，当你看时感觉很奇怪
装饰足部工作抗性 -50%",""
"塞伦耳塞",""
"耳塞，以免被自己的歌曲迷住了
魅力无药，防暗-50%",""
"西娜裤子",""
"闻起来，智商会下降。
接吻/诱惑耐受性-50%",""
"利利班德",""
"哥特洛里发带
装饰添加行为 +100%",""
"我父亲的护目镜",""
"眼镜，以确定真正的价值
魅力装饰无效决心",""
"遗憾胸针",""
"你无法扔掉的东西
魅力装饰无效决心",""
"哈皮哈皮围巾",""
"似乎代表快乐哈皮
装饰行为添加 10% 关键 + 5 兴奋/约束禁用",""
"易阿兹派",""
"在装备中，从怪物的伤害变成0。
其他获得经验 3 倍",""
"和平凯克",""
"魔法救援设备
其他战斗力 3 倍 获取经验值 1.5 倍",""
"- 其他",""
"万花筒",""
"窥视星空
其他子弹 +3 宽镜头 7",""
"广角镜头",""
"世界似乎蔓延
其他宽镜头 4",""
"矫形带",""
"它很难移动，但形式更好
其他间隙 +20",""
"加速",""
"魔法软膏，当你涂在武器上时，速度会提高
其他弹速 +2",""
"瞄准范围",""
"目标范围
其他 命中 +5",""
"大胸肌强迫支持者",""
"他不像胸罩，不是胸罩。
其他间隙 +30 持续 +10",""
"麦克斯航空",""
"品牌鞋，这是时尚一段时间
其他持续 +30",""
"动力套装",""
"一种辅助机器，可以取代肌肉
其他",""
"名人护身符",""
"上帝用手指打西瓜的护身符
其他间隙 -20%",""
"德古奇霍索纳尔",""
"子弹变得难以分散
其他窄拍摄 5",""
"每一张彩票",""
"另一个
其他子弹 +1",""
"裸肩",""
"可爱的表带湿熊在血
其他弹速-2",""
"卡瓦巴塔格拉斯",""
"眼镜夹在卡米卡米
其他窄拍摄 1",""
"精密桶",""
"子弹散落的桶
其他窄拍摄 3",""
"碱性电池",""
"电池续航时间长
其他持续 +60",""
"岛屿残骸",""
"被吞没的某人梦想的残骸
其他弹速-4 持续+15",""
"羊的猫",""
"口水加热器，闻起来很甜
其他弹速-3 持续+60",""
"尼昂·汤姆·贝尔",""
"猫铃从噩梦中解脱出来
其他子弹 +2 宽射 3 命中率 -3%",""
"战斗指南",""
"几十本书，上面写着如何消灭恶魔
其他持续 +10 间隙 -10% 弹速 +1",""
"快乐鸡蛋",""
"幸运鸡蛋，增加经验价值，有
其他间隙 +25% 经验值 + 25% 项目获取率 2 倍",""
"加速器 ",""
"加速加工速度的机器部件
其他间隙 -40%",""
"军团球",""
"凝结许多灵魂的球形
其他子弹 +4 弹速-2 持续-20",""
"狮子之心",""
"世界上最勇敢的狮子之心
其他子弹 +1 弹速 +1 持续 +20 间隙-20%",""
"垃圾",""
"移动猫的图片
其他弹速 +3 持续 -30 间隙-20%",""
"诺诺羽毛",""
"蓬松的羽毛与非常高的魔法
其他弹速-1间隙-60%",""
"魔法大衣",""
"魔法魔法魔法在武器上
其他",""
"疯狂的帽子",""
"一个普通的帽子，由疯狂的帽子店制作
其他子弹 +3 子弹速 -2 持续 + 30 宽射 6",""
"阿卡西记录",""
"看到这个世界一切的人的手记
其他子弹 +10 间隙 + 20% 宽射 4",""
"黑洞",""
"重力，甚至光不能逃脱
其他子弹 +1 窄射击 7 战斗力 1.2 倍",""
"自定义零件 A",""
"加强手枪的部件
其他子弹 +2",""
"自定义零件 B",""
"加强手枪的部件
其他子弹 +10 持续 -35 宽射 3",""
"自定义零件 C",""
"加强手枪的部件
其他间隙-20 持续-25",""
"艾米的天性",""
"艾米·格斗术的奥秘
其他战斗力量 2.5 倍",""
"爱丽丝丝带",""
"用神秘的布制成的神秘丝带
其他战斗力量 1.5 倍 间隙-20%",""
"普拉提戒指",""
"如果你用力推，就会有一支黄色的气炮。
其他战斗力量 1.3 倍",""
"里里杂志",""
"被射中，血管沸腾定制部分
其他子弹 +10 间隙-23 持续-20",""
"蓝色巴雷特",""
"被射中，血管沸腾定制部分
其他子弹 +5 间隙 -20 持续 -35 宽射 1",""
"•
其他战斗力量 1.7 倍",""
"露娜",""
"女将",""
"萨库布斯",""
"艾琳",""
"尤因",""
"阿尔劳内",""
"夏洛特",""
"图勒和夏洛特",""
"图勒",""
"毛",""
"莉莉丝",""
"托尔特和基尔施",""
"托尔特",""
"基耶里",""
"群集",""
"羊",""
"诺诺",""
"护士",""
"利普斯",""
"艾米",""
"基尔什",""
"斯利姆",""
"梦想",""
"西娜",""
"玫瑰",""
"西雷内",""
"普里兹马",""
"爱丽丝",""
"女巫",""
"海普诺",""
"EX 群集",""
"精灵",""
"塔科-钱",""
"拉米亚",""
"埃拉塔",""
"阿尼玛",""
"西尔基",""
"里格莱特",""
"[ARPG]",""
"苏拉米",""
"蝙蝠",""
"内瓦苏拉米",""
"努尔斯拉米",""
"奥格",""
"骷髅",""
"斯波亚",""
"大梦",""
"夜熊",""
"清扫器",""
"大熊",""
"岛喰",""
"科普斯",""
"戴珀狮子",""
"触手",""
"木偶",""
"科普斯 G",""
"尼昂·汤姆",""
"米亚拉杰",""
"德斯科科",""
"杜杜尔杜",""
"伊莱泽",""
"收集器",""
"开膛手",""
"格里瓦",""
"夜飞 A",""
"夜飞 B",""
"夜飞 C",""
"加扎勒",""
"滑轮齿轮",""
"克鲁尔齿轮",""
"吸引者",""
"皮克特球",""
"杀手蜜蜂",""
"德卡斯拉米",""
"橡木",""
"无法战斗",""
"他倒下了！",""
"你打败了他！",""
"站了起来！",""
"不死身","Invincible"
"催毒",""
"我患了毒液！",""
"毒害我！",""
"黑暗",""
"我看不见前面！",""
"我在黑暗中关上了！",""
"斯坦",""
"我吓坏了！",""
"敏感",""
"变得敏感！",""
"我感觉好多了！",""
"约束",""
"被拘留了！",""
"我克制了！",""
"逃脱了束缚！",""
"迷恋",""
"被迷住了！",""
"被迷住了...",""
"虚弱",""
"我的力量已经用了...",""
"我放弃了",""
"我丢了抵抗的意志...",""
"兴奋。",""
"兴奋停止了！",""
"我太激动了...",""
"低速",""
"慢慢来...",""
"我不能采取行动。",""
"击沉攻击力下降",""
"我的力量消失了...",""
"失败的记忆",""
"艾琳巴夫",""
"攻击力增强",""
"攻击力和技巧都提高了！",""
"防御起来",""
"防御和精神力量已经提高！",""
"我处于戒备状态！",""
"鬼神",""
"他住在恶魔的力量中！",""
"硬模式",""
"虚拟状态",""
"A主人公毒",""
"毒",""
"A 英雄虚弱",""
"A主人公加速",""
"A 英雄减速",""
"A 英雄球增加",""
"A 英雄不可攻击",""
"- 用于活动",""
"防御向下（大）",""
"防御能力下降...",""
"攻击力最大",""
"禁止攻击",""
"快速马克斯",""
"快速 0",""
"强制失败",""
"HP1","HP1"
"发情",""
"是...",""
"- 敌人状态 -",""
"敌人中毒",""
"被强奸了！",""
"最强。",""
"最强10。",""
"轻松模式",""
"- 级别状态 -",""
"级别 10",""
"级别 20",""
"级别 30",""
"级别 40",""
"级别 50",""
"60 级",""
"级别 70",""
"级别 80",""
"90级",""
"99级",""
"第一次射精",""
"射精第二次",""
"射精第三次",""
"勃起","Erect"
"我勃起了...",""
"伊基",""
"我差点...",""
"失去平衡",""
"我失去平衡！",""
"草莓橡胶",""
"别<山羊>メ！",""
"\n<ムー>好。 当角落生长时，你会感到亲密。",""
"山羊在吃草。",""
"\n<ムー>如果你仔细观察，学生会变成负的，你看起来不好。",""
"\n<豚>希布希。",""
"\n<ムー>猪肉仅限于生姜烤。",""
"\n<豚>福索。",""
"\n<ムー>我从未见过过猪。 昆昆 它不像看起来那么臭。",""
"这不是<牛>年。",""
"\n<ムー>，我现在叫他。 你听到了吗？ \n{1}。 再打一次！",""
"\n<ムー>你活着只是为了每天挤奶吗？ 这是一个悲伤的生物。",""
"\n<おじさん>很久以前，我被恶魔的屁股打中了。 我太害怕了，不能从城里走一步。",""
"\n<ムー>被咬的屁股，似乎如此令人厌恶。",""
"\n<おじさん>我很高兴你这样照顾动物。",""
"\n<鶏>库克杜杜杜。",""
"\n<ムー>西方皮疹。",""
"\n<鶏>科卡！",""
"\n<ムー>德卡先生？ 它大约是我的五倍。 鸡蛋可能也大。",""
"\n<お兄さん>怪物会瞄准牲畜。 上个月，一头牛被咬了。 我一点就做吧",""
"\n<ムー>消灭恶魔是我们的工作。 交给我吧",""
"\n<お兄さん>你来到这个不守规矩的村庄。"" 我会尽我最大的努力吃美味的米饭。",""
"\n<男の子>！ 那把大剑！ 太美味了！ 把它借给我！！ 把它借给我！！ 哦，我的天！",""
"不要因为危险而行。",""
"\n<男の子>！ 太重了！！ 米库里·米里·米里· 粉碎！！",""
"\n<ムー>不可能有比他的身高大的剑。 \n{1}。 帮帮我",""
"\n<男の子>勇敢的人！ 我也想拥有像你一样大剑！ 肌肉训练！",""
"\n<ムー>这不是你用来玩的东西。 孩子像个孩子一样在树枝上摇头，这难道不是好事吗？",""
"\n<男の子>舔！",""
"\n<ムー>一个不可爱的男孩。",""
"\n<兵士>英雄似乎使用降龙术。 这是什么艺术？",""
"\n<ムー>被我的大剑迷住了，并射出致命的一击。 就像魔法剑",""
"\n<ムー>因为我不是这个世界的生物，所以直接战斗不是那么好。 支持更容易。",""
"\n<兵士>！ 你有着巨大的力量，不适合你看起来！",""
"\n<ムー>一件事。",""
"\n<兵士>龙先生在剑里时感觉如何？",""
"\n<ムー>它很舒适。 我不知道外面发生了什么",""
"\n<兵士>...，我想下次也进去。 在剑。",""
"\n<ムー>这次。",""
"\n<冒険者>在国王的首都和港口城市的中转站，所以它似乎赚钱 - 这个工具店。 这东西，我不认为是一个小村庄。",""
"\n<ムー>肯定在这个村子里有不成比例的数量。",""
"\n<冒険者>后面有很多话要说。 哦，如果你问我，那很烦人。 现在没有。",""
"\n<冒険者>听我说！ 上次战斗的恶魔是多斯凯贝！ 魔法把我的盔甲抹去了！",""
"\n<冒険者>这一定是用牛奶丸打的！ 这是最糟糕的，因为乳腺被切断，这是尴尬的摇动。",""
"\n<冒険者>勇敢的人要小心！ 如果你被打到小子，你就不能战斗，是吗？",""
"\n<ムー>防御能力下降，不是吗？ 人类是很难的。",""
"\n<商人>来！ 你需要什么？",""
"\n<商人>多米多多！",""
"\n<業者>我可以把行李放在这里，对吗？ 哦，我以后再请汉科。",""
"\n<客>勇者也购物吗？ 我很高兴，如果你准备！ 是的，是的。",""
"\n<ムー>。",""
"\n<冒険者>当我被一个高级恶魔攻击时，我最好的朋友让我走开了。 你先走，我会阻止你的。",""
"\n<冒険者>后来，当我带着朋友回来帮忙时，我最好的朋友从干涸中滚下来，直到几个小时前。",""
"\n<冒険者>很痛苦，或者我这样做了，我脸上的表情什么也说不出来。",""
"\n<冒険者>即使他的脸被他死的脑袋里遮住了，喝着酒，我也不会忘记。",""
"\ n<ムー>的恶魔？ 哦，我的天",""
"\n<冒険者>到处都是魔鬼。 他们到底从哪儿冒出来的",""
"\n<ムー>如果你看到一只，你会说有30只。",""
"\n<冒険者>我的家乡有100只。 别说真的！",""
"\n<ギルド長>这是英雄。 我很荣幸能帮助勇敢的人。 有关征服请求，请参阅办公桌上的请求。",""
"\n<ムー>关于魔王的信息吗？",""
"\n<ギルド長>现在，特别是...",""
"\n<冒険者>...，如果我要求我的话，我也能。",""
"\n<ムー>还好吗？ 看起来你看起来不好，但是...",""
"\n<冒険者>，我血压低...尤其是早上。",""
"\n<おばさん>非常感谢您的英雄帮助我。 不再有恐惧了",""
"\n<ムー>我会在这个村子里呆一段时间。 对于一个普通冒险家，如果你从事艰苦的工作，你会接受的。",""
"\n<冒険者>啊，英雄昆。 早上好",""
"\n<ムー>隔壁房间...",""
"\n<冒険者>好，你住得太好，不是吗？ 我觉得我很博拉。 那边的旅馆真的很贵。",""
"是<ムー>",""
"\n<冒険者>，米饭很好吃，房间很漂亮，而且很好。",""
"\n<冒険者>橡树的定居点...",""
"\n<冒険者>是勇敢的人！ 拿着一把剑...",""
"\n<冒険者>奥拉强，当我看到它，我很兴奋！ 我能请你帮忙吗？",""
"嫌だよ",""
"下次",""
"\n<冒険者>！ 哦，我的伤，我受伤了！ 兽人，来吧！",""
"\n<冒険者>你跟我来修行吧！ 谢谢！ 来吧，过来！",""
"收到请求",""
"更多信息",""
"\n<依頼書>村附近的小鱼，你想消灭的危险度★ = 奖励 100G 每只",""
"\n<依頼書>在南部的平原上繁殖了杂鱼怪物，如苏拉米。 对于一个空手的冒险家，请清洁它。",""
"\n<ムー>毁灭任务？ 不用说，使用降龙术。 我也来帮你",""
"\n<冒険者>给我留下一点工作吧？ 你帮我打扫卫生",""
"\n<ムー>除非我想取到猎物，否则我会尽力而为。",""
"\n<冒険者>哦，我希望我像你一样强壮。 她一直抱着一个赚钱的女人。 最终，我想创造一个王国，只有我。",""
"\n<ムー>我真诚地认为，我很高兴我不是英雄。",""
"\n<依頼書> 恶魔征服和搜索风险 ★ ★ 奖励 1000G + *",""
"\n<依頼書>在村庄西部的一个小洞穴里， 一个恶魔。 在洞穴入口测量魔法的结果被认证为低等级的恶魔。",""
"\n<依頼書>几个路过的商人变得不明，也许这是这个恶魔的行为。",""
"\n<依頼書>如果有幸存者，请营救。 额外奖励：每位幸存者 1000G",""
"\n<依頼書>* 通常，药水等不投入费用，但当用于救援人员时，可以被视为费用。",""
"\n<ムー>。 暂时从轻工作做吗？",""
"\n<ムー>这家伙是个恶魔。",""
"\n<ルナ>... 你是谁？ 你想为露娜做点什么吗？",""
"\n<ルナ>！ 也许\n[8]是一个例子... 是的，没错！",""
"兄弟",""
"\n<ルナ>棕色的头发在大剑！ 我知道！ 光环不同于其他人。 哇，我第一次看到它！",""
"\n你不必<ムー>言语。 不要被你看起来欺骗。",""
"\n<ムー>恶魔是一个卑鄙的恶魔，欺骗和堕落的人，并尽你一身。 最好早点砍掉它，",""
"\n<ルナ>这是什么。 卑微是粗鲁的！ 我自己也是魔鬼。",""
"\n<ムー>我不是怪物。 圣龙巴哈姆特 不要与肮脏的下层生物在一起。",""
"\n<ルナ>嗯。 和露娜认识的龙完全不同。 小弱♥",""
"\n<ムー>。 从外观上看，这是愚蠢的。 小东西，你无法理解我的力量吗？",""
"\n<ルナ>不能根据外观来判断吗？ 那和恶魔的露娜一样♥",""
"<ムー>不会",""
"\n<ムー>哦。 是我说不要和魔鬼交流。",""
"\n<ムー>\n{1}。 虽然是小鱼，但不要放松警惕。 完成后给我打电话。",""
"\n<ルナ>？ 奇比龙呢？ ・・・? 剑里？",""
"\n<ルナ>没关系。 我们两个都一样！ 勇敢的♥",""
"\n<ルナ>你打算怎么处理露娜？ 你以为你会用那把剑砍掉吗？",""
"\n<ルナ>！ 等一下！ 阿布...！ 如果你打我，露娜会死的！ 等等，等等！",""
"\n<ルナ>，我害怕... 你是个温柔的勇敢的人，不是吗？",""
"就像遗嘱一样",""
"如果你玩弄恶作剧，我就砍掉你。",""
"\n<ルナ>谢谢你♥在卢纳死之前遇到一个温柔的人♥",""
"\n<ルナ>嘿 就我之前听到的，这是英雄第一次看到恶魔，不是吗？",""
"\n<ルナ>那， 你知道讨厌吮吸你的精神是什么意思吗？",""
"\n<ルナ>讨厌的攻击，这是一个非常愉快的科托♥",""
"\n<ルナ>用露娜的舌头或细长的苏贝手指摆弄小，人类会吐出生命力♥",""
"\n<ルナ>一开始，我讨厌！ 别说了！ 说，但每个人都立即洒在一张快乐的脸，做更多的♥",""
"\n<ルナ>感觉真好。 你被露娜欺负了",""
"\n<ルナ>说露娜是怪物或怪物，但迟早，我泄露它，而说，""我喜欢露娜♥""。",""
"\n<ルナ>有些人会自问。 我想变得舒服，因为我可以做什么了。",""
"\n<ルナ>露娜是温柔的，所以回答它♥愉快是快乐的。 我会让露娜人快乐",""
"\n<ルナ>看，露娜不是邪恶的恶魔，是吗？ 所以不要伤害你。 比痛苦更令人愉快吗？",""
"\n<ルナ>！ 魅力不起作用...",""
"\n<ルナ>，是勇敢的浮石。 很好！ 我们来做吧！",""
"\n<ルナ>露娜会变得模糊不清！ 不，不！ 权力，人类会输的！",""
"要打开保存屏幕？",""
"\n<ルナ>勇敢者的能力，我会让他们评估。 现在，从任何地方来！",""
"你认为你能打败露娜吗？ 很好！ 来吧，来吧！ 我会的！我会让你的",""
"\n[n]\\\______________________!!!!___________",""
"\n<ルナ>啊!!! 太可了！ 露娜，我会死的！！ 太痛了！！ 别再说了;",""
"\n<ルナ>（太强了，不能...;;)",""
"\n<ルナ>做任何事情！！ 因为英雄是你想做的！！",""
"\n<ルナ>霍，看！ 你得走得离你去，你什么也做不了。",""
"\n<ルナ>我给你看最大的弱点。 没有抵抗。 温柔的英雄不会砍掉投降的恶魔，是吗？",""
"\n<ルナ>如果你错过了，你可以喜欢露娜！ 你可以触摸露娜的任何地方，我可以触摸它任何地方！",""
"\n<ルナ>如果你想使用它，我会让我在这里使用露娜！",""
"\n<ルナ>它感觉很舒服，只是把精子被卡住，不会停止。 看♥看这里♥看这里♥",""
"\n<ルナ>啊♥英雄♥想进入露娜♥",""
"\n<ルナ>如果你认为它很危险，你应该总是砍掉露娜♥让我们做一点鲁娜♥",""
"[C[14]如果只是一点点...",""
"别耍我",""
"\n<ルナ>阿♥好，♥，♥用那把大剑欺负露娜♥",""
"\n[n][3]哦♥♥多？ 露娜的♥米奇？ 闷♥",""
"[n]n[3]，把♥勇敢者倒在♥露娜的后面♥",""
"\n\n{1}哦，是的，我忍了！",""
"\n\n{1}哦！ 哦，是的！",""
"\n[n]\n[3]哦♥好♥感觉这么好吗？",""
"\n\n{3}哦，你还是不能拉出来吗？ 更多露娜和♥，但露娜还没有♥",""
"\n[n]n[3]，♥♥，并♥你必须把坏恶魔♥",""
"\n[n]\n[3]哦♥又在♥又出来了吗？ 嗯♥你会再次输给露娜吗？",""
"\n\n{1}，不！！ 已经出来了！",""
"\n<\n[1]>ああああああああああああう!!!!!",""
"[n]n[3]_a♥比鲁鲁鲁鲁♥和英雄谁♥♥",""
"\n[n]n[3]，♥感觉太好，不能停止你的臀部摇动♥好♥把它擦下来♥",""
"\n[n][3]我想我已经注意到了，但这是露娜的攻击吗？ 闷♥",""
"\n[n[3]_如果惠普消失，因为它是，那么英雄会怎么样？",""
"\n\n{1}哦，不！！ 出去...",""
"哦，哦，哦!!! !!!!!!!!!!",""
"\n[n][3]你甚至不知道，即使露娜？ 露娜，我什么都没做 英雄只是随意挥动他的臀部！",""
"\n[n[3]]如果勇敢的人应该比露娜更强壮，感觉好，输了，那会很酷♥",""
"\ n [ n ] n [ 3 ] ~ 不停止，♥你会成为HP0♥我可以吃在露娜的吗？",""
"[n]n[3]哈哈♥已经变得愚蠢了！ 这是不好的♥我只能想到皮尤♥",""
"我无能为力♥我可以把所有的东西都拿出来吗？ 露娜说她喜欢，♥",""
"\n\n{1}，不！！ 我出去 ♥♥...",""
"哦，哦♥♥♥♥♥♥♥♥♥♥♥",""
"\n[n]n[3]一个愚蠢的勇敢的人，谁输了♥鲁纳的伊克♥伊伊克♥",""
"哦，我的意识...",""
"\n[n][3]哦，♥♥♥啊，惠普不见了♥",""
"\n[n]\n[3]哇♥赢得了卢纳勇敢的♥多吉♥卢纳♥",""
"\n[1]已经吸走了...",""
"\n<魔王>什么？ 我现在很忙！",""
"\n<側近>魔法电话。 我有一个报告，魔鬼。",""
"\ n< 魔王 > 这个的困难时期，谁从谁。 哦，我的天...",""
"\n<魔王>好代表。 如果不是重要的报告，我会把它变成一块木炭。",""
"\n<魔王>啊，你好。 这是一个恶魔，我代替了电话。",""
"\n<ルナ>！ 你是魔鬼王吗？ 露娜！",""
"\n<魔王>嗯，哪个露娜？ 说部落和特点。",""
"\n<ルナ>，是露娜的恶魔。 金发碧眼，黑角长出...",""
"\n<魔王>呃... 低级角质。 好吧，好吧",""
"\n<魔王>？ 麻烦地打一个神奇的电话。",""
"\n<ルナ>听魔鬼王！ 露娜，你这个勇敢的人！",""
"""<魔王>吗？",""
"\n<ルナ>你打露娜英雄！",""
"\n<魔王>いやいやいや、無理でしょ。 你这个怪物，对吧？ 你不能！",""
"\n<ルナ>不，真的！ 露娜也很惊讶，但前段时间我吸了一口，把它干起来。",""
"\n<魔王>不是另一个人吗？ 勇敢的人有那根棕色的头发，他有一把大剑，和像飞波美拉尼亚一样的人在一起。",""
"\n<ルナ>波美拉尼亚！",""
"\n<魔王>真的吗？ 太酷了 我笑了。 哦，等一下",""
"\n<魔王>打败了勇敢的人。 是恶魔... 露娜",""
"\n<側近>低级恶魔是勇敢的人...？ 你犯了什么错误？",""
"\n<魔王>不认真。 看起来英雄是斯凯贝。",""
"\n<側近>，我真的不知道会发生什么。",""
"\n<魔王>总是准备好的。 10.不，让我们做20公斤。 是的，是的。 求你了",""
"\n<魔王>啊，你好！ 干得好！ 我会抓住你的恭维！ 你尽力了！",""
"\n<ルナ>谢谢你♥你可以从魔鬼的赞美♥ ♥...",""
"\n<魔王>发送。 大米。 奖励。",""
"什么<ルナ>え？",""
"\n<魔王>送我一份大米。 奖励。 可能是面包师？",""
"\n<ルナ>但是，是的。 我很高兴你的米饭。 太感谢你了 这是一个美国教派。",""
"\n<魔王>吃很多。 那么，下次再努力吧！",""
"""<ルナ> ぎ?",""
"\n<魔王>你不知道吗？ 英雄们会复活，即使他们死了。 知道它，这是基本的信息。",""
"\n<ルナ>？ 什么？ 什么？",""
"\n<魔王>下次我会认真杀了你，所以祝你好运！ 因为他是一个绝对的恶魔杀手 真的吓到我了",""
"\n<ルナ>这样...",""
"\n<魔王>ma， 如果一次做， 下一个也很酷！ 哦，我的天！ 如果有什么，请与我联系。",""
"\n<魔王>，嗯，勇敢的人是斯凯贝。 增加恶魔的数量。",""
"\n<ルナ>多...",""
"\n<ルナ>，不。 露娜应该变得有点强大，因为它吸了英雄的力量！ 下次...",""
"<ルナ>不会",""
"\n<ルナ>...",""
"它<ルナ>",""
"我不<ルナ>！",""
"\n<ルナ>如果你认为你可以再次成为一个勇敢的人，那么那可能就没那么糟了。",""
"\n<ルナ>，你会被诱惑下一个♥鲁纳♥",""
"\n<ムー>... 这是旅馆吗？ 怎么了\n{1}。 发生了什么事。 你没事吧？",""
"诚实地说话",""
"使语言变得浑浊",""
"\n<ムー>是的... 他们假装 我也有点轻。",""
"\ n<ムー>我低估了人类的望。 被责骂是难以忍受的。",""
"\n<ムー>水平下降时，我吸了一大堆。 我不敢问你做了什么。",""
"\n<ムー>别那样看。 我不怪你，也不是在开玩笑。 我只是担心我的湿。",""
"\n<ムー>输，你下次就赢了。 我们这么远吗？ 只要我的屁股站起来，我就和他交往。",""
"\n<ムー>。 现在，你可以洗脸，甚至洗脸。 在那个白痴方面，你不能在公共场合。",""
"\n<女将>那个... 哦，我的天！",""
"\n<ムー>当其他人发现他们未能提出这么低等级的请求时，他们的名字会被伤害到你作为英雄的名字。 我早点把东西收起来。",""
"他们离开",""
"露娜征服第一次事件",""
"失败场景列表",""
"• 卢纳第一次事件 3 类型， 骑在战斗前的诱惑 - 击败能量 0， 卢纳",""
"• 卢纳第二次和六次战斗前的诱惑 - 能量 0 （4 模式在敌人的攻击） 击败露娜",""
"\n<ルナ>不开玩笑♥这是露娜的攻击。 看，它太硬了，很难移动，不是吗？",""
"\n<ルナ>，在第二轮♥你能赢得露娜吗？ 闷♥",""
"[n]太激动了，打不出来...",""
"\n[n]\n[3]你能和在瓶子里竖立的露娜战斗吗？ 哈哈♥",""
"[n]n[3]~~♥~~~~~~~~~~~~~~~~~~~~~~~~~~~~~~~~~~~~~~~~~~~~~~~~~~~~~~~~~~~~~~~~~~~~~~~~~~~~~~~~~~~~~~~~~♥♥~~~~~~~~~~~~",""
"\n[n][3]]有一个空♥♥在战斗中♥敌人♥",""
"\n[n]n[3]~♥舔你的脸，♥这会失去力量♥停止战斗，和露娜一起做♥",""
"\n[n]3_哦♥你根本不在努力吗？ 它充满了力量，♥",""
"\n[n[3]]我之前认为，如果我打它，♥，如果我打它，我是不是♥",""
"\n[3]是害怕的...",""
"\n\n{3}哦！ 哦，为什么你可以战斗？",""
"\n\n[3]这个，如果这样，一八... 哦，我的天！",""
"\n\n{3}哦！",""
"\n\n{3}怎么样？ 哦，我的天！ 我夹住它，我...",""
"\n\n[3]不要以为你可以逃离露娜的胸部！",""
"[C[14] 挥舞剑",""
"[C[14] 付款",""
"\n\n[3]不！！ 在露娜的馅饼里！ 看，来吧！！",""
"\n\n{1}I...！ 哦，我的天！ 哦，我的天！",""
"\n<\n[1]>うわあああああああぁぁぁ!!!",""
"\n\n{3}哦，♥... 哦，♥哈哈哈♥",""
"\n[n]3]我真担心，我差点做露娜...",""
"\n[n][3]，但有点♥但♥很抱歉♥",""
"\n[n[3]]我不小心♥但只是挥舞剑♥♥♥",""
"\n\n{1}哦！ 伊库！ ""伊...""！",""
"\n[n]{1}{iku-i]!!!!",""
"\n[n[3]]再次泄漏皮♥皮尤阿哈哈哈♥已经恢复与卢纳英雄的暨♥",""
"\n[n]3_这是一个逆转♥这勇敢的人不能赢，我想给露娜♪",""
"[n]n[3]_Zako勇敢者谁只能吐出一个可怜精子，只是夹在小山雀♥",""
"[n]n[3]我会挤在露娜的蒂蒂蒂里♥吃♥♥霍拉伊克再次输♥",""
"\n\n{1}哦！ 但我受不了...",""
"\n[n]n[3]]如果你记得露娜的胸部的感觉很好，它就结束了♥♥",""
"\n[n]n[3]]我变得愚蠢，只是说，它停止暨，直到干涸♥",""
"[n]n[3]]♥霍拉♥霍拉♥霍拉，谁输了♥恶魔的胸部♥",""
"\n[n]3]对露娜的惩罚♥♥被馅饼♥",""
"[n]n[3]]干干♥被粉碎在露娜的山雀♥",""
"\n\n{1}哦，哦，!!!!!。",""
"\n\n{1}哦！ 哦，是的!!! 哦，哦，!!!",""
"\n[n]3_哦♥英雄的惠普已经变成了0♪这击败了露娜♥卢纳英雄♪",""
"\n[n]n[3]，我想这是不好的，但我很高兴我设法赢了， ♥，毕竟，我打反了！",""
"\n<ムー>我什么都和我说话了。 哦，我的天",""
"\n<ムー>我知道了。 我理解了 你可能会感到尴尬。 我也有点轻。",""
"\n[n]3_？？？是的。 你一直很沮丧，不是吗？ 嗯，在战斗的路上，你会精子出来吗？ 哈哈！",""
"\n\n{1}~~~~~~~~~~~~~~~~~~~~~~~~~~~~~~~~~~~~~~~~~~~~~~~~~~~~~~~~~~~~~~~~~~~",""
"\n[n]\n[3]哦♥你兴奋得满满♥露娜？ 勇敢的人♥",""
"\n[n]n[3]funfu♥魅力♥阿♥射精和射精，所以它是有效的♥所以你不能再反对露娜了♥",""
"[n]n[3]]我抓住霍拉·金·金·卢纳的腿♥♥脚科基攻击♥",""
"[n]n[3][胸部]♥多，我会显示服务？ 哦，♥看很多，它很硬♥",""
"\n\n{1}哦， 已经...",""
"\n\n[1]哦，哦，我的!!!",""
"[n]n[3]我又出去♥马玛♥被一个杂鱼怪子打屁股，射精♥",""
"\n[n][3]]在战斗中精子被精子伸出，被敌人攻击，真是一个可耻的勇敢的人♥",""
"\n\n[3]？哦，怎么样？ 露娜的进攻感觉很好♥如果你不早点跑，惠普会是0吗？",""
"\n[n][3]]我知道露娜的脚感觉很好，但我可以继续这样吗？ 哈哈♥",""
"\n\n[1]出去... 等等！！ 哦，我的天！",""
"\n\n[1]!!!! 哦，我的天",""
"\n[n][3]♥，那个勇敢的人♥在露娜的腿下被吓坏了♥",""
"\n[n]n[3]我射精，直到♥空♥",""
"\n[n][3]]被HP0击败，被脚工作♥尴尬地输掉♥",""
"\n[n]\n[3]阿哈♥输给露娜♥输♥失去露娜的腿♥",""
"\n[n]n[3]~♥♥~~~~~~~~~~~~~~~~~~~~~~~~~~~~~~~~~~~~~~~~~~~~~~~~♥~~~~~~~~~~~~~~~~~~~~~~~~~~~~~~~~~~~~~~~~~~~~~~~~~",""
"\n\n{1}哦，!!!... -!!!!...",""
"\n[n][1]我出去!!!!!!!!",""
"\n[n]n[3]_比祖鲁·比祖鲁♪因此英雄们输给了脚工作！ ♥",""
"[n]n[3]♥是一个身体与英雄的精子的身体，♥第一次如此美味的暨♥ ♥...",""
"身体已经动了...",""
"\n<ルナ>",""
"\n<ルナ>呃...",""
"\n<ルナ>...，如果你仔细看，它不是那么多波美拉尼亚人。",""
"\n<ムー>你真的输给了这样的人吗？ 嗯...",""
"\n<ムー>かん。 我太懒了，我差点放松了。",""
"\n<ムー>。 你不能跟上自己的节奏。 记住，我们是敌人。",""
"\n<ルナ>又消失了。 ・・・? 你不需要饭团吗？",""
"\n<ルナ>福。 我无能为力。 露娜会把英雄的事情放在她身上。",""
"\n<ルナ>，勇敢的人，你手淫时记得被露娜责骂吗？ 嘿，你♥了",""
"\n<ルナ>怎么样？ 感觉好得像死人一样好， 感觉如何？ 告诉我♥",""
"\n<ルナ>来这里并不是为了打败露娜，而是因为我想让露娜做点事吧？ 我知道♥",""
"\n<ルナ>这次你想怎么输给露娜？ 你该怎么？ 还是你还是想被胸部夹住？",""
"\n<ルナ>我会让你感觉很好♥让我再次甜与露娜♥",""
"\n<ルナ>♥露娜也从勇敢的人身上吸能量，我变得有点强壮♥",""
"\n<ルナ>啊，让我给你看你的胸部吗？ 也勃起色情英雄♥",""
"\n<ルナ>扣扣♥多？ 露娜 山雀 ♥",""
"\n<ルナ>如果你扔掉那把大剑，我会把那把小剑夹在露娜的胸部里吗？ 闷♥",""
"\n<ルナ>在胸部的山谷里紧紧地夹住它，我想处理它，并♥左右交替♥",""
"\n<ルナ>霍拉·钱桑·塔尼米♥被露娜的胸部吃掉了♥",""
"[C[14] 无法抗拒诱惑",""
"他们心系",""
"\n<ルナ>啊，我放弃了剑♥，这是天堂的决定♥♥",""
"\n[n]n[3]哦，但害怕突然攻击♥首先，你必须处理自己♥和西科西科，以适应鲁纳的肚子？",""
"\n[n]\n[3]，如果勇敢的人不展示他们想要输的感觉，她不能放心露娜♥",""
"\n\n[3]你出去了吗？ 勇敢者♥你会屈服于露娜的诱惑，并释放你的精子？ 闷♥",""
"\n[n]3_是的♥好，♥好♥",""
"\n[n][3]]霍拉♥一个♥和魅力。 现在，露娜的获胜♪",""
"\n[n][3]舔舔♥露娜吐湿♥♥",""
"\n[n[3]啊♥勇敢的人，你出汗♥吗？ 闷♥",""
"\n\n{1}，不！！ 我要走了！",""
"\n[n][1]我出去♥♥♥",""
"\n[n][3]我无法忍受♥♥一点！",""
"\n[n][3]，哪个感觉更好？ 和这个被夹住的胸部，被卡住了，是瘦的，哪个？",""
"\n[n][3]露娜的胸部是温暖的。 只是被包裹，热量会传到我身边♥",""
"\n[n][3]，你看起来是一团糟。 它似乎融化了，因为它是♥",""
"\n\n{1}..♥",""
"\n<\n[1]>うわあああああああぁぁぁ♥♥♥","\n<\n[1]>うわあああああああぁぁぁ♥♥♥"
"\n[n][3][好]，即使融化了♥露娜会吸它，吃它♥",""
"\n[n][3]]我会吸尽勇敢的人♥，变得闷闷不",""
"\n[n]n[3]，把♥的胸部收紧♥",""
"[n]n[3]，你很快就要出♥了，那你就死了♥",""
"[ n ] n [ n ] [ 3 ] 在霍拉鲁纳的中死亡♥死♥♥死♥♥",""
"\n\n{1}啊♥，但我无法忍受它♥♥",""
"\n[n][1]我出去♥♥♥♥♥♥",""
"\n[n][3]，一个勇敢的人，被诱惑救了，露娜。 哦♥现在卢纳能再上电了吗？",""
"[n]n[3]]如果你复活了♥你会回来，你会用露娜的胸部多次杀死♥♥",""
"不是他死了！",""
"\n<ムー>可能需要一点休息。 你今天慢点吗？",""
"[C]26：我们今天休息一下。",""
"没事了",""
"\n<ムー>不要强迫自己。 心灵的疲劳比身体疲劳更麻烦。",""
"\n<ムー>。 休息是工作上的一部分。 让我们一天来一起大干吧。",""
"\n<女将>勇敢者， 你休息了吗？",""
"\n<女将>对不起一个奇怪的时间。 有件事我想对勇敢的人说...",""
"\n<女将>...",""
"\n<女将>英雄输给了恶魔，这是真的吗？",""
"你为什么那么做？",""
"你在说什么？",""
"\n<女将>嗯，那张脸在撒谎。 勇敢的人是诚实的。",""
"\n<女将>不怪你。 我只是担心勇敢的人...",""
"\n<女将>我本想，我有什么我可以帮忙的。",""
"\n<女将>♥",""
"<女将><女将>啊♥已经这么♥♥了♥",""
"\n<女将>只是触摸一点点，似乎会变成这样，你会被欺骗者吗？",""
"\n<女将>勇敢的人需要学习性。 你必须习惯女人的身体。",""
"\n<女将>如果我不介意的话， 你能帮助我对快乐产生抗药性吗？",""
"\n<女将>看， ♥一起学习... 勇敢的♥",""
"[C[14] 请",""
"拒绝",""
"\n<女将>♥了解我♥让我们学习很多♥可爱的勇敢的人♥",""
"\n[n]n[3]~请耐心等待，♥勇敢的人♥",""
"[n]n[3]勇敢的硬打我的阿索科 ♥...",""
"\n\n[3]，你的鼻呼吸很粗糙，不是吗？ 不要兴奋♥保持冷静和呼吸♥",""
"\n[n][3]哦，你再也受不了了吗？",""
"\n[n][3]_不射精是不好的。 这是训练。 闷♥",""
"\n[n][3][请忍受，无论你想射精多少。 保持冷静♥",""
"\n[n]n[3]]如果你向恶魔伴侣射精，你会被吸走生命力。 你已经亲身体验了，不是吗？",""
"\n[n]3_如果你不想有悲惨的想法，你可以忍受泄漏。 即使我这样做了♥",""
"\n[n]\n[3]_♥停止♥♥忍受它♥",""
"\n[n]\n[3]，请屏住呼吸，♥，让我们冷静下来，想想一些不同的东西吗？",""
"\n\n[3]_不要希望感觉良好♥不要考虑射精吗？",""
"\n[n[3]_例如，如果你关闭大腿，并夹住你的鸡巴，不要想会发生什么♥",""
"\n[n][3]哦，哦，又变得很粗糙了。 你考虑过吗？ 闷♥",""
"\n\n{3}不行？ 在任何时候，你都不要屈服于诱惑。 你是一个勇敢的人♥",""
"\n[n][3]，那么，让我们尝试♥英雄...",""
"\n[n]n[3]，你想吐出暨比尤，被粉碎在我的大腿上，因为它是吗？",""
"[C[14]我想夹住它。",""
"他们忍受",""
"\n[n][3]哦♥还不是堕落吗？ 勇敢♥看起来如此哭泣，我是多么可爱♥",""
"\n[n][3]，因为它很可爱，♥我尽了最大的努力♥♥♥♥",""
"\n\n{1}哦！ 哦，我的天！ 伊克 !!!... 哦，我的天！",""
"\n[n]{1}!!!!!!!!!!!",""
"\n[n]n[3]]♥射精的快♥阿哈是♥年轻♥，请拿出更多♥♥",""
"哦，我晕倒了♥真的很恶心♥很可爱♥哈哈哈哈♥",""
"\n<女将>如果呢？ 英雄？ 你没事吧？",""
"\n<女将>你能帮上忙一点吗？ 如果你不介意的话，让我们训练一次，♥♥",""
"\n<ムー>？ 你想带他来吗？ 你似乎累了，但是你睡得好吗？ 睡眠很重要。",""
"\n<ムー>你需要适度地破坏它。 你今天能停止摆脱恶魔，放松吗？",""
"[C[26] 放松",""
"[C[26] 房东事件第一次",""
"去摆脱恶魔",""
"\n<ムー>。 那么，我们该走了吗？",""
"\n<女将>还是... 我碰巧在房间外听到一些谈话。",""
"\n<女将>是的！ 训练，以培养它的精神力量♥平静地拒绝，即使被邀请♥勇敢的人的语气♥",""
"\n<女将>，我会继续训练，好吗？ 你有足够的力量来抵抗你的欲望♥",""
"\n<\n[1]>はぁ・・・はぁ・・・\.あぁぁぁ・・・!!",""
"\n\n{1}我受不了了！",""
"\n[n]3]哦♥♥如果你是一个勇敢的人♥如果我是一个恶魔，我该怎么办♥",""
"\n[n]3\好，那.......\C[10]挤，榨，杀，和，哦，♥",""
"\n\n[1]....!!!! 已经 !!!!...",""
"\n\n[1]!!!! 哦，哦，哦!!!!!",""
"\n<ムー>去吃点好吃的东西吗？",""
"\n<女将>勇敢者♥今天也是特别训练♥让我们努力工作♥♥",""
"训练1。",""
"训练2。",""
"训练3。",""
"• 先完成培训 1",""
"• 请先完成培训 2",""
"\n[n][3]，♥秘密训练开始♥♥",""
"\n[n]\n[3]你想射精吗？ 勇敢的人 但是...",""
"[n]n[3]我不能让我射精。 这是一个培训。",""
"\n[n][3]，你以为你能像以前一样用大腿拍打吗？ ♥",""
"\n<\n[3]>ダメですよ勇者様。 上次，我服务，因为勇敢的人有一张太可爱的脸。",""
"\n[n][3]]直到射精没有进入训练♥这是什么意思，你明白吗？",""
"\n[n][3]_再次未经许可。 不要冷静下来♥出去♥",""
"\n[n]n[3]~嘿，勇敢的人，你想射精吗？",""
"\n\n[3]，你能不能得到一点心意吗？",""
"\n[n[3] 我不想说太多，但因为勇敢的人没有支付住宿费用，所以管理有点困难。",""
"\n[n[3]，如果你能得到钱，你可以挤压和收集英雄在阴道里，但...",""
"\n\n{3}你想放吗？ 嘿，♥勇敢的人，我内心感觉很好♥",""
"\n[n]3]，它粘得湿，温暖♥，收紧...",""
"\n[n]n[3]]我想爱这个硬化的勇敢的家伙的鸡巴 ♥ ♥...",""
"[C[14] 支付 1000G",""
"\n[n]3]你记得训练♥很好♥是一个勇敢的战士，能够抵御诱惑♥",""
"\n[n][3]？。。。。。。。。。。。。。。。。。。。。。。。。。。。。。。。。。。。 你只要擦猫，直到早上到来，它停止它，",""
"\n[n]3\\n[3]让我们变得轻松♥看♥说，我想吃我的猫♥...♥勇敢的人，你会怎么做♥",""
"谢谢你♥♥我会尽快升天♥",""
"\n[n][3]~~~♥♥~~~~~~~~~~~~~~~~~~~~~~~~~~~~~~~~~~~~~~~~~~~~~~~~~~~~~~~~~~~~~~~~~~",""
"\n\n{1}哦，哦！ *. 出去！！ 哦，l！！",""
"\n[n]1]出去!!!!!!!!!",""
"\n[n]3]毕竟，这似乎是一个极限♥a♥，它反弹的腰部♥如果你变得如此暴力，其他客户会注意到♥",""
"\n[n][3]]你一切都结束了吗？ 我又屈服于诱惑♥♥",""
"\n[n]n[3]_这次是一种训练，以承受直接的快乐♥♥衣服也脱下来♥所以请兴奋地看着它♥",""
"\n[n]\n[3]*不要轻易♥我想玩得开心♥♥",""
"\n[n]\n[3]，你是如何成为一个勇敢的人？ 你泄露了吗？ 太可怜了♥很闷♥",""
"\n\n{1}！ 妈的... 出去...",""
"当然，我仍然允许射精♥但♥脸♥",""
"\n\n[3]，这是一种抵抗诱惑的训练吗？ 我这样做是为了忍受快乐。",""
"\n[n][3]我不应该射精，是吗？ 勇敢的♥",""
"\n[n]n[3]]我通过支付和训练来支付费用。 不要浪费我的青睐♥",""
"\n[n]3_对不起，射精超出了青睐的范围♥不是吗？ 这是为了打败恶魔。",""
"\n[n]3_但是，如果勇敢的人失去快乐，并支付我的乐趣♥...",""
"\n[n]n[3]]无意中，英雄可能会挤在大腿上""很多次♥",""
"\n[n]\n[3]，英雄不会屈服于诱惑，支付金钱，是吗？ 嘿，♥勇敢的人，如果你付钱，你会被鱿鱼♥",""
"[C[14] 支付 3000G",""
"我不付钱",""
"\n\n{3}...是的。 今天就到此为止。 谢谢你的辛勤工作。",""
"[n]n[3]，那张脸。 你想射精吗？ 哦，我的天 但我累了 对不起♥",""
"\n[n]3_那么，你知道下一步该做什么吗？ 当我准备♥时...♥",""
"\n\n{3}哦？ 这钱怎么了？ 你从来没有想被射精。 嘿♥嘿♥",""
"\n\n{1}哦，哦，哦，我的帮助，!!!!!",""
"\n\n{1}""!!!! 哦，!!!!!!",""
"\n[n]n[3]我湿了♥我迅速挥动我的臀部♥我不打算射精♥",""
"\n\n{1}哦!!! 不要 !!!!... 哦，是的!!!",""
"\n[n]3_对不起，我挤了穆奇姆奇的大腿♥一个必须忍受的勇敢的人♥",""
"\n[n]\1_!!!!!! 哦，我的天，!!!!!!!",""
"\n[n]{3}？ 很有趣♥♥，我想我可以整齐地停止它，♥又疯了♥",""
"\n[n]\1 !!!!___________________________________________ !!! 哦，!!!!",""
"\n[n]\n[3]，如果如何移动，如何使勇敢的人没有鱿鱼♥嗯，是这样吗？",""
"\n[n][3]，听起来很棒♥这一定是错的♥哈哈哈哈♥",""
"\n\n{1}哦！哦！哦，我的上帝！ [.. !!!! 哦，!!!",""
"\n[n][3]我这样做♥，♥挤到勇敢的人晕倒♥",""
"\n[n]n[3]，♥真的诚实和好孩子，♥勇敢♥我会挤出更多♥a♥",""
"\n[n][3]今天，我们将添加一个规则，以防止英雄容易射精♥",""
"\n[n][3]=每次射精支付5000G。 就是这样♥",""
"\n[n][3]，所以我也会认真♥脱下它♥",""
"[n]n[3]~♥请兴奋地看到胸部♥它很快就会泄漏暨♥哦♥",""
"\n[n]n[3]♥伊基基♥我无论如何都受不了吗？ 看！ 哦，我的天！",""
"\n[n[3]哦♥我射精了♥训练的结果根本不被利用♥库库库♥",""
"\n[n][3]我们才刚刚开始♥我会把更多东西夹在一起♥",""
"\n[n][3]_如果你习惯了快乐，你可以忍受一点♥甚至治愈英雄的早泄♥",""
"\n[n]\n[3]，还是♥我的鸡巴被打坏，成为白痴♥♥♥哪个？ 你会成为白痴吗？",""
"\n[n]3]哦，♥很多，♥我刚到♥",""
"\n[n][3]]你射精两次，不会结束吗？ 还是很酷，不是吗？ 勇敢的人",""
"\n[n]\n[3]]如果你把它完全释放，直到它是空的，你的欲望可能会消失，你也许能够赢得恶魔♥",""
"""n[n]n[3]""我一辈子都可能赢，♥ 但♥哈♥",""
"\n\n{1}哦！ *. 出去！！ 哦，l！！",""
"\n[n]n[3][♥勇敢和失去的♥阿♥感觉？ 嘿♥你感觉这么好♥",""
"\n\n{3}你还记得吗？ 射精是5000G一次？ 你有钱吗？ 勇敢的人",""
"\n[n]n[3]_拯救世界的勇敢的人可以在这样的地方榨取金钱和暨吗？",""
"\n[n]\n[3]我输了性♥我可以被剥夺♥一个单纯的普通人的东西？ ♥",""
"\n[n]n[3]，我想♥一个非常可爱的脸♥，这是很好的勇敢♥♥",""
"[n]n[♥ 3]♥把一切奉献给♥你!!!!",""
"\n[n]{3}，这是极限吗？ 这是一个勇敢的人，没有可忍受♥它是结束，这是单方面的♥大腿♥",""
"\n[n]3_钱从钱包里拿出来♥但不够好♥所以慢慢来。 晚安♥勇敢的♥",""
"失去了20000G...",""
"\n<ムー>？ 嘿，你浪费什么？ 你把钱丢在某个地方了？",""
"\n<ムー>嗯，我去找一份工作。 不管你有多少旅馆是一个...",""
"\n<ムー>... 什么比塔达高？ ・・・?",""
"\n<ルナ>嗯。 我愿意和卢纳战斗，同时让考珀如此。 你能忍受多久？",""
"\n<ルナ>露娜不能输。 我会再次挤压和提升它！",""
"\n\n{3}哦！ 你... 我放弃了！ 放松！",""
"\n\n{3}好吧！ 比赛结束了！ 我会用露娜的腿来奖励我到目前为止所尽的奖励！ 你感觉如何？",""
"\n[n]n[3]]我会打很多，出汗！ 嘿！嘿！ 绝对感觉很好！",""
"[n]n[3]♥脚工作♥用脚工作♥",""
"[C[14] 脚工作",""
"刺刺托多梅",""
"\n[n]{3}...哦，♥",""
"\n[n]3]♥因为一直都是必应，所以很痛苦！ 现在露娜会刺伤你的托多梅♥",""
"\n\n{1}哦，不，不！",""
"\n\n{1}哦！ 哦，我的天！ 哦，我的天！",""
"\n\n[3]，你想这么做吗？ 英雄是巴多米♥希希♥",""
"\n[n]n[3]]如果你打败了露娜的科托，你就不能♥脚上工作吗♥啊！",""
"\n[n][3]我假装我打得很努力！ 事实上，你一直想今天怎么输？",""
"[n]n[3]我擦它，直到♥露娜的汗水从干燥到感觉良好♥",""
"[ n ] n [ 3 ] 古里古里♥♥奥曼科也从前一次看到的英雄的♥",""
"\n\n[3]你注意到了吗？ 下一次就到了吗？ 玛塔·卢纳会空着吗？ 哈哈♥",""
"[n]n[3]~~~~~~~~~~~~♥~~~~~~~~~~~~~~~~~~~~~~~~~~~~~~~~~~~~~~~~~~~~~~~~~~~~~~~~~~~~~~~~~~~~~~~~~~~~~~~~~~~~~~~♥ ♥~~~~~~~~~~",""
"[n]n[3]♥伊伊克马佐勇敢的人，在露娜的安扬里，♥♥♥♥",""
"\n\n[1]哦，是的，我又出去了，!!! 哦，是的!!!",""
"\n[n][3]哦。。 我已经从干涸中跳了！ 露娜，我想更踏♥勇敢的人很快就会死！",""
"\n[n][3]]当你复活时，记住这一点，并手淫它♥♥，它♥",""
"\n\n[3]哇！ 不，不，不！",""
"\n<???</a0><a1>危险!!!</a1><a2></",""
"\n !!!<商人>哇...",""
"\n<ルナ>，叔叔...！",""
"\n<商人>玉，勇敢的人...",""
"\n<商人>她是个好孩子...",""
"我杀了人",""
"\n<ムー>怎么办\n{1}！ 这是...",""
"\n<ルナ>叔叔...",""
"\n<ルナ>哦，你!!!",""
"\n<ムー>嘿 别闹事了 你，不要活着。",""
"<商人>不是",""
"\n<商人>她是个好女孩，即使她不喜欢她。 请原谅我。",""
"\n<ムー>科科人...",""
"\n<商人>露娜没有杀任何人。 其他人都还活着。 所以，你能原谅我吗？",""
"\n<商人B>你是什么？ 那是我的鲑鱼",""
"\n<商人C>通常是海带。",""
"\n<商人>我真的总是回来，但...",""
"\n<ムー>什么？ 你是不是想杀人？",""
"\n<ルナ>？ 因为，如果我死了，我只能吸一次，",""
"\n<ルナ>这让我恶心。 我绝对不想处理尸体或露娜。",""
"\n<ムー>但\n[1]是...！",""
"\n<ルナ>因为它会杀了你！ 露娜也不想死！ 起初，我不打算吸气！",""
"\n<商人>嗯，够了吗？ 对不起，我这里。",""
"\n<ムー>谁不？",""
"\n<ルナ>我知道。 露娜不再强迫别人拿走她的精力。 对不起，我很抱歉。 对不起，我杀了勇敢的人。",""
"\n<ルナ>当然，露娜是一个怪物。 这是敌人，如果被斩首，这是没有帮助的。",""
"\n<ルナ>谢谢。 叔叔，我很高兴你还活着 够了 卢娜输了，所以. ",""
"\n<商人>，露娜...",""
"\n<ムー>...（\n[1]是认真的，商人的身体是两个。 )",""
"\n<ムー>...",""
"\n<ムー>... 付き合いきれん。",""
"\n<ムー>请求就此结束。 你带商人回家吗？",""
"\n<ルナ>？ 什么？",""
"\n<ルナ>不砍掉... 露娜，这是个怪物",""
"你要我砍这么多吗？",""
"我会砍掉你叔叔的",""
"我想知道我叔叔会砍掉你吗？",""
"\n<ルナ>不...",""
"\n<ムー>是的，有件事我想问你。 露娜，你不知道魔王在哪里吗？",""
"\n<ルナ>... 但是，如果我告诉你，这是没有。",""
"\n<ルナ>如果你教你，如果你知道，你会成为露娜的叛徒...",""
"\n<ルナ>的话，我想被勇敢的人砍倒了。",""
"\n<ムー>。 低级恶魔可能仍然知道吗？",""
"\n<ムー>，请保持成人。 如果你再做错事，我就像栗子一样刻它。 好吗？",""
"\n<ルナ>... 好吧，好吧 露娜不再攻击人了 我保证",""
"\n<商人>一个案件，不是吗？ 现在，让我们回家吧。",""
"\n<ムー>不要分割。",""
"\n<ルナ>（英雄...",""
"\n<ムー>奖励是3000G，以拯救1000G和白痴。 总共4000G。",""
"\n<ムー>特别提交推翻的证据...",""
"\n<ムー>，你去看其他请求了吗？ 我希望下次我们是体面的敌人。",""
"\n<女将>小心。 去，♥勇敢的人♥",""
"\n<女将>博索索...（接下来你想怎么被挤？ 好好准备钱♥♥）",""
"\n<ムー>... 尼索的故事是令人毛骨悚然的。 让我来",""
"\n<女将>今晚的""菜单""故事♥穆香最好不要知道，是吗？ 我会保留你的保留♥",""
"\n<ムー>。 这当然应该不知道。 我期待着它。",""
"\n<依頼書>萨库巴斯征服风险★★ + 奖励 7000G + *",""
"\n<依頼書>来自逃离萨库布斯的冒险家的要求。 似乎已经牺牲了几个人。",""
"\n<依頼書>从情况来看，希望渺小，但如果您有幸存者，请营救他们。 额外奖励：每位幸存者 5000G",""
"\n<ムー>又恶心了？ 这不是一个高风险的要求，",""
"\n<ムー>可能还有幸存者。 你最好快点。 下一个不会像露娜那样松散。",""
"\n<商人>你为什么这么说？",""
"\n[n]n[3]我会纠缠在一起！ 你不能逃跑！ 来吧！ 这是一场游戏♥",""
"\n[n[3]]你太好，只是看着露娜的身体♥这之前，你记得♥，你♥",""
"\n[n]\n[3]~~~~~~~~~~~~~~~~~~~~~~~~~~~~~~~~~~~~~~~~~~~~~~~~~~~~ 别攻击我！",""
"\n<ルナ>哦！ 别说了！ 至少只有叔叔会帮忙的！！",""
"\n<商人>为什么会砍到我！？",""
"• 选择敌人的行为编号。 \n[14]\n[15]",""
"0： 显示乳房 1： 吻 2： 面部舔 3： 显示 Asoko",""
"\n[n]{3}？ 你想让你感觉很好吗？ 哦♥勇敢的人也是人♥",""
"\n\n[3]你想♥看♥胸部吗？ 嗯，♥",""
"\n\n{1}哦！ 哦，是的!!! 哦，哦!!!",""
"\n[n]n[3]♥你一瞬间就被夹住了♥你想让我这么胖吗？ 告诉我♥",""
"\n\n[3]~♥这个吗？ 交替♥",""
"\n[n]\n[3]，哦♥可爱的声音泄漏了吗？",""
"[n]n[3][霍拉霍拉♥我会攻击胸部♥♥",""
"\n\n{1}哦，是的，哦，是的！ 哦，我的天！ 哦！",""
"\n[n]{1}我!!!!",""
"\n[n][3][♥是超级好！ 飞得满满♥",""
"\n[n][3]]更快♥勇敢的人会打破♥",""
"\n[n][3]♥这是多♥输了♥",""
"\n[n][3]失去露娜的胸部♥扎科勇敢的♥扎科♥扎科♥",""
"\n<\n[1]>きゃあああああああぁぁぁ!!!",""
"[n]n[3]还没有停止♥英雄是露娜的敌人♥",""
"\n[n]\n[3]，其实，即使露娜也不想战斗，但勇敢的人是坏的吗？",""
"\n[n[3]]即使它被射精，直到HP0在蒂蒂，这是英雄的责任♥",""
"\n[n][3]]因为英雄的力量被挤压，这样他们就不会欺负露娜♥",""
"[n]n[3]伊克♥伊克♥射精♥在馅饼中输了♥扎科♥",""
"\n\n{1}哦！ [... !!! 别说了！ 别说了!!!",""
"\n[n][3]，谢谢你的辛勤工作♥不要来欺负露娜♥♥",""
"\n[n]\n[3]，因为欢迎来做一件重要的事情♥如果你想再次这样做♥请放下剑♥",""
"\n[n]3_？？？是的。 只是在做吗？ 你一点都乱了，但是你呢？ 你出什么了？",""
"\n[n]\n[3]哦♥你是如此兴奋♥露娜的奇尤？",""
"[n]n[3]_可爱的勇敢的英雄♥♥♥",""
"[n]n[3]]我喜欢与恶魔♥看♥露娜♥",""
"\n[n]n[3]~你会吸掉勇敢的人的力量吗？ 你必须逃跑，♥♥",""
"\n\n[1]哦!!!! 哦，我的天",""
"\n\n{3}？ 又一次？ 你喜欢和露娜一起吗？ ♥",""
"\n[n][3]，对不起，我的脸和混蛋，这是露娜的攻击吗？",""
"\n[n]\n[3]露娜不能伤害英雄，即使它击中，因为它没有魔法或攻击力，",""
"\n[n]3]这样，你感觉好，并剥夺了生命的力量与精子♥霍等人，你会再次受到伤害♥你会遭受伤害♥♥♥",""
"[n]n[3]_好♥英雄的力量与其他人完全不同！ 露娜会越来越强壮♪",""
"[n]n[3]，勇敢的脚♥没有权力逃跑♥♥♥",""
"\n[n][3]]我羞于在这样的地方被恶魔所打败♥",""
"[n]n [3] 被敌人挤在一起，成为梅洛梅罗，被吸得满满的奇怪、状态、勇敢、人♥",""
"[n]n[3]]所有一切到霍拉露娜♥露娜吃所有的英雄的嘴♥♥",""
"\n\n{1}我感觉很好，♥... ♥♥",""
"\n\n{1}!!!! 哦，是的!!! 哦，我的天♥♥♥♥",""
"\n[n]{3}非常♥♥，它充满了英雄的能量♥",""
"\n[n]3]我很高兴能和露娜一起完成♥♥勇敢的人♥",""
"\n\n{3}你再也受不了了，是吗？ 为什么不进去呢？ 哦，你得把它放在这儿♥",""
"\n\n{1}哦！ 哦，我的天！ 伊克... 哦，我的天！",""
"\n[n]{3}？ 你是不是在做？ 她只是给我看了露娜的曼科♥但♥",""
"\n\n{3}多？ 你干净吗？ 哦，你有很多♥♥",""
"\n[n][3]，但你还是在跳小瓶吗？ 你毕竟想进去吗？",""
"\ n \ n [ 3 ] ，你的眼睛粘在露娜的上吗？ 哦♥你想这样吗？",""
"\n[n]3_a：♥♥，我只是看了一眼，♥，我♥♥",""
"\n[n]3_♥魅力♥指令。 露娜的曼科·佩罗佩罗！",""
"\n[n][3]哦♥魅力对勇敢的人有效♥",""
"\n[n][3]]♥它是如此强大和酷♥现在像狗一样，在露娜的那边佩罗佩罗♥哈哈哈！",""
"\n\n{1}哦，是的，♥。",""
"哦，哦♥♥哦♥啊♥♥",""
"\n\n[3][美味？ 勇敢者？ 露娜的那边很好吃吗？ 嘿♥",""
"\n\n[3]。。。。 如果你闻到这种可怕的气味，你会发疯吗？",""
"\n[n][3]，因为它不能停止，只是气味♥",""
"\n\n[3]我可以再输吗？ 你没有碰露娜，但会输吗？ 闷♥",""
"\n[n[3]~♥把鼻子♥塞进♥♥",""
"\n\n[1]我出去... 等等！！ 等等...♥♥♥",""
"\n\n{1}""哦""!!! 伊古!!!!!!!!!!",""
"\n\n{3}♥不行？ 哦，勇敢的人又输了！",""
"\n[n]3]，如果你想再次闻到露娜的味道♥我会等♥♥",""
"\n<ムー>... 这是一具被萨库布斯吸走的人类尸体。 可怜的 不能判断是谁。",""
"\n<ムー>的迹象。 我们很快就要打架了。 准备\n[1]。",""
"\n<ムー>不要宽恕那些无忧无虑地杀人的恶魔。 他们看起来和别人很近，他们只是怪物。 别忘了",""
"\n<青年>哦！ 别... 哦，我的天！ 已经...",""
"\n<サキュバス>♥♥？ 你不再出去了？ 撒谎♥，你射精说，就像以前一样♥",""
"\n<青年>... 真的...",""
"\n<サキュバス>你知道♥吗？ 是的，是的。 ♥如果再拿出来，你会死♥",""
"\n<サキュバス>也不错，因为它感觉很好。 你喜欢一件好事，不是吗？ 如果你不想吃♥，你应该把它变小♥",""
"[C[14] 更多",""
"去帮忙",""
"\n<青年>哦！ や・・・いや・・・だ・・・! 你想死... 哦，我的天！",""
"\n<サキュバス>你不想死这么多吗？ 库♥，那么，如果有人来帮忙，我忍受射精？ ♥ ♥♥♥♥♥",""
"\n<青年>... 哦，我的天！ 哦，我的天！ 哈...",""
"\n<サキュバス>阿♥尽力而为♥。 耐心点。 最后一次 你想享受很长一段时间，不是吗？",""
"\n<サキュバス>啊♥这是什么？ 我涂了♥唾液♥同时擦了擦后肌♥♥",""
"\n<青年>... 感觉... 哦，我的天！",""
"\n<青年>... 哦，我的天！ 哦，我的天！",""
"[C[14]",""
"\n<サキュバス>哦，对不起♥对不起♥♥可怜的家伙谁也帮不了我♥",""
"\n<サキュバス>看♥英雄们也很大♥只是看着你吃♥",""
"\n<青年>？ 勇敢的人...，为什么... 哦，我的天！ 哦，我的天！ 不，不！ 我要出去...!!!",""
"\n<サキュバス>好伊基基♥♥♥挤压和杀死你的嘴♥",""
"\n<青年>啊！ 哦，我的天！ 出去！！ !!!",""
"\n<青年>哦哦哦哦!!!!",""
"\n<サキュバス>♥♥阿哈♥♥非常♥♥",""
"\n<サキュバス>当暨死亡时，它最美味的♥♥♥♥♥",""
"\n<青年>... 被吸了...",""
"<青年>不是",""
"\n<サキュバス>♥味道很好♥♥",""
"\n<サキュバス>来♥你也希望你这样做吧？",""
"我的身体...",""
"\n<サキュバス>我看起来羡慕和他一样♥♥♥",""
"如果这样下去...",""
"\n<サキュバス>好孩子♥♥♥",""
"\n[n]\n[3]你太♥不能忍受吗？ 不再是宾♥",""
"\n[n][3]你该走了吗？ ♥，你一直忍受它，因为我看着它♥",""
"\n[n]\\\\!!!!\\\\\\\\\\\\\\\\\\\\\\\\\\\\\\\\",""
"\n[n]\n[3]...♥美味...♥♥非常...♥非常♥",""
"\n\n{3}哦？ 怎么了，我拉了一下。 一旦你冷静下来，你会后悔吗？ ♥♥你再也逃不下去了♥",""
"\n[n][3]你♥为了让自己感觉良好而杀人♥",""
"\n[n]3_♥♥♥一♥个勇敢的♥♥",""
"\n[n]n[3]♥看起来好像哭♥很可爱♥我想吃得更多♥",""
"[n]n[♥ 3]♥♥♥♥♥，我会不去想任何事情♥",""
"\n[n][3]忘记讨厌的东西，只是感觉我嘴的温暖和湿♥你知道 ♥...",""
"[n]n[3]♥哦♥你嘴里的蓬松的弹跳♥我喜欢这个♥",""
"[n]n[3]]一个受敌人诱惑的马佐勇敢的人，可以自己吃小品， ♥ ♥ ♥...",""
"\n[n][3][最高] ♥最好的你♥你♥ ♥...",""
"\n[n][3]~♥喝♥到最后一滴，♥♥一个♥",""
"\n[n]3\\\\\\n\n[8]♥吃在敌人的嘴里，游戏结束♥♥",""
"\n[n]\n[3]♥，♥ 哦♥哇，味道很好♥让我喝得更多♥还死了♥",""
"\n[n][3]普是...♥哦，我从干涸中跳了。 ♥可爱\n[8]♥",""
"\n<ムー>不再有幸存者了。 你也不会被扣为人质 下次，用快速攻击把一块。 好吗？",""
"\n<ムー>幸存者的营救失败了，但... 在下一个受害者出现之前。",""
"征服第一个事件",""
"\n<サキュバス>哦♥一个看起来更美味的猎物来了♥很美味♥",""
"\n<青年>... 是的，我救了我！",""
"\n<サキュバス>♥不是一个♥的勇敢的人♥不是一个胡比宾♥",""
"\n<サキュバス>我是否能在这样的状态中战斗。 现在，♥来吃饭♥",""
"\n\n{3}这次我该怎么让我走？ 嘴，手？ 或者♥你现在见过曼科♥♥",""
"\n\n[3]？，嗯？ 我只是露出一点胸部，而不是脸红♥我喜欢那个笨蛋的孩子♥很闷闷♥",""
"看看我的身体♥如果你躺在那儿，我会搞砸的♥",""
"\n[n]n[3]抓住♥阿哈♥被敌人对待，感觉好吗？ 我们在战斗中♥",""
"\n\n{3}哦，妈的！ 我怎么可能战斗？ 养成了勃起这么多的习惯！",""
"\n[n][3]哦，是的，我放弃了。 这一切就是我 喜欢它。",""
"\n[n][3]如果你杀了它，就杀了他。 看 我跪下，不再抗拒。",""
"\n[n][3]你赢了，如果你放下那把剑。 哈...",""
"\n[n][3]但是，在那之前，你很难...",""
"\n[n]\n[3]，如果我向前走一步，♥",""
"[n]n[3]，我可以在我的温暖的嘴里放精子♥",""
"\n[n][3]]在杀死它之前，我可以尝一下，♥♥♥",""
"[C[14]一点点...",""
"\n\n[3]...哦，魔王...",""
"\n\n[3]哦！",""
"我完成了我的要求！ 我们回基地吧...",""
"\n<ムー>奖励是7000G的征服。 就在那儿",""
"\n<ムー>... 你不太想。",""
"\n<ムー>好了。 今天已经很晚了。 你明天会睡觉吗？",""
"关于恶魔",""
"关于魔王",""
"\n<ムー>今天战斗的恶魔，萨库巴斯... 一种只把人当食物的恶魔，只为了残忍和自在的快乐而活。",""
"\n即使你看起来和<ムー>人相似，或者你可以用同一种语言交谈，那也只不过是欺骗和引诱一个人的手段。",""
"\n<ムー>有时，像露娜一样，但... 恶魔对人类有感情...",""
"\n<ムー>。 你在哪里？ 让我们在这个村子里坚持一点，如果你什么也得不到，就去国王的首都。",""
"\n<ムー>我以为露娜知道些什么...",""
"\n<ムー>温水的手是温暖的。 ・・・",""
"今天休息了...",""
"睡觉",""
"我醒了一会儿。",""
"\n<ムー>那\n{1}。 明天见。 晚安",""
"""诺兹<ムー>ぐごぉ兹""",""
"\n<ムー>ん\にゅ\n\1\!!!?",""
"\n<ムー>...什么... 现在，我想现在几点了。",""
"\n<ムー>饿了吗？ 我有点饿。",""
"\n<ムー>想想看，我听说摊位来了。 我们得走了。",""
"\n<ムー>什么？ 她不是露娜的叔叔吗？ 这是一个摊位。",""
"\n<おじさん>啊，龙的丈夫和英雄。 非常感谢你！",""
"\n<ムー>味道好吗？",""
"\n<おじさん>在夜风中吃的食物，所以不美味。",""
"\n<おじさん>，服务，丈夫，勇敢的人。 请喝和吃！",""
"\n<ムー>。 好吧，我倒了这个狗屎。",""
"\n<おじさん>先生...",""
"\n<ムー>。 哦，我的天！ 哦，我的天！",""
"\n<ムー>哇，哦，是的！",""
"\n<冒険者>！ 那条龙吐了！ 来吧！",""
"\n<おじさん>有点！ 哦，总是这样吗？ 龙的丈夫...",""
"当你喝酒时...",""
"真的，让我休息一下。",""
"\n<おじさん>... 听起来真好 两个人的组合。",""
"\n<ムー>干净。",""
"不<ムー>",""
"\n<おじさん>我是他们的粉丝。 从那时起，我没有砍掉露娜。",""
"\n<おじさん>一个只杀死恶魔的人。 杀死的恶魔，只是成为人类。 当然，你没有。",""
"\n<おじさん>两个人一定会改变世界。 我想，也许我可以找到一些不同的答案。",""
"<ムー>ふぅ不是",""
"\n<おじさん>嗯... 看来，是时候回家休息了。",""
"谢谢你的晚餐！",""
"谢谢你叔叔",""
"我能免费吗？",""
"\n<おじさん>请再来！",""
"\n<ムー>请。 味道很好。 再来一次 我很感激。 下我叔叔",""
"\n<ムー>...（没关系）",""
"\n<ムー>。 你来看看吗？ 哦，我的天...",""
"* 当前版本是到目前为止。 感谢您的光临！",""
"\n\n[3]，你不必忍受它？ 你想让我♥摸它，是吗？ 来吧，来吧♥",""
"\n\n{3}哦？ 精子出来只是看着♥腰部摆动♥♥不知何故？ 也许这就是它的全部？",""
"\n[n]\n[3]，我太兴奋了♥♥你这么想和我做爱吗？ 闷♥",""
"\n[n]\n[3]，我坐得♥你知道如果我躺在萨库巴斯前面会发生什么？",""
"\n[n][3]我♥你进去了♥♥",""
"\n\n[1]哦!!! 哦!!! 热！！ 哦，我的天！",""
"\n[n]\n[3]哦♥咆哮的声音♥♥不暴♥",""
"\n[n]{1}{1}!!!!!!!",""
"\n[n][3]""♥已经出来了？ 萨库布斯的阴道♥你烧了♥",""
"\n[n]\n[3]这个猫不是为了创造♥命，而是用榨汁机♥器官来夺去生命♥",""
"\n[n]\n[3]~♥，融化♥ん是热♥热♥",""
"\n<\n[1]>うああああああぁぁぁぁぁぁぁ!!!!!!!",""
"哦♥人类尖叫声什么时候可以听到♥恐惧和快乐♥混乱的声音♥",""
"\n[n]n[3]~通过愉快的感觉，大脑♥破碎的快乐♥品尝了很多♥",""
"\n[n]3]♥，♥爬了吗？ 闷♥",""
"\n[n]3]生命被打在萨库巴斯的子宫里♥♥来那里，来吧，来吧♥",""
"\n[n][3]我♥♥♥",""
"哦，我吸了一口气。",""
"[n]n[3]♥一个勇敢的人来了♥我走进我的子宫♥阿哈哈♥",""
"\n[n][3]，美味，哇♥这是第一次♥♥",""
"\n<サキュバスに襲われていた冒険者>勇敢的人... 没有你，我现在... 谢谢！",""
"\n<ムー>因为勇敢的工作。 以后要小心恶魔。 你明白吗？",""
"\n<冒険者>...",""
"\n<ムー>。 戒指？ 谢谢，请[n]1。 别忘了装备它。",""
"\n<女の子>...",""
"<女の子>不是",""
"\n<女の子>狡猾。 我爸爸和妈妈都被恶魔杀死了。 只有勇敢的人...",""
"\n<ムー>我想我很幸运，当我让我告诉你一次，你只死了一次。",""
"\n<ムー>无论多少次复活，对死亡的恐惧都不会消失。 [n]记住死亡的痛苦和痛苦。",""
"\n<ムー>还是得站起来。 不要增加像孩子一样悲伤的人。",""
"\n<ムー>狡猾？",""
"\n<女の子>... 我说了一些可怕的话。",""
"\n<ムー>不在乎。 你得了解。 只是说每个人都有一个角色。 尽你所能，你可以做湿。",""
"\n<女の子>。 谢谢你们 勇敢的人！",""
"\n<ムー>顺便说一下，我会死的。 因为那是圣龙巴哈姆托",""
"\n<女の子>巴哈穆特是狡猾的。",""
"\n<女の子>勇敢的人，祝你好运。 我会尽我最大的努力去寻找我能做的。",""
"\n<ムー>多亏了我的肚子，我活得救了。 坚持我，\n[1]。 我会跟着你走多远。",""
"\n<ムー>找出萨库瓦斯的弱点。 火焰，闪电，水... 试试看",""
"\n<サキュバス>♥勇敢的人♥当时我饿了♥现在是时候了。",""
"\n<サキュバス>。 我讨厌看起来如此可怕。 现在，它来削减它。",""
"\n<サキュバス>霍拉♥♥勇敢的最喜欢的胸部，♥看起来更懒♥♥",""
"\n<サキュバス>a♥我记得我挤在科托♥♥反应♥",""
"\n<サキュバス>我会♥，♥阿格尔，我会一次又一次地挤死你♥",""
"\n[n]\n[3]♥♥♥怎么样？ 你喜欢吻你♥吗？ ♥",""
"\n\n{1}嗯，!!! 哦，我的天！",""
"\n[n][3]哦♥我泄露了♥卡瓦伊♥我的脚上挂着温暖的暨♥",""
"\n[n][3]]我是如此的威严，直到刚才。 ♥亲吻了一下，我很兴奋♥",""
"\n[n]3]勇敢♥乌布♥丘丘♥♥",""
"\n[n][3]_嘿，它伸出更多的嘴♥♥吸，阿格尔♥",""
"\n\n[3]_萨库巴斯的吻感觉好，不是吗？ 你嘴里的呼吸♥♥",""
"\n[n][3]你生命被吸♥一个非常危险的吻♥",""
"\n[n]n[3]]溶解在大脑，它融化，它♥被吸出嘴♥",""
"\n\n{3}♥你不用离开吗？ 嘿♥如果你和姐姐一起，你会死吗？ 闷♥",""
"\n[n]\n[3]]，如果你被鞭打在丰满的嘴唇上，你无法逃脱♥",""
"\n[n]n[3]♥如此，我献上一颗爱，♥萨库巴斯的吻，我会给你一个甜蜜的死亡♥",""
"现在♥请♥，♥，你的嘴唇越来越近♥跑不出来♥",""
"\n[n][3][C][10] ♥♥♥",""
"\n[n][1]，出去 !!!!... 等等!!! 哦，我的天！",""
"哦，哦，哦，哦!!!!!!!!",""
"\n[n]\n[3]，♥安♥脚是精子♥水坑可以做的♥",""
"\n[n][3]，人类真的不是一个虚弱的生物♥♥只是被吸了吻♥",""
"[C[26] 能量[v][44]/\v[45][C][0]C[24]攻击力：[v[61]防御力：[v][62]技术：[v][63]精神力量：\v[64][C][0]\n[12]",""
"属性： 邪恶弱点： 水",""
"0： 胸部显示 1： 臀部摆动 2： 吻 3： 手工作",""
"\n[n]\n[3]，♥英雄也是人♥你知道，你想从我这里得到什么？ ♥说？",""
"\n\n{3}哦，我的天？ 你看起来那么笨♥♥只是看着胸部吗？ ♥",""
"\n\n{1}哦！ 但我受不了！",""
"\n[n][1]我出去!!!!",""
"\n[n][3]啊♥可爱♥勇敢的人♥",""
"\n[n]\n[3]]在进行生命交流时，♥敌人的姐姐的胸部，你关心吗？ 闷♥",""
"[n]n[n][3]♥多看♥胸部♥胸部♥阿♥",""
"[n]n[3]]♥甚至自己在女人的怪癖中，勇敢者会发泄，即使看自己的胸部？ 闷♥",""
"\n\n{1}哦！ 别停下来！ ""我""已经...",""
"\n[n]n[3]♥♥女人在辣♥又输给了山雀♥",""
"[n]n[3]♥♥更紧密地靠近你的脸♥闻到山谷之间的气味♥♥",""
"\n[n][3]我抓住了霍拉♥帕夫 ♥...",""
"\n\n[3]，柔软和温暖，不是吗？ ♥变得甜♥",""
"\n[n]n[3]没关系♥让我们继续满足于敌人姐姐的胸部吗？",""
"\n[n]n[3]♥帕夫♥帕夫♥哦，一个♥好♥",""
"[n]n[3]]幸福被包裹在胸部♥我什么也想不出来♥♥ ♥...",""
"\n[n][3]♥帕福帕福♥帕福♥♥♥",""
"\n<\n[1]>はぁ・・・はぁ・・・\.あぁぁぁん・・・!! 哦，我的天！ 哦，我的天，!!!!!",""
"\n[n]\n[3]~哦♥甜美本♥已经是猫了？ 闷♥",""
"\n[n][3]，但说♥英雄，只是摇动胸部一点点，但地方是人♥阿哈♥",""
"\n[n][3]哦♥♥？ 我只是摸了一下，♥闷闷不乐♥",""
"\n<\n[1]>はぁ・・・はぁ・・・\.あぁぁぁん・・・!!",""
"\n[n]1_哦，哦，我的上帝!!!!!",""
"\n[n][3]哦♥出来♥在战斗中，精子皮尤♥哈哈♥",""
"\n[n[3]]我输了，因为它把这些东西放在女人的习惯上♥它不是说你想吃♥仙人掌♥",""
"\n[n[3]你无法抗拒，不管你有多强壮♥♥",""
"\n[n]n[3]♥看♥又精子出来了吗？ 你会用手工作在敌人的萨库巴斯挤吗？",""
"\n[n]1_哦，哦，我的!!!",""
"\n[n][3]♥早哇♥可能是有史以来最早的泄漏♥♥",""
"\n[n][3]，这个手套也很酷，不是吗？ 当我♥♥轻轻摩擦时，我的整个身体都会被吓倒♥",""
"[n]n[3]，这是一个手套，只挤精子♥霍拉♥♥♥",""
"\n\n[1]我出去... 等等！ 哦，我的天！",""
"[n]n[3]感觉很好♥被敌人的恶魔强迫挤出暨♥膝盖gakugaku♥",""
"[n]n[3]看♥手工作浪费所有精子，然后枯萎的感觉如何？ 闷♥",""
"\n<\n[3]>大嫌いな魔物に無理矢理搾り取られて気持ちよくされちゃってる気分はどうかしらぁ♥あはははは♥",""
"\n[n]n[3]]紧紧地抓住它，吐出所有剩余的生命力量，使阿格尔♥♥",""
"\n[n]3_C[10]伊克♥♥",""
"\n\n{1}，!!!! 我要走了!!!!!",""
"\n<\n[1]>きゃあああああああぁぁぁ!!!!!!!!",""
"\n[n][3]是的♥味道很好♥♥我听不见吗？",""
"\n[n]n[3][再次来♥生活，我会用手工作很多次♥哈哈哈哈♥",""
"\n[n][3]♥♥♥♥",""
"[n]n[3]伊基，♥白痴♥♥",""
"\n[n][3]♥富♥流石英雄♥充满了能量♥闷闷不乐♥",""
"\n[n]\n[3]，♥ ♥♥♥♥，他♥危险♥♥",""
"[n]n[3]♥令人遗憾♥那张脸♥♥♥♥",""
"\n\n{1}...~~~~~~~~~~~~~~~~~~~~~~~~~~~~~~~~~~~~~~~~~~~~~~~~~~~~~~~~~~~~~~~~~~",""
"[n]n[3]，一个令人尴尬的精子♥，谁也♥屈服于敌人的诱惑♥",""
"\n\n[3]，♥，这是什么？ 我会♥挤得水♥",""
"\n[n]\n[3]嘿♥♥我现在是不是太无防备了？ ♥♥♥",""
"\n\n[3]，你为什么不砍掉它？ ♥♥怎么样？ ♥",""
"\n[n]{1}伊克!!!!!!",""
"\n[n]n[3]♥ ♥令人遗憾♥♥♥我讨厌我吗？ 闷♥",""
"\n[n][3]]，但我必须坚持♥♥被吸走了，如果我继续这样♥",""
"\n[n]n[3]，我感觉很好♥♥被恶魔吃掉♥♥令人遗憾♥令人遗憾♥",""
"n[n]3_哦♥♥你会输♥♥你会失去♥♥♥♥♥俊布布♥",""
"[n]n[3]哦♥我会吃到萨库巴斯♥它出去♥出去♥♥",""
"\n\n{1}哦，!!!!!!",""
"\n\n{1}""哦!!! !!!!!!!!!!",""
"\n[n]3\\\n[3]，非常♥，♥出来♥♥最后一个精子出来♥",""
"\n[n][3]♥♥很酷♥勇敢♥",""
"\n\n{1}哦，!!!!!!! 哦，我的天，!!!!!!",""
"\n[n]1_哦，哦，哦，哦!!!!!!!!",""
"\n\n[1]哦，!!! 哦，哦，哦，",""
"• Sacubus （中级） 6 种类型， 不帮助青少年在第一次事件 / 能量 0 （4 模式在敌人的攻击） 骑在摧毁萨库布斯之前的诱惑",""
"跳过失败场景？",""
"否",""
"[n]n[3]]每个人都喜欢胸部♥只是摇动一点点，只是发泄♥",""
"\n\n{1}哦！ ""嗯。""。",""
"\n[n]\n[3]哦♥看起来♥，♥多出来♥男人不能赢得胸部♥",""
"\n\n{1}伊...!!!! 哦，我的天！ 哦，我的天！ 哦，是的!!!",""
"\n[n][1]んんんん!!!!!!!!!!",""
"\n[n]3♥♥♥_____________________________________________________________________________________________________",""
"\n\n{1}哦！ 伊库！ 出去!!!! 哦，哦!!!!",""
"\n\n[1]ん!!!!!",""
"\n[n]\\\\n!!! ん!!!!!",""
"\n\n{1}\\\\\\!!!!!",""
"\n[n]\1_!!! !!!",""
"\n[n]{1}!!! 奇!!!!!",""
"\n\n[1]哦，哦，哦，♥♥♥",""
"\n\n{1}♥♥",""
"哦♥哦♥啊♥♥",""
"\n<\n[1]>ああああああああああああう♥♥♥","\n<\n[1]>ああああああああああああう♥♥♥"
"哦，哦♥伊库♥♥♥",""
"\n\n[1]!!!! ♥",""
"\n\n[1]ん♥♥♥",""
"\n\n{1}哦，♥...♥♥",""
"\n\n{1}嗯，!!! 哦，♥♥",""
"\n\n{1}哦！ 哦，♥",""
"\n[n]{1}{1}♥♥♥",""
"\n[n]{1}!!!!",""
"\n\n{1}哦！ 哦，我的天！ 我是个女孩！",""
"\n\n{1}哦，不！！ 已经停止了...",""
"\n\n{1}哦， 已经 ♥...",""
"\n\n{1}哦！ *. 出去！！ 哦♥",""
"\n\n{1}我感觉很好，♥...。！",""
"\n\n{1}哦♥...。哦，是的！ ""伊...""！",""
"\n\n{1}哦♥，但我受不了！",""
"\n\n{1}我♥...！！",""
"\n\n{1}哦，♥...不！ 出去...",""
"\n\n{1}我受不了这样的♥",""
"\n\n{1}哦！ 哦，我的天！ 伊克... -♥",""
"\n\n{1}♥，不！",""
"\n\n[1]哦，是的，这是不可能的，♥",""
"\n\n{1}I...！ 哦，我的天！ 哦，我的♥",""
"\n\n[1]我出去... 等等！！ 等等...♥",""
"\n\n{1}♥...！ 哦，是的！",""
"\n\n{1}我感觉很好，♥...",""
"\n\n{1}，不！！ 感觉很好，♥",""
"\n\n{1}哦，♥...不！ 感觉很好♥啊！",""
"\n\n{1}♥我再说 ♥...",""
"\n\n{1}哦！ あぁぁっ♥\.やだ・・・! 我会出去的♥",""
"\n[n]1_哦，哦，哦♥♥♥",""
"\n[n]{1}伊库♥♥",""
"\n<\n[1]>んあああああああぁぁぁ♥♥♥","\n<\n[1]>んあああああああぁぁぁ♥♥♥"
"\n\n{1}哦，我的♥♥♥",""
"\n\n{1}哦，♥♥啊♥♥",""
"\n\n[1]!!!! ♥♥",""
"\n\n{1}哦，哦，哦，♥。",""
"\n\n[1]哦，哦!!!!!",""
"\n\n{1}!!! 哦，我的天！",""
"\n\n\n\1\n...!!! 哦，我的天！",""
"\n\n{1}哦，哦！ 哦，是的！",""
"\n\n{1}哦，哦，哦， 已经 !!!!...",""
"\n[n]\1 !!!!___________________________________________ 哦，是的，!!! 哦，!!!!",""
"\n\n[1]哦，哦!!! 出去!!! 哦，是的!!!",""
"\n\n{1}嗯，!!! 哦，哦!!! 别再了，!!!",""
"\n\n[1]哦，是的，我出去了!!! 哦，是的!!!",""
"哦，是的，!!!!! 哦，!!!!!!!",""
"\n<\n[1]>いやああああああぁぁぁぁぁぁぁ!!!!!!!",""
"\n\n{1}哦！ 哦!!! 哦，哦!!!",""
"\n[n]1]我出去!!!!!!!!!",""
"\n[n][1] !!!! 哦，我的!!!!!",""
"\n\n{1}哦!!!! 哦，!!!!!!",""
"\n\n{1}哦，不，!!!!!!! 哦，我的天，!!!!!!",""
"\n\n{1}哦，哦!!!!! ""哦，!!!!!!!",""
"\n\n{1}哦！ !!! 我不想!!!! 哦，哦!!!",""
"\n\n{1}哦！ 停止!!!! 我已经!!!!!了",""
"\n\n[1]!!! 伊库！ !!!!!",""
"\n\n{1}哦！ 但我受不了!!! 别说了！ 别说了!!!!",""
"\n[n]1]我不可能再这么做了，嗯，!!!!!!",""
"\n\n{1}哦，不！！ 已经停止了， !!!!!!",""
"\n\n{1}.哦，是的！ 我受不了 !!!!!...",""
"\n\n{1}哦！ 哦，我的天！ 伊克... 哦，!!!!",""
"\n[n]{1}!!!停止 哦，我的天！ 哦，我的天，!!!",""
"\n\n{1}哦，是的，哦，是的！ 哦，我的天！ 哦!!!!!!",""
"\n\n{1}又... 哦，我的天！ 哦，哦!!!!!!",""
"\n\n{1}你好！ 这是什么，!!!!？ 太可了！ 太可了!!!! 哦，是的!!!!",""
"\n\n[1]我出去... 等等！ 哦，!!!! 它会漏水!!! 哦，哦!!!!",""
"\n\n{1}你好♥♥....♥",""
"\n\n{1}哦， 太♥了，太♥♥了。",""
"\n\n{1}♥...！ 哦，嗯!!!!",""
"\n\n{1}♥。好♥♥！ ""伊...""！",""
"\n\n{1}，不！！ ♥....♥♥",""
"\n[n]1]哦，♥，但我无法忍受 ♥♥♥ ♥♥♥...",""
"\n\n{1}♥...我出去♥♥♥",""
"\n[n]1...哦，♥...♥♥...♥♥",""
"\n\n{1}哦，♥... 感觉很好♥啊，♥♥♥",""
"\n\n{1}我无法忍受♥我 ♥♥ ♥...",""
"\n\n{1}哦！ 哦，我的天！ 伊克... 我 ♥♥♥...",""
"\n\n{1}♥我...♥♥♥",""
"\n[n]1\.哦，不，♥，♥♥♥♥",""
"\n\n{1}哦！ あぁぁっ♥\.やだ・・・! ♥♥，虽然♥♥♥女孩出去",""
"\n[n]1_哦，哦，哦，哦♥♥♥",""
"\n[n]{1♥♥♥♥}{1}",""
"哦♥啊♥♥啊♥♥♥",""
"哦，哦♥哦♥♥哦♥♥♥",""
"\n<\n[1]>にゃあああああああぁぁぁ♥♥♥","\n<\n[1]>にゃあああああああぁぁぁ♥♥♥"
"\n[n]\n[1]哦，哦，哦，哦，哦♥♥♥♥",""
"\n[n]1！哦♥♥♥♥♥",""
"\n[n]{1}んん♥♥♥♥",""
"\n\n{1}嗯，!!! 哦，哦，哦，是的♥♥♥♥",""
"\n\n{1}""哦，!!! 哦，我的天！ 哦，我的天，♥♥♥♥",""
"\n\n{1}哦♥♥...哦，♥♥♥♥♥",""
"\n[n]♥♥♥♥♥ 1_________________________________________________________________",""
"语音打开",""
"语音关闭",""
"你想打开女主人公的声音吗？ （当损坏时，在射精时发出声音）",""
"这是奥雷加诺村。 旅馆就在那里，冒险家公会去。",""
"\n<ムー>由于大城市和城镇的中转站，公会似乎也有一次。 你想在这里工作一段时间吗？",""
"梅尔蒂布雷夫 ver0.2",""
"梅尔蒂布雷夫 ver2.0",""
