"Melty Brave",""
"爱抚。",""
"胸","Breasts"
"小穴",""
"屁股",""
"接吻",""
"日语",""
"请选择您的语言。*简中由张三包尝试翻译，除日语与简中外都是机翻 ",""
"英语",""
"简体中文",""
"韩文",""
"～敵人的基本属性～",""
"人","Person"
"恶/能量吸取",""
"男主人公",""
"请选择主人公。",""
"女主人公",""
"水/润滑液",""
"风/风交",""
"虫/丝",""
"草/触手",""
"机器/飞机杯",""
"显示",""
"你想显示主人公的立绘吗？ （您可以随时更改设置。)",""
"不显示",""
"～主人公用～",""
"手交",""
"足交",""
"在战斗中显示主人公的动画？",""
"口交",""
"做爱",""
"屁股摩擦 / 肛交",""
"接吻/诱惑",""
"腋下/前列腺/其他",""
"~杂鱼敌人属性~",""
"斩击",""
"打击",""
"炎","Flame"
"很久很久以前，这个世界上有四个大国。",""
"火之国，水之国，风之国，雷之国。 虽然也有正式的名字···但不提也罢。",""
"火之国的人们开朗热情并且非常珍惜他们的同伴。 水之国的人们以公平为美德并非常遵守纪律。",""
"风之国的人们慈悲、平和、热爱自然并与生活在其中。雷之国的人们聪明伶俐并用其智慧创造除了机器 。",""
"由什么契机或由谁开始并不重要。",""
"武器","Weapon"
"人们无法接受【异物】。 所以就像理所当然的那样，冲突发生了。",""
"为了排除异己，正义被强加于人，怜悯酿造了悲剧，机器成为了杀人的道具。",""
"自那之后过去了几代人，人类的数量在不停的减少。大家都在心里祈祷着和平。",""
"戒指",""
"装饰",""
"其他",""
"\n<穆>岁月流逝，人们甚至忘记了互相残杀的原因・・・",""
"\n<穆>突然世界就··· ···牟？",""
"敌人的技能",""
"投掷。",""
"\n<穆>喂。 明明是你觉得太闲了要我说些什么的。 不要一边走路一边睡觉。 真灵巧啊。",""
"\n<穆>更有趣的故事吗？ 唔姆···确实。 在黑暗的森林里讲黑暗的故事也只会让人更消沉。",""
"食物",""
"\n<穆> 对了。那么···让我来给你说说我吃过的食物中最难吃的东西。",""
"\n<穆>是兽人的鸡・・・光是想想就想吐・・・",""
"\n<穆>牟... 我看到灯光了。",""
"爱琳专用",""
"\n<穆>终于到了。 时间已经很晚了呢。",""
"两用",""
"男性用","Men Only"
"\n<穆>唔姆... 旅馆就在那儿。",""
"\n<穆>就算是你也应该很累了吧？ 今天能好好地在被窝里睡觉了呢。 太好了",""
"仅限基安蒂",""
"自定义部件",""
"等级",""
"\n<女掌柜>唉呀！！ 都这个时间了还在猜是谁呢，这不是勇者大人嘛！ 有什么需要的吗？",""
"\n<穆>这么晚打扰您真是抱歉。请问还有剩余的房间吗？",""
"\n<女掌柜>那边的房间是空着的♥请好好地休息吧！♥那么请把名字写在登记簿上...",""
"Sp",""
"诗音",""
"体力","HP"
"HP","HP"
"TP","TP"
"\n<穆>可能需要住一段时间呢。 住宿费是...",""
"经验值",""
"\n<女掌柜>不用不用！收勇者大人的住宿费什么的！ 来来，已经很累了吧！ 先把行李放到房间里吧！",""
"EXP","EXP"
"\n<女掌柜>那么请您随意♥",""
"\n<女掌柜>啊，龙先生是在床上睡觉的吗？ 需要我拿条毯子什么的过来吗？",""
"\n<穆>不。 我不在这里睡觉所以没关系的。",""
"\n<女掌柜>・・・？",""
"\n<穆>怎么说呢， 简单来说就像召唤兽一样，睡觉的时候要回到另一边。",""
"\n<女掌柜>另一边？··· 我明白了。 要吃饭吗？",""
"\n<穆>想吃！",""
"\n<女掌柜>好的~♥",""
"装备",""
"\n<穆>咕··· 吃饱了吃饱了。多谢款待。",""
"\n<穆>那么。 想参观下旅店吗？",""
"• 操作说明   方向键：移动    Ctrl：跳过消息",""
"取消键：打开菜单      长按确认键：快进      SHIFT：冲刺/步行",""
"游戏结束",""
"选项",""
"最强装备",""
"全部移除",""
"穆",""
"继续",""
"回到标题",""
"停止",""
"购买",""
"卖出",""
"最大HP","Max HP"
"最大MP","Max MP"
"攻击力",""
"防御力",""
"技巧","Technique"
"精神力","Willpower"
"敏捷性","Speed"
"战斗力",""
"命中率",""
"回避率",""
"对%1不起作用！",""
"%1受到了%2点伤害！",""
"%1被%2吸取了%3！",""
"%1的%2增加了%3！",""
"%1的%2减少了%3！",""
"%1没有受到伤害！",""
"闪避！　%1没有受到伤害！",""
"%1的%2恢复了%3！",""
"始终冲刺",""
"BGM 音量",""
"BGS 音量",""
"%1的%2提升了！",""
"%1的%2恢复到了原来的样子！",""
"指令记忆",""
"%1的反击！",""
"痛恨一击！！",""
"会心一击！！",""
"%1的%2下降了！",""
"%1战败了。",""
"%1出现了！",""
"对%1造成了%2的伤害 ！",""
"%1的%2被吸取了%3！",""
"无法对%1造成伤害 ！",""
"闪避！　无法对%1造成伤害 ！",""
"但是没有挣脱！",""
"\n<冒险者>嗯？啊啊，你就是传说中的···原来如此，确实是一把比身体大得多的大剑呢。",""
"\n<穆>说了稍微小一点的比较好。但是无论怎样都喜欢大的。",""
"大的很酷",""
"大的包括了小的",""
"当前的%1",""
"文件",""
"\n<穆>说了也不听。 真是的。",""
"%1上升了%2%3！",""
"\n<冒险者>不错呢！ 我喜欢那样的。 武器什么的直接看上眼的有九成呢。",""
"\n<冒险者>我住在隔壁房间。 你会在这停留一段时间对吧？ 多多指教啊。",""
"%1抵消了魔法！",""
"%1反弹了魔术！",""
"ME 音量",""
"获得了%1的%2！",""
"获得了%1\G的钱！",""
"拿到了%1 ！",""
"学会了%1 ！",""
"%1们",""
"持有的数量",""
"%1 取得了先手！",""
"您要保存到哪个文件？",""
"SE 音量",""
"%1保护了%2！",""
"%1被偷袭了！",""
"%1使用了%2！",""
"%1的胜利！",""
"梦中的神秘人",""
"炼金术士",""
"自警团员",""
"迷之少女",""
"勇者",""
"素材保护用技能",""
"巴哈姆特",""
"\n<穆>跟他说过很多次，如果被闯进怀里的话就什么都做不了了。",""
"攻击",""
"\n<冒険者>好狂热啊。 真想看看你战斗的样子。",""
"的攻击！",""
"防御","Defend"
"在保护自己。",""
"连续攻击",""
"两次攻击",""
"三次攻击",""
"逃跑",""
"逃跑了",""
"观察",""
"在观察。",""
"回复",""
"这样那样的回复了不少
好厉害的魔法",""
"咏唱了%1！",""
"小火花",""
"啊-好烫-好烫-是不是在烧啊",""
"火花",""
"火花四溅！",""
"斩！",""
"\n<女掌柜>从勇者大人那里拿钱是不可能的！ 旅馆的名气也会提升，所以请不要在意的住下来吧♥",""
"说是免费呢！",""
"可以的吗・・・",""
"~ ~ 敌人的攻击 ~~~~",""
"慢慢的用手玩弄着！",""
"\n<穆>不要那么高兴。会被当成不入流的家伙喔。",""
"手交 2",""
"\n<女掌柜>不用担心吃饭的事情♥明天的晚饭就交给我吧♥免费♥是免费的♥唔呼呼♥",""
"用手撸动着！",""
"\n<\n[1]>・・・！",""
"手交 3",""
"\n<穆>所以说不要露出那么高兴的脸啊···唔-姆。",""
"用手激烈的撸动着！",""
"手交 4",""
"用手胡乱的撸动着！",""
"手交 5折磨着",""
"用手指责备着肉棒...",""
"手用力握着撸",""
"紧紧地握着肉棒并粗暴的撸动着！！",""
"\n<穆>就听你的吧，不过，这个村子里有能做的工作的话我会帮你的。",""
"像要捏碎一样用手撸动着",""
"\n<女掌柜>那稍后请给我留个签名呢♥被勇者认可的旅馆！开心开心 ♥",""
"\n<穆>唔-姆···感觉将来会受欢迎的喔。···",""
"\n<女掌柜>勇者大人住过的勇者之间会成为这个旅馆的特色呢♥",""
"慢慢的用脚玩弄着！",""
"足交 2",""
"用脚撸动着！",""
"足交 3",""
"用脚激烈的撸动着！",""
"足交 4",""
"用脚胡乱的撸动着！",""
"亲吻了！",""
"亲吻汲取",""
"的亲吻汲取！",""
"激烈地接吻",""
"贪婪的咬着嘴唇！",""
"把舌头伸了进去",""
"把长长的舌头伸到了喉咙深处！",""
"腋下交",""
"用腋下夹住了肉棒。",""
"腋下交 2",""
"用腋下撸动着肉棒！",""
"腋下交 3",""
"被充满汗水的腋下撸动着！",""
"腋下夹紧",""
"用腋下狠狠地夹紧着！",""
"荷尔蒙",""
"的荷尔蒙攻击！",""
"诱惑",""
"展示着她的身姿！",""
"把腋下压到了你的脸上！",""
"用胸夹住了你的脸！",""
"来回舔",""
"来回舔舐着你的脸！",""
"微弱腰震",""
"慢慢的摆动着腰！",""
"中等腰震",""
"来回摆动着腰！",""
"腰部紧固",""
"紧紧地收紧了阴道！",""
"用力腰震",""
"胡乱的用力摆着腰！！",""
"吸尽",""
"吸尽了！",""
"强力腰震",""
"激烈的摆着腰！",""
"插入大伤害",""
"慢慢的坐了下来。",""
"插入",""
"诱惑腰震",""
"诱惑着摆动着腰。",""
"阴道反动伤害",""
"的阴道紧紧的缠绕住了...",""
"慢扭腰",""
"慢慢的用小穴上下的撸动着...",""
"诱惑（胸部",""
"露出乳房诱惑着...",""
"诱惑2（身体",""
"的身体无法移开视线...",""
"诱惑 3 （螺旋）",""
"下流的扭动着身子...",""
"诱惑4（诱惑）",""
"的诱惑使你兴奋了起来...",""
"诱惑手交",""
"用手撸动空气诱惑着...",""
"什么也不做",""
"呼吸急促起来了...",""
"什么也不做2",""
"脸红了...",""
"胸揉",""
"开始揉起了胸！",""
"玩弄乳头",""
"玩弄着乳头！",""
"舔小腹",""
"舔着小腹！",""
"抱紧",""
"紧紧地抱着你！",""
"用嘴吸吮着肉棒！",""
"口交2",""
"的口交攻击！",""
"口交3",""
"激烈的舔舐着肉棒！",""
"口交4",""
"一边吮吸一边舔舐着肉棒！",""
"舔",""
"来回舔舐着肉棒！",""
"触手吸吮",""
"直接从睾丸吸取了精液！",""
"触手吸吮 2",""
"用触手侵犯着尿道！！",""
"触手吸吮 3",""
"的触手把精液吸出来了...",""
"触手吸吮 4",""
"的榨精器官吸取着！",""
"乳交",""
"慢慢的用胸撸动着",""
"乳交 2",""
"的乳交攻击！",""
"乳交 3",""
"激烈的用胸撸动着！",""
"乳交 4",""
"的胸把你搞得一塌糊涂！！",""
"乳交挤压",""
"用胸狠狠地挤压着！",""
"谷间の百合",""
"用胸夹着肉棒并舔舐着前端！",""
"双人口交",""
"双人口交乳交",""
"的胸和舌头玩弄着肉棒！",""
"两人夹击",""
"之间夹入了肉棒！",""
"吸吮乳头",""
"开始诱惑了！",""
"乳交绝顶挤压",""
"素股交",""
"用大腿夹住了！",""
"素股交 2",""
"用素股激烈的撸动着！",""
"素股交 3",""
"用腿用力压迫着。",""
"强烈的撸动着肉棒！",""
"背对腰震 4",""
"贫乳乳交",""
"用小小的乳房擦付着...",""
"贫乳乳交 2",""
"用乳头擦付着！",""
"贫乳乳交 3",""
"用胸慢慢的压了上来！",""
"背面",""
"背面 2",""
"激烈的摇晃着腰！",""
"背面 3",""
"背面 4",""
"鸡儿吻",""
"亲吻着你的肉棒！",""
"触手撸动",""
"用触手撸动着！",""
"真空口交 1",""
"的真空口交！",""
"吸精口交",""
"把精液吸了出来！",""
"真空口交 2",""
"用嘴激烈的真空口交着...",""
"前列腺责备 +口交",""
"舔舐着肉棒",""
"把手指插入了肛门里！",""
"女性生殖器责备 + 口交2",""
"用手指玩弄着小穴！",""
"深喉",""
"吞下了肉棒！",""
"颜面骑乘",""
"狠狠地把屁股压到了你的脸上！",""
"颜面骑乘毒",""
"用小穴擦付着你的脸！",""
"女生的味道让头乱七八糟···",""
"颜面骑乘毒 2",""
"的荷尔蒙流进了鼻子里！",""
"颜面骑乘 3 黑暗",""
"被小穴押在下面",""
"被迫舔舐着...",""
"颜面骑乘 4 黑暗",""
"蹭脸",""
"充满爱意的用脸蹭着肉棒",""
"欧派揉脸",""
"用欧派揉了你的脸！",""
"胸窒息","胸窒息"
"把乳房压在脸上！",""
"被胸挤压着无法呼吸...",""
"乳包",""
"的胸把你的脸包了进去...",""
"拥抱",""
"开始紧紧地抱着你...",""
"颜面践踏",""
"用脚踩踏起了你的脸！",""
"颜面践踏2舔舐",""
"舔舐着她的足底...",""
"颜面践踏3闻",""
"闻着她的脚的味道。",""
"诱惑手淫",""
"的魅力无法抗拒，开始撸起了自己的肉棒！",""
"闻到了她的荷尔蒙！",""
"闻",""
"的身体弥漫着甜美的气味...",""
"手淫诱导",""
"的手的动作配合着撸动自己的肉棒！",""
"授乳","授乳"
"喝下了母乳...",""
"乳交诱惑",""
"的胸夹着肉棒，腰不由自主的动了起来。",""
"乳交诱惑2",""
"被诱惑着在谷间摩擦着肉棒！",""
"乳交接吻",""
"一边亲吻一边乳交着。",""
"乳头口交",""
"的胸贴着并用嘴舔舐着肉棒！",""
"的乳头把肉棒含了进去！",""
"即死插入",""
"手交龟头责",""
"用手摩擦着龟头！",""
"含乳头",""
"含住了乳头...",""
"屁股交",""
"用屁股的沟撸动着肉棒...",""
"屁股交 2",""
"我一直在推你的屁股在迪克！",""
"屁股交 3",""
"用屁股激烈的摩擦着肉棒！",""
"乳头插入",""
"的乳头含着无法拔出肉棒！",""
"乳头插入 2",""
"的乳头对着腰震...",""
"乳头插入 3",""
"的乳头把肉棒吞了进去。",""
"全身乳交",""
"的巨大的胸押付着全身！",""
"全身乳交 2",""
"的欧派把整个身体都包了进去...",""
"全身乳交 3",""
"的谷间夹着全身并用软肉揉动着！！",""
"全身舔舐",""
"的舌头舔舐着整个身体...",""
"全身舔舐 2",""
"用嘴卷动着你的整个身体...",""
"全身舔舐 3",""
"用嘴咕噜咕噜的玩弄着你的全身！！",""
"最小小穴插入",""
"用小穴吞入了你的肉棒！",""
"最小小穴插入 2",""
"用小穴把全身吞了进去！",""
"最小小穴插入 3",""
"的腔壁摩擦着你的身体！！",""
"全身足交",""
"用脚踩踏着你的整个身体！",""
"全身足交 2",""
"用足底撸动着你的肉棒和身体！！",""
"双倍手交",""
"的双倍手交！",""
"双倍肉棒亲吻",""
"两个人亲吻着你的肉棒！",""
"双倍屁股交",""
"的屁股夹紧揉弄着肉棒！",""
"双倍尾交",""
"用两条尾巴撸动着！",""
"双倍脸蹭",""
"用两人的身体夹住了你的肉棒！",""
"后背侵犯",""
"从后面被侵犯了...",""
"后背诱惑",""
"诱惑着，不自觉的把腰撞在了她的屁股上！",""
"活塞亲吻",""
"一边扭着腰一边亲吻了！",""
"欧派揉脸骑乘",""
"一边用骑乘位侵犯着一边用胸押付着你的脸！",""
"发交",""
"用头发缠绕着手撸动着你的肉棒！",""
"颜骑足交",""
"就这样骑在你的脸上用脚撸动着肉棒！",""
"膝盖窝交",""
"用膝盖夹住了你的肉棒并撸动着！",""
"魔法交1",""
"的魔力缠绕上了你的肉棒！",""
"魔法交2",""
"愉快地挥动着手指...",""
"魔法交3",""
"用魔力撸动着你的肉棒！",""
"正常位舔脚",""
"保持插入的状态让你舔舐足底！",""
"拥抱正常位",""
"紧紧地抱住了。",""
"接吻正常位",""
"紧紧地贴在一起亲吻着...",""
"假阳具",""
"从后面戳了过来！",""
"假阳具2肛门",""
"插入了\n[1]的肛门并开始扭起了腰！",""
"假阴茎 2 小穴",""
"插入了\n[1]的小穴并开始扭起了腰！",""
"假阴茎 3",""
"激烈的冲了起来！！",""
"尾巴插入肛门",""
"用尾巴插入了你的肛门！",""
"尾巴插入小穴",""
"用尾巴插入了你的小穴！",""
"舔人偶",""
"把人偶prpr的舔给你看！",""
"人偶乳交",""
"把人偶用欧派夹了起来！",""
"手指插入小穴",""
"用手指插入了小穴里并来回的扭动！",""
"手指插入肛门",""
"用手指插入了肛门里并来回的扭动！",""
"尾巴吸引",""
"的尾巴把肉棒吸引住了！",""
"尾巴吸引 2",""
"的尾巴把精液吸取出来了！",""
"吞入",""
"把身体吞了进去...",""
"紧缚技（大腿）",""
"的大腿把身体紧缚住了！",""
"大腿",""
"的大腿把肉棒紧缚住了！",""
"小 指交　",""
"用手指夹住了你的肉棒...",""
"小 指交 2",""
"用手指玩弄着小小的肉棒！",""
"肚子里来回搅动",""
"的肚子里人偶被搅来搅去！",""
"焦躁手交",""
"令人焦躁的轻轻地撸动着肉棒。",""
"授乳手交",""
"一边授乳一边用手撸动着！",""
"舌吻-骑乘位",""
"一边舌吻一边用骑乘位腰震着！",""
"黏黏糊糊（蠕动）",""
"用身体黏黏糊糊的擦付着！",""
"屁股诱惑",""
"用屁股诱惑着...",""
"毁灭高潮",""
"把手从肉棒上拿开了",""
"水触手 1",""
"用湿湿滑滑的触手扭动的撸动着肉棒！",""
"水触手 2",""
"的触手缠住了你的肉棒...",""
"电气按摩",""
"对你做了电气按摩！",""
"舌头插入肛门",""
"魔法",""
"兽/尾交",""
"水","Water"
"雷","Thunder"
"盾",""
"防具",""
"技能",""
"药物",""
"日用品",""
"女性用","Girls Only"
"Lv","Lv"
"精力",""
"战斗",""
"物品",""
"状态",""
"排序",""
"保存",""
"新游戏",""
"%1逃跑了！",""
"%1 躲开了攻击！",""
"直到下一个%1",""
"您要加载哪个文件？",""
"把肉棒捏爆了",""
"像要扯下来一样被撸动着！！",""
"把舌头伸进了肛门里！",""
"舌尾插入",""
"舌头尿道责",""
"用舌头侵犯着尿道！",""
"肛交 弱",""
"用肛门吞入了肉棒！",""
"肛交中",""
"的肠壁摩擦着肉棒！",""
"肛门紧缚",""
"用肛门紧缚着肉棒！",""
"肛门胡乱扭动",""
"的屁股把肉棒吞了进去并像咀嚼着一样挤压着！！",""
"肛门能量汲取",""
"的肛门能量汲取！",""
"试图从肉棒中吸取力量...",""
"胎内回归",""
"的胎内回归！",""
"\n[1]被带进了子宫里...",""
"最小肛门",""
"把你的身体插进了屁股里...",""
"欧派膨胀",""
"的欧派鼓了起来！",""
"舔脸",""
"舔了你的脸...",""
"欧派夹",""
"用胸夹住了肉棒！",""
"小穴擦付 1 素股",""
"用小穴擦付着肉棒...",""
"小穴擦付 2 素股",""
"滑滑溜溜的擦付着小穴！",""
"小穴擦付 3 素股",""
"用小穴用力的押付着肉棒",""
"激烈的摩擦着包皮系带！",""
"~ 梅尔弗用 ~",""
"诱惑着你...",""
"射精伤害",""
"射精了！",""
"擒抱",""
"自暴自弃的冲过来抱住了你！",""
"～～魔法～～",""
"防御降低",""
"发动了防御降低！",""
"\n[1]的身体变得敏感起来了！",""
"雷球",""
"突击",""
"火焰",""
"~敌人的弹幕~",""
"范围火焰",""
"马基萨小刀",""
"鸡蛋",""
"毒药",""
"在这样的世界里",""
"托尔特枪伤害",""
"托尔特枪制作",""
"莉莉丝飞吻",""
"钢琴投掷",""
"苹果伤害",""
"~动作武器~",""
"斩击伤害",""
"刺突伤害",""
"打击伤害",""
"药水",""
"切碎",""
"诱惑伤害",""
"盘子破碎",""
"爆炸",""
"沉重的钝器",""
"出血三连击",""
"乱砍",""
"卫星激光",""
"刺突伤害（穿透）",""
"刺突（出血）",""
"2way药水",""
"蛋",""
"哈利之剑",""
"锁上了...",""
"火焰伤害",""
"雷电伤害",""
"水伤害",""
"乱砍 大",""
"斧斩击伤害",""
"大 斧斩击伤害",""
"闪电斩伤害",""
"食物伤害",""
"冰切伤害",""
"枪击伤害",""
"极星伤害",""
"电磁炮伤害",""
"雷电",""
"是的",""
"\n<穆>要为明天做准备吗？",""
"不",""
"光の箭",""
"和穆对话",""
"火焰喷射器",""
"痕迹伤害",""
"枪击伤害 雷",""
"\n<穆>我差不多想要睡觉了。",""
"涅墨西斯伤害",""
"枪击伤害 15",""
"～勇者用～",""
"关于未来",""
"关于过去",""
"触摸",""
"女掌柜的料理",""
"用力一击",""
"\n<穆>暂时在这个村子里设置据点吧。如果能找到魔王住所的线索就好了···",""
"\n<穆>总之明天先去冒险者协会问一问好了。嘛，虽然希望不大就是了。",""
"\n<穆>在这里一边处理委托一边收集情报，如果什么都没有的话就把据点转移到王都。就这样办吧。",""
"压制",""
"用力气压制住对方
打击属性，依赖技术",""
"打翻了对方！",""
"尝试切断
斩击属性，依赖技巧",""
"斩了下去！",""
"\n<穆>明明第一次来的村庄就被立马发现是勇者了。 多少也有点尊严嘛。 嘛，那也是多亏了我。",""
"挥斩",""
"\n<穆>但是今天真是走了很多路呢，在港口城市坐马车不就好了吗？节省交通费用可是你的错喔。",""
"用力挥斩
斩击属性，依赖技巧",""
"\n<穆>结果迷路了一个星期，如果是马车的话五个小时就到了的···",""
"用力挥动着剑！",""
"半斩",""
"把敌人斩成两半
斩击属性，依赖技巧。",""
"用剑从头顶向下砍去！",""
"焚毁敌人
炎属性 依赖技巧",""
"火山",""
"\n<穆>唔姆。",""
"纳米耀斑",""
"把敌人烧成木炭
炎属性 依赖技巧",""
"水花",""
"淹没敌人
水属性，依赖技巧",""
"喷流",""
"向敌人打出瀑布般的水
水属性，依赖技巧",""
"\n<穆>好久没吃正经的东西了。我已经受够烤兔子了。",""
"海洋",""
"把敌人沉入海里
水属性，依赖技巧",""
"电光",""
"让敌人触电
雷属性，依赖技巧",""
"闪电",""
"\n<穆>唔姆。 让身体好好休息一下吧。那么明天见。",""
"让敌人沐浴在雷击之下
雷属性，依赖技巧",""
"特斯拉",""
"\n<穆>疲劳消除了吗?唔姆。那么就去冒险者工会吧。",""
"产生足以打破星星的电击
雷属性，依赖技巧",""
"放出能听到龙哮的冲击波
斩击属性，依赖技巧。",""
"释放了%1！",""
"龙气法",""
"把龙的力量用在恢复体力上
依赖敏捷 体力恢复",""
"找回了感觉！",""
"\n<女掌柜>小心些。一路走好勇者大人♥冒险者工会就在这个旅馆的后面♪",""
"降龙波",""
"放出能听到龙咆哮的冲击波
斩击属性 依赖技巧 给予胆怯",""
"龙闪",""
"在一瞬之间造成连击
斩击属性，依赖攻击力。",""
"落龙",""
"从天而降の浑身一击
雷属性 依赖技巧 无视防御 给予胆怯",""
"火龙焦",""
"\n<年轻的女生>哇！这是什么生物ー♥超可爱♥让我撸一下ー♥",""
"\n<穆>吾乃圣龙巴哈姆特。不要随意触碰。",""
"\n<年轻的女生>哇！说话了ー♥超超超级可爱的♥摸来摸去♥",""
"\n<穆>唔姆···",""
"怒龙闪",""
"\n<年轻的女生>哇，满足啦。 已经可以啦。",""
"\n<穆>兴趣没得也太快了吧。",""
"射精前HP减少用",""
"~~友方攻击~~",""
"胸责 Lv1",""
"轻轻地揉胸
胸属性，依赖技巧",""
"轻轻的揉着胸！",""
"胸责 Lv2",""
"揉胸
胸属性，依赖技巧",""
"揉了揉胸！",""
"胸责 Lv3",""
"\n<看守>噢，勇者大人好！哎呀最近魔物多得要命啊!你能来真是太好了!",""
"抓住敌人的欧派
胸属性　依赖技巧",""
"\n<穆>去接受讨伐委托吗?工会在这个村子的东北处。",""
"抓住了敌人的胸并激烈的揉动着！",""
"屁股责备 Lv1",""
"轻轻地揉动着敌人的屁股
屁股属性， 依赖技巧",""
"轻轻地揉了揉敌人的屁股！",""
"屁股责备 Lv2",""
"用力揉动着敌人的屁股
屁股属性， 依赖技巧",""
"\n<大叔>好像有和人类非常像的魔物。它们到底是什么?",""
"用力的揉动着度人的屁股！",""
"\n<穆>因为魔物是考虑如何杀人的生物。以人的姿态来欺骗的话效率会很高吧。",""
"屁股 责备 Lv3",""
"\n<大叔>虽说效率很好啊…说起来为什么要袭击人类呢…",""
"用手指责备肛门
屁股属性， 依赖技巧",""
"用手指插进了敌人的屁股里！",""
"小穴责备 Lv1",""
"用手指玩弄小穴
阴道属性，依赖技巧",""
"细心地玩弄着小穴！",""
"小穴责备 Lv2",""
"用手指在小穴里来回搅动
阴道属性，依赖技巧",""
"用手指在小穴里来回搅动！",""
"小穴责备 Lv3",""
"细心地责备着敏感的地方
阴道属性，依赖技巧",""
"轻轻的责备着！",""
"舔耳朵",""
"舔耳朵并降低对手的攻击力
接吻属性 依赖技巧 给予脱力",""
"舔了舔耳朵！",""
"舔脖子",""
"舔脖子并降低对手的防御力
接吻属性 依赖技巧 给予敏感",""
"舔舐了对手的脖子！",""
"亲吻 Lv1",""
"唇齿相接使人精神振奋
接吻属性，依赖技巧",""
"轻轻地吻了一下！",""
"亲吻 Lv2",""
"贪婪地咬住舌头
接吻属性，依赖技巧",""
"深吻了一下！",""
"活塞 Lv1",""
"腰震攻击
阴道属性 依赖攻击力、技巧",""
"开始了活塞运动！",""
"活塞 Lv2",""
"激烈的腰震攻击
阴道属性 依赖攻击力、技巧 给予胆怯",""
"集中","concentration"
"治疗状态异常，获得几回合的耐性
状态异常解除 耐性",""
"提高了注意力...",""
"治疗",""
"治愈状态异常并恢复精力
依赖技巧 状态异常解除 精力回复小",""
"治疗了！",""
"消除",""
"甩开过去的痛苦回忆
消除战败的记忆 防御力UP 精神力UP",""
"转换了心情！",""
"深呼吸","Deep Breathing"
"调整呼吸恢复精力
依赖技巧 精力回复小",""
"调整了呼吸...",""
"冥想",""
"冥想并回复精力
依赖技巧，精力回复中。",""
"平静下来了...",""
"精神统一。",""
"精神统一并回复全部精力
精力全回复",""
"磨练了精神！",""
"明镜止水。",""
"消除邪念，恢复清澈的心
精力全部恢复 状态异常解除",""
"除掉了邪念！",""
"调查",""
"观察对手
敌人状态 弱点指示",""
"仔细观察了\n[3]。",""
"警戒",""
"提高精力并迅速应对
敏捷性2倍 2回合",""
"打起了精神！",""
"休息",""
"用大剑打击
打击属性，依赖技巧",""
"用力一击
打击属性，依赖技巧",""
"的殴打！",""
"从地下喷出火柱
炎属性，依赖技巧",""
"四周化作一片焦土
炎属性，依赖技巧",""
"斩断暴龙的四肢
斩击属性，依赖攻击力。",""
"暂时休息恢复体力
依赖敏捷 体力回复小",""
"平息了发热的身体···",""
"突进",""
"凭着气势，连续爱抚两次　
依赖攻击力",""
"凭着气势爱抚！",""
"强力突进",""
"更有气势地连续爱抚三次　
依赖攻击力",""
"贪婪地爱抚着！",""
"搔痒",""
"搔痒使人胆怯
依赖技巧",""
"搔痒着腋下！",""
"推倒",""
"推倒对手并拘束",""
"把\n[3]推倒了！",""
"欧拉欧拉",""
"以怒涛之势连续4次爱抚　
依赖攻击力",""
"「欧拉欧拉欧拉欧拉欧拉欧拉欧拉欧拉欧拉！！」",""
"波纹疾走",""
"用特殊的呼吸方法提高身体能力
精力全回复 攻击力UP 技巧UP",""
"调整了呼吸！",""
"气功",""
"从外部引进气，恢复体力
依赖敏捷 体力回复大",""
"从对方的嘴里吸取能量
依赖精神力",""
"激烈的用嘴吸取着！",""
"使用了殴打！",""
"力量汲取",""
"吸取对手力量的淫魔の术
依赖精神力",""
"吸取了力量！",""
"用治疗魔法回复精力
依赖敏捷",""
"咏唱了治疗！",""
"决心",""
"在心里宣誓
精力全回复 行动回数+1  持续4回合",""
"下定了决心！",""
"自慰",""
"攻击自己
依赖攻击力 TP增加小",""
"撸动着自己的肉棒！",""
"放弃",""
"委身于快乐
行动不能",""
"放弃了...",""
"恳求",""
"放弃战斗
行动不能 选择敌人的行动",""
"tes","tes"
"哈~ ~做了!",""
"传送",""
"回家。",""
"回复测试",""
"淡淡的薄荷味
恢复 精力30%+200",""
"体力回复测试",""
"淡淡的橙子味
恢复 体力30%+20",""
"净化药草",""
"2000 伤害药物",""
"使用后舒服2000分钟的药
造成2000点伤害",""
"4000 伤害药物",""
"使用后舒服4000分钟的药
造成4000点伤害",""
"8000 伤害药物",""
"使用后舒服8000分钟的药
造成8000点伤害",""
"敌人4000恢复药物",""
"使用后就会变痛快4000分钟的药
你的对手将恢复4000",""
"毒药测试",""
"敌用催情毒药",""
"900000 伤害药物",""
"使用后舒服900000分钟的药
造成900000点伤害",""
"~回复物品~",""
"精力剂",""
"淡淡的薄荷味
回复精力30% +200 ",""
"精力剂α",""
"薄荷的味道
回复精力50%+200 ",""
"精力剂β",""
"浓浓的薄荷味
回复精力70%+200",""
"精力剂γ",""
"比薄荷更有薄荷味
精力全回复",""
"体力回复药",""
"淡淡的橙子味
恢复体力30%+5",""
"体力回复药α",""
"橙子的味道
恢复体力50%+5",""
"体力回复药β",""
"浓浓的橙子味
体力70%回复",""
"体力回复药γ",""
"鲜橙的味道
体力全回复",""
"草药汁",""
"把药草捣碎，调味方便饮用
回复精力体力30%",""
"身心健康的冒险之友
回复精力体力50%",""
"乙醚",""
"凝结大气中的魔力液态化的水滴
回复体力70%",""
"仙丹",""
"没有确定制作方法的炼金产物
精力体力全回复 TP增加特大",""
"兴奋剂",""
"大量分泌肾上腺素的药
TP增加大",""
"觉醒药",""
"勉强合法的药
TP增加超大",""
"攻击の药",""
"攻击力和技巧暂时提高的药
攻击力UP 技巧UP TP增加小",""
"防御の药",""
"暂时提高防御力和精神力的药
防御力UP 精神力UP TP增加小",""
"耐久の药",""
"最大精力暂时增强的药
最大精力UP（可叠加） TP增加小",""
"最后の王牌",""
"拥有扭转命运力量的卡
精力体力全回复  全能力UP",""
"鬼神の秘药",""
"让鬼的力量进入体内的幻の秘药
全部状态1.5倍（战斗中）",""
"西纳皮斯の水",""
"治百病的药
精力能力全回复 TP增加超大",""
"原子技术8",""
"被世界所期待的新药
恢复体力50%  有副作用",""
"强韧成人液",""
"一打招呼就能明白
给予1000点伤害",""
"红瓶咖啡",""
"老味道
TP增加超大  解除黑暗",""
"眼药水",""
"用眼睛吃的恢复药
回复精力15%  解除状态异常  被给予黑暗",""
"营养饮料",""
"补充营养，恢复体力
回复复体力20  解除脱力",""
"安瓿",""
"缓解疼痛，恢复体力
体力全回复  解除脱力。",""
"汉方药",""
"把植物的根磨成粉
魔物战的状态异常解除",""
"农协牛奶",""
"Don't stop dancing！
魔物战的状态异常解除",""
"~ 兴奋剂物品 ~",""
"攻击の果实",""
"越吃越想吃的果实
攻击力+1（永久）",""
"防御の果实",""
"吃了会让皮肤变硬的果实
防御力+1（永久）",""
"技巧の果实",""
"吃了能使手灵巧的果实
技巧+1 （永久）",""
"精神の果",""
"吃了之后会变得精神饱满的果实
精神力+1 （永久）",""
"敏捷の果实",""
"一吃就能提高爆发力的果实
敏捷+1（永久）",""
"战斗の果实",""
"吃了就会有破坏冲动的果实
战斗力+1 （永久）",""
"精力の果实",""
"吃了会赋予精力的果实
最大精力+20 （永久）",""
"体力の果实",""
"吃了容易长肌肉的果实
最大体力+5（永久）",""
"~素材系物品~",""
"精力草","Herb"
"吃了会赋予精力的草
素材",""
"体力草",""
"含有有益健康成分的草
素材",""
"强化草。",""
"混合时有加强效果之力的草。
素材",""
"幸福草","Lucky Herb"
"吸着人的幸福成长的草
素材",""
"铁矿石",""
"含铁量高的矿石
素材",""
"金矿石",""
"含金量高的矿石
素材",""
"红宝石",""
"像燃烧的火焰一样红色的宝石
素材",""
"蓝宝石",""
"拥有像安静的大海一样蓝色的宝石
素材",""
"绿宝石",""
"像摇动叶子的风一样的绿色的宝石
素材",""
"钻石",""
"征服大地时诞生的宝石
素材",""
"淫石","Lust Stone"
"对淫魔的魔力作出反应，发出怪异光芒的宝石
素材",""
"魔兽の牙",""
"使人和动物吃起来美味的牙齿
素材",""
"魔族の角",""
"给看到的人灌输恐怖的角
素材",""
"木材",""
"良好的又硬又干的树
素材",""
"风斩的羽毛",""
"轻微感受到风的魔力的轻羽毛
素材",""
"蜘蛛の丝",""
"擅长编织的手工蜘蛛丝
素材",""
"发光の鳞",""
"有独特光泽の鳞
素材",""
"软绵绵",""
"像羊毛一样的东西
素材",""
"一团毛皮",""
"摸起来很舒服的毛茸茸的毛皮
素材",""
"草纸莎草",""
"写着神秘语言的非常结实的卷轴
素材",""
"胶粉",""
"如果跟水混在一起，粉末就会粘在一起。
素材",""
"橡胶甲虫の壳",""
"拟态为植物的虫子的壳
素材",""
"直立蝙蝠の粪",""
"白天行性两足步行不能飞的蝙蝠的好味道的粪
素材",""
"捕光石","Light-catching stones"
"封闭光的性质的石头 打破会发光
素材",""
"燃料贝。",""
"一点着火就燃烧的贝壳
素材",""
"心の结晶",""
"人属性的魔力结晶化的东西
素材",""
"恶の结晶",""
"恶属性的魔力结晶化的东西
素材",""
"兽の结晶",""
"兽属性的魔力结晶化的东西
素材",""
"水の结晶",""
"水属性的魔力结晶化的东西
素材",""
"风の结晶",""
"风属性的魔力结晶化的东西
素材",""
"虫の结晶",""
"虫属性的魔力结晶化的东西
素材",""
"草の结晶",""
"草属性的魔力结晶化的东西
素材",""
"机器の零件",""
"机器人掉下来的某些零件
素材",""
"~重要の东西~",""
"归还の翼",""
"蕴含着传送魔力的翅膀
可以回到据点",""
"炼金道具",""
"炼金术的道具一套
在哪里都能炼金。",""
"又大又长的木材",""
"可以代替桥的又长又结实的木材
事件用物品",""
"袖珍避难所",""
"凝缩了梦の岛的小球
可以进入",""
"接待室的钥匙",""
"写着接待室的标签的钥匙
",""
"会议室的钥匙",""
"写着会议室的标签的钥匙
",""
"前台的钥匙",""
"写着前台标签的钥匙
",""
"药房的钥匙",""
"写着药房标签的钥匙
",""
"院长室的钥匙",""
"写着院长室标签的钥匙
",""
"106号房间的钥匙",""
"写着106标签的钥匙
",""
"木箱",""
"里面有东西但是太硬了无法打开
",""
"储物柜的钥匙",""
"护士掉落的储物柜钥匙",""
"粗壮结实的原木",""
"可以用作船催化剂的木头
事件用物品",""
"访问密钥",""
"打开门的钥匙
事件用物品",""
"神奇鱼竿",""
"就算是人鱼也能吊起的鱼竿
事件用物品",""
"~梦の碎片~",""
"梦の碎片",""
"充满了自己记忆之梦の碎片",""
"猎人の碎片",""
"专业与淫魔战斗之梦の碎片",""
"商人の碎片",""
"充满了商业秘诀的梦の碎片",""
"夏洛特の碎片",""
"充满了夏洛特记忆之梦の碎片",""
"爱丽丝の碎片",""
"充满了爱丽丝记忆之梦の碎片",""
"利德尔の碎片",""
"充满了利德尔记忆之梦の碎片",""
"父亲の碎片",""
"充满了父亲记忆之梦の碎片",""
"母亲の碎片",""
"充满了母亲记忆之梦の碎片",""
"小碎片",""
"充满了某人的琐碎事的记忆的梦の碎片
素材　",""
"扭曲の碎片",""
"充满了某人的扭曲记忆的梦の碎片
素材　",""
"羞耻の碎片",""
"充满了某人的羞耻记忆的梦の碎片
素材 给予催淫毒",""
"喜悦の碎片",""
"充满了某人的喜悦记忆的梦の碎片
素材 攻击力UP 技巧UP 精力500回复",""
"悲伤の碎片",""
"充满了某人的悲伤记忆的梦の碎片
素材 给予胆怯、敏感",""
"愤怒の碎片",""
"充满了某人的愤怒记忆的梦の碎片
素材 对淫魔固定伤害500点",""
"记忆：童贞",""
"还没有经验的记忆
本番时丢失",""
"~败北的记忆~",""
"败北の记忆：露娜",""
"被露娜榨干的记忆",""
"败北の记忆：女掌柜",""
"被女掌柜榨干的记忆",""
"败北の记忆：魅魔（中级）",""
"被魅魔（中级）榨干的记忆",""
"败北の记忆：特鲁特",""
"被特鲁特榨干的记忆",""
"败北の记忆：基尔希",""
"被基尔希榨干的记忆",""
"败北の记忆：夏洛特",""
"被夏洛特榨干的记忆",""
"败北の记忆：玫瑰",""
"被玫瑰榨干的记忆",""
"败北の记忆：基耶里",""
"被基耶里榨干的记忆",""
"败北の记忆：艾米",""
"被艾米榨干的记忆",""
"败北の记忆：爱丽丝",""
"被爱丽丝榨干的记忆",""
"败北の记忆：诺诺",""
"被诺诺榨干的记忆",""
"败北の记忆：集群",""
"被集群榨干的记忆",""
"败北の记忆：棱镜",""
"被棱镜榨干的记忆",""
"败北の记忆：西娜",""
"被西娜榨干的记忆",""
"败北の记忆：梦魇",""
"被梦魇榨干的记忆",""
"败北の记忆：波利",""
"败北の记忆：护士",""
"被护士榨干的记忆",""
"败北の记忆：嘴唇",""
"被嘴唇榨干的记忆",""
"败北の记忆：许普诺斯",""
"被许普诺斯榨干的记忆",""
"败北の记忆：史莱姆",""
"被史莱姆榨干的记忆",""
"败北の记忆：雪莱内",""
"被雪莱内榨干的记忆",""
"败北の记忆：女巫",""
"被波利榨干的记忆",""
"被女巫榨干的记忆",""
"败北の记忆：精灵",""
"被精灵榨干的记忆",""
"败北の记忆：章鱼酱",""
"被章鱼酱榨干的记忆",""
"败北の记忆：拉米亚",""
"被拉米亚榨干的记忆",""
"败北の记忆：埃拉塔",""
"被埃拉塔榨干的记忆",""
"败北の记忆：希尔基",""
"被希尔基榨干的记忆",""
"降龙剑",""
"龙之力的大剑
斩击 3 方向短 间隔45 穿透",""
"盘子飞盘",""
"有裂痕的用不上的盘子
打击 2方向长  间隔40",""
"苹果",""
"被打到会痛。
打击 1方向长 间隔40",""
"炼金失败后产生的对身体有害的药
水 1方向长 间隔35",""
"父亲哈里尔爱用的剑。被好好地保养着。
斩击 2方向短 间隔45 穿透",""
"熊掷",""
"投掷熊掌
打击 1方向长 间隔120",""
"试管",""
"撒下装满毒药的试管
水 5方向长 间隔60",""
"舞娘の扇子",""
"一边跳舞一边扇扇子
诱惑 9方向长 间隔100",""
"飞吻",""
"飞吻使敌人兴奋
诱惑 2方向 间隔30",""
"~斩击系武器~",""
"羽毛剑",""
"像羽毛一样轻的剑
斩击 3方向长 间隔30",""
"铁剑",""
"产自圣托里纳的廉价产品
斩击 4方向短 间隔45 穿透",""
"水果刀",""
"削苹果皮的小岛
斩击 1 方向长 间隔30",""
"触发型炸弹",""
"敌人一踩就爆炸的炸弹
炎 设置 间隔50",""
"钢琴",""
"钢琴是打击乐器
打击 1方向短 间隔200",""
"投枪",""
"不要随便投掷
斩击 1方向长 间隔60 穿透",""
"光之枪",""
"卫星激光！
炎 1方向长 间隔60",""
"手指药",""
"暂时增加2、3根手指的药
击中同伴球数会暂时增加",""
"大库马里",""
"库库马里巨大化攻击敌人
斩击 1方向短 间隔200",""
"火の魔导书",""
"能使用火魔法的超初级魔导书
炎 2方向短 间隔45",""
"雷の魔导书",""
"能使用雷魔法的初级魔导书
雷 1方向长 间隔45 穿透",""
"水の魔导书",""
"能使用水魔法的初级魔导书
水 5方向短 间隔45",""
"数学原理",""
"用数学解自然原理的书
水 8方向短 间隔40",""
"炎の魔导书",""
"能使用火之魔法的初级魔导书
炎 3方向短 间隔45",""
"飞刀",""
"向四个方向散开的小刀
斩击 4方向 间隔40",""
"黑暗魔法-黑暗边缘",""
"但是魔法是从屁股里出来的
斩击 1方向短 后方 间隔45",""
"手斧",""
"便于携带但沉重的斧头
斩击 1方向短 间隔60",""
"战斗斧",""
"肌肉系的战士喜欢的战斗之斧
斩击 1方向短 间隔60",""
"重斧",""
"需要用力才能举起来的斧头
斩击 1方向短 间隔90",""
"雷击の斧",""
"沉重又让人麻痹的斧头
雷 1方向短 间隔90 穿透",""
"巨人の斧","Giant ax"
"比人高的巨人用的斧头
斩击 1方向短 间隔120",""
"审判の斧",""
"审判过无数罪行的斧头
斩击 1方向短 间隔180",""
"手里剑",""
"忍者们爱用的飞行道具
斩击 3方向长 间隔20",""
"短剑",""
"因设计失误而过短的剑
斩击 1方向长 间隔30",""
"蜜蜂矛",""
"容易扔的小矛
斩击 2方向长 间隔40 穿透",""
"叉子",""
"前端分叉
斩击 1方向长 间隔45",""
"邮购的小刀",""
"买一送一
斩击 1方向长 间隔30",""
"三发剑",""
"三支一组，能准确锁定对方的剑
斩击 1方向长 间隔30",""
"流星の剑",""
"一扔就会增加三把的剑
斩击 1方向长 间隔30",""
"空间剑法",""
"无限的剑从虚数空间倾泻而下
斩击 7方向长 间隔45",""
"火箭拳",""
"要考虑到之后的不变
打击 1方向长 间隔80",""
"权杖",""
"被打倒会很痛
打击 1方向 间隔50",""
"锤子",""
"钉钉子的工具
打击 1方向 间隔50",""
"铁管",""
"拯救世界从这个开始
打击 1方向 间隔50",""
"飞镖",""
"不会回来的回旋镖型钝器
打击 3方向长 间隔50",""
"Picopico锤",""
"被打倒的时候会Pico叫着死掉
打击 1方向 间隔50",""
"打得陷进地里
打击 1方向 间隔50",""
"太刀鱼",""
"把碰到的东西全部切碎的鱼  很好吃
斩击 1方向长 间隔60",""
"橘子",""
"发霉的橘子
食物 1方向长 间隔40",""
"南瓜和鲱鱼派",""
"包裹着温柔的馅饼
食物 1方向长 间隔40",""
"蛋糕",""
"梦幻般的蛋糕
食物 设置 间隔70",""
"午餐盘",""
"喜欢的东西都拿一点
食物 1方向 间隔50",""
"仰望星空派",""
"遥望星空之鱼的派  吃掉的话会变成星星
食物 1方向长 间隔70",""
"结婚蛋糕",""
"供奉在人生坟墓上的蛋糕
食物 设置 间隔70",""
"完整课程",""
"有毒的前菜汤 鱼 松贝 肉 蔬菜 甜咖啡
食物 1方向 间隔50",""
"情书",""
"内容有点病态的情书
诱惑 3方向 间隔40",""
"糟糕的情书",""
"和信一起装着头发和指甲的情书
诱惑 3方向 间隔40",""
"半个碎片",""
"冷不丁的伤害某人
水 1方向慢 间隔60",""
"水枪",""
"利用把水从洞里压出来的枪 活塞式装填
水 1 方向长 间隔180",""
"水箭筒",""
"水枪的升级版  可以在墙上开洞
水 1方向长 间隔210",""
"水龙弹",""
"高压水枪
水 1方向长 间隔240",""
"机枪",""
"往下打的话好像能反弹上天
炎 1方向 间隔6 固定伤害3",""
"极星",""
"北极星印的手枪
炎 1方向 间隔20 等级固定伤害",""
"散弹枪",""
"喷射大量子弹的近距离用枪械
炎 10方向短 间隔30 固定伤害 3",""
"轨道枪",""
"利用洛伦兹力加速并射出物体的装置
雷 1方向长 间隔300 固定伤害100 地形穿透",""
"布雷斯枪",""
"女性型武装搜索机器人的机枪
火焰 2 方向长度 间隔6 固定伤害 3",""
"施普尔",""
"今晚，12点，有人...
水 1方向长 间隔15 等级固定伤害",""
"结婚枪",""
"为了让人承担责任的短枪
炎 20方向短 间隔30 固定伤害3",""
"炮塔枪",""
"警备机器人的装备
雷 5方向 间隔15 固定伤害3",""
"群集枪",""
"散布子弹的枪
雷 16方向 间隔30 固定伤害3",""
"电锯",""
"把恶魔切成两半
斩击 1方向短 间隔150",""
"暴风雨",""
"踏进之时神明之雷将会降下
雷 设置 间隔300 穿透",""
"圣经",""
"踩上时光之箭将会降下
雷 设置 间隔300 穿透",""
"投射着火液体的武器
炎 5方向短 间隔15 固定伤害3",""
"涅墨西斯",""
"象征神的愤怒和惩罚的女神之枪
雷 1方向 间隔30 50-等级固定伤害",""
"赤红",""
"今晚又将有人丧命
雷 2方向 间隔50 50-等级固定伤害",""
"火焰减速器",""
"焊接金属所使用的工具
炎 6方向短 间隔15 固定伤害3",""
"手枪",""
"容易操作的枪
炎 1方向 间隔30 固定伤害3 可定制配件",""
"爆裂枪",""
"改造成能同时射出三发子弹的手枪
炎 3方向 间隔30 固定伤害3 可定制配件",""
"硬币射手",""
"利用洛伦兹力加速掷硬币的装置
雷 2方向长 间隔300 固定伤害100 地形穿透",""
"托尔特炸弹",""
"有能把托尔特提高1公里的威力
炎 设置 间隔999",""
"骷髅面板",""
"炸弹像拉肚子一样漏出来
炎 设置 间隔10",""
"黑森林蛋糕",""
"黑森林樱桃蛋糕
食物 设置 间隔70",""
"玫瑰口红",""
"红得像玫瑰的口红
诱惑 2方向 间隔30",""
"公主之心",""
"性感光束发射
雷 2方向长 间隔60",""
"荒谬的碎片",""
"随心所欲地撒播
水 4方向慢 间隔80",""
"毒苹果",""
"有毒的苹果吃了就会继续睡着
食物 1 方向长 间隔40",""
"布娃娃",""
"正好适合消除压力的玩具熊
打击 1方向长 间隔60",""
"冰刃",""
"把拿到手的东西告诉别人就会死
水 3方向短 间隔45",""
"礼物",""
"令人兴奋的盒子，打开的时候会爆炸
炎 设置 间隔80",""
"手心雷",""
"从手里皮卡的放出雷电的魔法
雷 3方向长 间隔45 穿透",""
"剑豪鱼",""
"在剑道上越走越远的鱼  是苦的
斩击 1方向长 间隔30",""
"伏尼契手稿",""
"用独特的语言写的神秘书籍
雷 设置 间隔300 穿透",""
"莉莉丝之境",""
"发射任意魔法弹的任性手枪
炎 3方向 间隔30 固定伤害15 可定制配件",""
"虎猫",""
"虎猫印左轮
炎 1方向 间隔35 固定伤害15 可定制配件",""
"贝尔塔水枪",""
"压缩空气中的水分并射击的枪 可定制配件
水 1方向长 间隔240",""
"链锯",""
"从未使用过的链锯
斩击 1方向短 间隔180",""
"莉莉丝克星",""
"最强の剑 99级的莉莉丝打倒了的证明
斩及 1方向 间隔30",""
"友人",""
"0完成游戏结束的证明
雷 1方向 间隔100",""
"逗号锤",""
"被打了的话会觉得很无趣，但是会笑的木槌
打击 1方向 间隔50",""
"小火焰",""
"炎系的初级魔法
炎 1方向 间隔100",""
"～性具～",""
"模仿肉棒的东东
性具",""
"粗大的假阳具",""
"模仿漂亮的肉棒的东东
性具",""
"超大假阳具",""
"模仿手臂的东东
性具",""
"跳蛋",""
"用震动给予快乐的道具
性具 命中+5",""
"大跳蛋",""
"用大的震动给予快乐的道具
性具 命中+5",""
"超大跳蛋",""
"用特别强烈的震动给予快乐的道具
性具 命中+5",""
"火の假阳具",""
"像要烧起来一样热的假阳具
性具 TP增加+20%",""
"水の假阳具",""
"冷飕飕的假阳具
性具 回复效果+20%",""
"风の假阳具",""
"像风一样快速的假阳具
性具 体力消耗-10%",""
"地の假阳具",""
"像岩石一样坚硬的假阳具
性具 防御效果+20%",""
"火炎の假阳具",""
"用燃烧的火焰制成的假阳具
性器 TP增加+20%",""
"冰结の假阳具",""
"用永不融化的冰制成的假阳具
性器 回复效果 +50%",""
"暴风の假阳具",""
"有着狂风的假阳具
性具 体力消耗-20%",""
"大地の假阳具",""
"永不折断的顽强的假阳具
性具 防御效果+50%",""
"铁の跳蛋",""
"用铁做成的跳蛋
性具 命中+5",""
"钢铁の跳蛋",""
"用钢铁做成的跳蛋
性具 命中+5",""
"金の跳蛋",""
"用金子做成的跳蛋
性具 命中+5",""
"钻石の跳蛋",""
"镶满钻石的奢侈跳蛋
性具 命中+5",""
"木根棍",""
"形状正好的木棍
性具 暴击+3",""
"蘑菇",""
"一种自然的赠物
性具 暴击+5",""
"胡萝卜",""
"硬得不能吃的胡萝卜
性具 暴击+5",""
"闪光。",""
"以光速震动的跳蛋
性具 暴击+5",""
"风神。",""
"刮起的风不久就会变成暴风雨
性具 暴击+5",""
"重型跳蛋",""
"重到甚至可以用来锻炼肌肉
性具 暴击-5",""
"钝龟",""
"缓慢而大胆地瞄准要害
性具 暴击+20 命中-50",""
"假阳具の刃",""
"舍弃防御专注攻击的假阳具
性具　",""
"隼","Hayabusa"
"因超快的速度而得名的跳蛋
性具 两次攻击 命中-50",""
"疾风。",""
"隼的改良型跳蛋
性具 两次攻击 命中-40",""
"屠龙。",""
"曾经让龙高潮的跳蛋
性具 命中-5 暴击+5",""
"雷电。",""
"前端可以放电的跳蛋
性具 机械特效",""
"震电。",""
"用雷电充电的跳蛋 注意漏电
性具 机械特效",""
"紫电",""
"能放出紫电的跳蛋
性具 机械特效",""
"紫电改",""
"紫电的改良版跳蛋
性具 机械特效",""
"润滑液转子",""
"让人变得黏滑的转子
性具 给予敏感",""
"仙女华尔兹",""
"就像妖精温柔爱抚的假阳具
性具 给予敏感",""
"粘滑手套",""
"沾满了润滑液的手套
性具 给予敏感",""
"飞棒",""
"突然飞出来的棒子
性具 给予胆怯",""
"守护の假阳具",""
"收到过精灵的加护的假阳具
性具 防御效果+50%",""
"化学灯",""
"应援时落下的发光棒子
性具 给予胆怯",""
"珍珠",""
"用魔力埋入小穴的珍珠
性具 避孕套无法装备 暴击+10",""
"装配式跳蛋",""
"装在小穴的小型跳蛋
性具 避孕套无法装备",""
"腰带型假阳具",""
"装在腰上的假阳具
性具 避孕套无法装备",""
"坏运气",""
"运气变差很难击中的跳蛋
性具 命中-80",""
"肛珠",""
"一颗一颗放入屁股里
性具 屁股属性攻击",""
"肛门跳蛋",""
"放进屁股里的跳蛋
性具 屁股属性攻击",""
"前列腺按摩器",""
"医疗设备
性具 屁股属性攻击",""
"盗贼手套",""
"工作时戴的手套
性具 从敌人获得两倍金额",""
"鹰の爪",""
"手指灵巧的手套
性具",""
"魔法手",""
"像自己手指一样灵巧的棒子
性具",""
"像撬棍一样的东西",""
"物理学圣物
性具 命中-50",""
"被咬了一口的胡萝卜",""
"被咬了的很硬的胡萝卜
性具 暴击+5",""
"EX加利棒",""
"传说中的假阳具的山寨货的山寨货
性具 暴击+5",""
"EX卡利棒",""
"传说中的假阳具的山寨货的山寨货的山寨货
性具 回复效果 +30%",""
"EX卡利普",""
"传说中的假阳具的山寨货的山寨货的山寨货的山寨货
性具",""
"EX卡利棒棒棒棒棒",""
"传说中的假阳具的山寨货的山寨货的山寨货的山寨货的杂品
性具 暴击+30",""
"EX卡乌棒",""
"传说中的假阳具的山寨货
性具 自动回复精力 +1",""
"Ex咖喱棒",""
"传说中的假阳具
性具 体力消耗0  2次攻击",""
"如意棒",""
"伸缩自如的棒
性具 体力消耗-10%",""
"食人者",""
"以人的灵魂为食的跳蛋
性具 人属性特效",""
"食人者Ⅱ",""
"食人者Ⅲ",""
"食人者Ⅳ",""
"以人的灵魂为食的跳蛋
性具 人属性特效 给予敏感",""
"昆虫碾压者",""
"把有杀虫作用的植物混合在一起做成的跳蛋
性具 昆虫属性特效",""
"昆虫碾压者Ⅱ",""
"昆虫碾压者Ⅲ",""
"昆虫碾压者Ⅳ",""
"把有杀虫作用的植物混合在一起做成的跳蛋
性具 昆虫属性特效 给予胆怯",""
"史莱姆克星",""
"超震动能把水分蒸发的跳蛋
性具 水属性特效",""
"史莱姆克星Ⅱ",""
"史莱姆克星Ⅲ",""
"史莱姆克星Ⅳ",""
"超震动能把水分蒸发的跳蛋
性具 水属性特效 体力消耗-50%",""
"野兽猎人",""
"释放让野兽恐惧气味的假阳具
性具 兽属性特效",""
"野兽猎人Ⅱ",""
"野兽猎人Ⅲ",""
"野兽猎人Ⅳ",""
"释放让野兽恐惧气味的假阳具
性具 兽属性特效 TP增加+20%",""
"恶魔杀手",""
"能封印恶魔的神圣跳蛋
性具 恶属性特效",""
"恶魔杀手Ⅱ",""
"恶魔杀手Ⅲ",""
"恶魔杀手Ⅳ",""
"能封印恶魔的神圣跳蛋
性具 恶属性特效 每回合精力-1%",""
"无风",""
"拿在手上可以止风
性具 风属性特效",""
"无风Ⅱ",""
"无风Ⅲ",""
"无风Ⅳ",""
"拿在手上可以止风
性具 风属性特效 物品的回复效果+100",""
"拆解",""
"吸收养分的大树的树根
性具 草属性特效",""
"拆解Ⅱ",""
"拆解Ⅲ",""
"拆解Ⅳ",""
"吸收养分的大树的树根
性具 草属性特效 连续2次攻击",""
"魅魔之尾",""
"淫魔尾巴样子的假阳具
性具 精力自动回复 +1 体力自动回复 +1",""
"没干劲",""
"拿着就会失去干劲的棒子
性具 TP增加-100%",""
"库特鲁的触手",""
"扭来扭曲的神话生物的触手
性具 给予拘束 TP增加-100%",""
"尼鲁拉之手",""
"混沌的混沌
性具 给予拘束 TP增加-100%",""
"鳗",""
"烤鳗鱼很好吃
性具 给予拘束、眩晕",""
"红蛇",""
"吹笛子的蛇
性具 给予拘束、眩晕",""
"汪酱",""
"超爱黄油
性具 给予胆怯 TP增加-100%",""
"了解棒",""
"一旦装备就会变成不像样腰震的汪酱
性具 自大特效 萝莉特效（假）",""
"掩护",""
"
性成分恢复效果 +20%",""
"~避孕套~",""
"超薄避孕套",""
"0.01m 避孕套
避孕套　",""
"避孕套",""
"0.05m 厚度
避孕套",""
"厚避孕套",""
"0.1m 避孕套
避孕套",""
"0.2m 避孕套
避孕套",""
"指套",""
"本来是戴在手指上防止割破的东西
避孕套",""
"铁避孕套",""
"失败的作品",""
"托尔锤",""
"铁做成的避孕套（？ )
避孕套",""
"金避孕套",""
"镀金了的恶趣味避孕套
避孕套",""
"早漏用避孕套",""
"为了不让自尊心受到伤害而使用的避孕套
避孕套",""
"持久用避孕套",""
"太持久也是个问题。
避孕套 体力消耗-10%",""
"无色透明的薄膜",""
"看起来IQ很高
避孕套",""
"拇指套",""
"有点空间的指套
避孕套",""
"放松避孕套",""
"缓解身体疲劳和酸痛的药用避孕套
避孕套 体力自动回复+2",""
"香薰避孕套",""
"好闻的味道能让身心重新振作的避孕套
避孕套 精力自动回复 +2 体力自动回复 +2",""
"磁性避孕套",""
"好像能改善血液循环的避孕套
避孕套 精力自动回复+2 体力自动回复+2",""
"保健避孕套",""
"保持身体每天健康的避孕套
避孕套 体力自动回复+4",""
"再生避孕套",""
"用回收材料制成的避孕套
避孕套 精力自动回复+4",""
"回复避孕套",""
"持续使用回复魔法的避孕套
避孕套 精力自动回复+4",""
"药剂师的避孕套",""
"稍微有些药味的避孕套
避孕套 物品回复效果+20",""
"炼金术士的避孕套",""
"制造贤者之石时不小心做出来的避孕套
避孕套 物品恢复效果+50",""
"生态避孕套",""
"天然节能避孕套
避孕套 体力消耗-20% 草风耐性",""
"草莓味避孕套
避孕套 体力消耗-20% 口交抗性-50%",""
"蓝莓味避孕套",""
"蓝莓味避孕套
避孕套 体力消耗-20% 口交抗性-100%",""
"美味避孕套",""
"很多人都吃下去过的危险的避孕套
避孕套 口交抗性-500%",""
"胶带",""
"用胶带卷起来
避孕套 体力消耗-20% 脱力无效",""
"魔法之幕",""
"用薄薄的魔法来代替避孕套
避孕套 体力消耗-20%",""
"耀斑光环",""
"戴上身体就会发热的避孕套
避孕套 TP增加+20 诱惑无效",""
"冰之光环",""
"只要戴上就会变冷的避孕套
避孕套 回复效果+20 兴奋无效",""
"电之光环",""
"只要戴着就会发麻的避孕套
避孕套 暴击+2 胆怯无效",""
"阴茎鞘",""
"用干葫芦套住肉棒
避孕套 暴击+5 胆怯无效",""
"凸起避孕套",""
"有凸起的避孕套
避孕套 本番耐性+20",""
"倒刺避孕套",""
"带倒刺的避孕套
避孕套 本番耐性+20",""
"训练避孕套",""
"用于训练的避孕套
避孕套 经验值+20%",""
"重力避孕套",""
"避孕套被重力向下拉紧
避孕套 经验值+20%",""
"秘忍具","Secret Ninja"
"古事记中记载的忍者使用的道具
避孕套 胆怯无效",""
"闪光避孕套",""
"由明亮发光材料制成的避孕套
避孕套 胆怯、黑暗无效",""
"装饰避孕套",""
"用比目鱼做装饰的避孕套
避孕套 胆怯、黑暗、诱惑无效",""
"龟头避孕套",""
"只覆盖龟头的避孕套
避孕套 敏感无效",""
"斑马避孕套",""
"条纹模样的避孕套
避孕套 脱力无效",""
"蛋白酥皮",""
"轻轻抹上起泡的酥皮
避孕套 催淫毒无效",""
"蜂蜜",""
"轻轻地涂上甘甜的蜂蜜
避孕套 催淫毒无效 口交耐性-50%",""
"芥末",""
"偷偷抹上辣芥末
避孕套 催淫毒无效 口交耐性+20%",""
"开洞避孕套",""
"前端有洞的非常危险的避孕套
避孕套",""
"螺旋避孕套",""
"扭曲且难以穿上
避孕套 拘束无效",""
"润滑液避孕套",""
"黏黏滑滑的滑避孕套
避孕套 拘束无效",""
"橡胶橡胶的避孕套",""
"用来变成橡胶人的避孕套
避孕套 拘束无效 水耐性-100%",""
"荷尔蒙避孕套",""
"涂有魅魔爱液的避孕套
避孕套 兴奋无效 诱惑耐性-100%",""
"护盾",""
"施加了防御魔法的避孕套
避孕套 胆怯、黑暗、魅惑无效",""
"守护者",""
"有守护精灵的保佑的避孕套
避孕套兴奋、黑暗、魅惑无效",""
"抗菌避孕套",""
"杀菌消毒的干净避孕套
避孕套 催淫毒、黑暗无效",""
"有毒的避孕套",""
"上面涂了毒的避孕套
避孕套 催淫毒无效 给予催淫毒",""
"致死毒避孕套",""
"上面涂了很危险的毒药的避孕套 自己也很危险
避孕套 精力自动回复-1 给予催淫毒",""
"手工编织的避孕套",""
"母亲在夜里编制的避孕套
避孕套 敏感、黑暗、魅惑无效",""
"赛博避孕套",""
"cyberwife公司制造的高科技避孕套
避孕套 敏感、黑暗、魅惑、脱力无效",""
"乳交用避孕套",""
"提升乳交快感的避孕套
避孕套 乳交耐性-500%",""
"奇遇的避孕套",""
"让你的肉棒变成两根
避孕套 攻击次数+1 技能不可用",""
"宙思之盾",""
"传说之避孕套的仿制品
避孕套 魅惑、拘束无效",""
"宙斯之盾",""
"传说の避孕套
避孕套 状态异常无效",""
"莉莉丝の避孕套",""
"注入了莉莉丝魔力的避孕套
避孕套 TP增加+30% 乳交抗性-100%",""
"冷的避孕套",""
"涂了薄荷的避孕套
避孕套 兴奋、胆怯无效",""
"超级冷的孕套",""
"被施加了冷气魔法的避孕套
避孕套 兴奋、胆怯无效",""
"冷冻避孕套",""
"用液态氮瞬间冷冻的避孕套
避孕套 兴奋、胆怯、魅惑无效",""
"纸制的避孕套",""
"卫生纸的芯
避孕套 胆怯无效 屁股交耐性+20%",""
"皮制避孕套",""
"用海豹皮制成的避孕套
避孕套",""
"~戒指~",""
"约定の戒",""
"发誓永远的戒指
戒指 子弹+1 广角",""
"铁の戒",""
"用铁做的简单的戒指
戒指",""
"金の戒",""
"用金子做成的高级戒指
戒指",""
"战斗の戒",""
"设计新颖的戒指
戒指",""
"樱桃の戒",""
"设计有樱桃的可爱戒指
戒指 子弹+1",""
"钻石の戒",""
"点缀着小颗钻石的戒指
戒指 魅惑无效",""
"莉莉丝の粉红指环",""
"含有莉莉丝诅咒的小指用戒指
戒指 乳交耐性-500%",""
"玩具戒指",""
"塑料做的廉价戒指
戒指 魅惑、兴奋无效",""
"含羞草戒指",""
"古槐花装饰的优雅的戒指
戒指 魅惑、兴奋、催淫毒无效",""
"妖精の戒",""
"妖精的手镯 对人类来说是戒指
戒指 魅惑、催淫毒无效 体力消耗-20%",""
"印斯茅斯の戒",""
"矶香戒指
戒指 催淫毒无效 经验值+5%",""
"热烈指环",""
"表现热情的戒指
戒指 脱力无效 TP增加+30%",""
"雪の环",""
"表现冷静的戒指
戒指 兴奋无效 体力自动回复+3",""
"闪光指环",""
"表现闪光的戒指
戒指 胆怯无效 暴击+3",""
"羽毛指环",""
"表现自由的戒指
戒指 拘束无效 精力自动回复+3",""
"回复の戒",""
"有着回复魔法的戒指
戒指 催淫毒无效 精力自动恢复+2",""
"医疗戒指",""
"提高药效的戒指
戒指 催淫毒无效 物品回复效果+50%",""
"力量之戒",""
"充满力量的戒指
戒指 脱力、拘束无效 体力自动回复+1",""
"泪の戒",""
"生锈了
戒指 魅惑、兴奋无效 物品回复效果+20%",""
"诅咒の戒",""
"骷髅模样的明显被诅咒的戒指
戒指 敏感无效 精力减少-2",""
"能量の环",""
"用力过头的魔法戒指
戒指 脱力无效 体力消耗+50%",""
"黑猫の戒",""
"上面写着Ako制造
戒指 物品掉落率2倍 行动追加5%",""
"暴发户戒指",""
"恶趣味的戒指
戒指 获得2倍金额",""
"天使の戒",""
"用头发编成的戒指
戒指 回复效果+20% 敏感、黑暗无效",""
"恶魔の戒",""
"黑色魔力翻腾的戒指
戒指 回复效果-20% 敏感、兴奋无效",""
"甜甜圈戒指",""
"有甜甜的味道的戒指
戒指 物品回复效果+50% 精力自动恢复+2",""
"超越常识の戒",""
"接收宇宙电波的戒指
戒指 物品回复效果+50% 经验值+20%",""
"指虎戒指",""
"用于殴打的连着的戒指
戒指",""
"魔法の戒",""
"蕴含着著名魔术师魔力的戒指
戒指 自动回复体力+5",""
"希格斯の戒",""
"由希格斯粒子制成的戒指
戒指 命中率+15%",""
"旅行者の戒",""
"祈祷平安归来的戒指
戒指 携带TP",""
"红宝石の戒",""
"漂亮的红宝石装饰的戒指
戒指 携带TP",""
"蓝宝石の戒",""
"漂亮的蓝宝石装饰的戒指
戒指 兴奋、胆怯、催淫毒无效",""
"绿宝石の戒",""
"漂亮的绿宝石装饰的戒指
戒指 魅惑、拘束、黑暗无效",""
"时间の戒",""
"蕴含着操纵时间的魔力的戒指
戒指 行动追加20%",""
"莫比乌斯の戒",""
"无限延伸的表里
戒指 行动追加40%",""
"狂暴の戒",""
"身体擅自移动的诅咒戒指
戒指 自动行动",""
"封印の戒",""
"封印强力恶魔的诅咒戒指
戒指 技能封印 行动追加30%",""
"甜甜圈孔",""
"让很多哲学家头疼的结论
戒指 物品回复效果+50% 精力自动恢复+3",""
"透视の戒",""
"闭上眼睛也能看到前方的戒指
戒指 黑暗无效 物品获得率2倍",""
"~装饰~",""
"剑士の护身符",""
"包含祈祷战斗平安的愿望的护身符
装饰 防御效果+20% 可以装备剑",""
"护膝",""
"保护要害的冒险者的必需品
装饰 防御效果+20%",""
"炼金术士の手镯",""
"提高药效的手镯
装饰 物品回复效果+20% 可以装备药物",""
"白兔の怀表",""
"秒针不规则移动的不可思议的怀表
装饰 行动追加20%",""
"托尔特の手表",""
"依赖魔法运行的手表
装饰 兴奋无效 行动追加10%",""
"克罗诺斯の手表",""
"掌管时间的神的时钟
装饰 行动追加40%",""
"药剂师の包",""
"装了各种药的包
装饰 物品回复效果+50% 可以装备药物",""
"血压计",""
"测量血压的手镯
装饰 兴奋、胆怯无效",""
"磁性项链",""
"用磁力促进血液循环的健康器具
装饰 兴奋、胆怯无效",""
"冷静手镯",""
"能够保持冷静的手镯
装饰 兴奋、胆怯无效",""
"可爱的手镯",""
"可爱的手镯
装饰 魅惑、敏感无效",""
"心形巧克力",""
"心形的巧克力
装饰 魅惑、敏感无效",""
"穿孔耳环",""
"有着让人着迷的魔力的耳环
装饰 魅惑、敏感无效",""
"带绳的手镯",""
"装有绳子小道具的镯子
装饰 拘束、脱力无效",""
"滑溜溜的手镯",""
"滑溜溜的手镯
装饰 拘束、脱力无效",""
"气泡手镯",""
"有肥皂泡沫味的手镯
装饰 拘束、脱力无效",""
"抗毒素",""
"防毒项链
装饰 催淫毒无效",""
"星形巧克力",""
"可爱的星形巧克力
装饰 胆怯、兴奋无效 行动追加2%",""
"钻石形状的巧克力",""
"可爱的钻石形状的巧克力
装饰 敏感、催淫毒无效 行动追加2%",""
"三叶草巧克力",""
"可爱的三叶草巧克力
装饰 拘束无效 行动追加4%",""
"黑桃巧克力",""
"可爱的黑桃型巧克力
装饰 给予胆怯",""
"精奴隶的项圈",""
"精奴隶戴着的屈辱的项圈
装饰",""
"识别号",""
"牛奶罐牧场的耳朵上的标识符
装饰 手交耐性-500%",""
"手带",""
"据说断掉的时候愿望就会实现
装饰 魅惑无效",""
"埃利亚的手带",""
"像绳子一样的手带 不用担心断掉
装饰 防御效果+100%",""
"人鱼耳环",""
"防止被自己的歌声魅惑的耳塞
装饰 魅惑无效 防御效果+50%",""
"水项链",""
"魔力使水串成项链状
装饰 敏感、拘束无效",""
"速度の环",""
"敏捷性一下子提高了的手镯
装饰 拘束无效",""
"希尔芙围巾",""
"风精灵脖子上的围巾
装饰 拘束无效",""
"温蒂尼围巾",""
"水精灵脖子上的围巾
装饰 敏感、催淫毒无效",""
"伊夫里特围巾",""
"火精灵脖子上的围巾
装饰 脱力、低速、黑暗无效",""
"诺姆围巾",""
"土精灵脖子上的围巾
装饰 拘束、胆怯无效 防御效果+50%",""
"特工队的臂章",""
"只有攻击!不许后退
装饰 防御效果-100% 精力减少1",""
"订婚戒指",""
"对爱宣誓的戒指
装饰 精力自动回复 +1 魅惑无效",""
"微风耳环",""
"风吹时发出淡绿色光的项链
装饰 低速、拘束无效",""
"月牙的耳环",""
"月牙之夜发光的耳环
装饰 体力自动回复+1",""
"半月耳环",""
"半月之夜发光的耳环
装饰 体力自动回复+2",""
"满月耳环",""
"满月之夜发光的耳环
装饰 体力自动回复+3",""
"快乐耳环",""
"运气好像好起来了
装饰 暴击率+3",""
"好运手镯",""
"给装备者带来好运的手环
装饰 暴击率+5",""
"平凡手镯",""
"脚踏实地度过平凡人生的镯子
装饰 命中率+100 暴击率-100",""
"连击手镯",""
"手一次能动两次
装饰 命中率-40% 攻击次数+1",""
"鼯鼠手镯",""
"手一次能动三次
装饰 命中率-70% 攻击次数+2",""
"命运女神的耳环",""
"幸运女神的耳环
装饰 暴击率+10",""
"灵魂手镯",""
"削减灵魂带来力量的诅咒手镯
装饰 每个回合精力减少1",""
"被诅咒的巧克力",""
"被黑暗的魔力诅咒的巧克力
装饰 每个回合精力减少2",""
"头骨项链",""
"你会觉得很朋克
装饰 兴奋耐性-1000% TP增加+10%",""
"花之手镯",""
"用花做的臂饰
装饰 兴奋、催淫毒无效 物品回复效果+30%",""
"死亡项链",""
"突然挂在树枝上而死
装饰　",""
"兽人项链",""
"被兽人吃掉的人类的指骨做成的项链
装饰 每个回合精力减少3",""
"银链",""
"你会觉得摇滚
耐饰 魅惑耐性-1000% TP增加+30%",""
"星云项链",""
"束缚着仙女们的锁链
装饰 给予拘束 TP增加-20%",""
"手铐",""
"拷住做坏事的人
装饰 给予拘束 拘束耐性-1000%",""
"摆动腰的话",""
"啦啦啦 速度真快 真高兴啊
装饰 给予小穴属性",""
"手·镯",""
"愤懑的心情涌出来的手镯
装饰 脱力、低速无效",""
"白金の手镯",""
"白金做的手镯
装饰 低速无效",""
"时の学帽",""
"能够阻止时间的学生帽
装饰 行动追加20% 欧拉欧拉",""
"黑猫の帽子",""
"上面写着Ako制作
装饰 获得2倍金额 行动追加5%",""
"礼帽",""
"黑白格子的礼帽
装饰 精力自动回复+1 超速",""
"印花手帕",""
"除了杀人以外大多数罪都犯过的人的印花手帕
装饰 兴奋耐性-50% 超速",""
"怀表",""
"借给出去就再也不会回来的手表
装饰 胆怯无效 超速",""
"蝴蝶胸针",""
"兼具可爱与强大设计的胸针
装饰 胆怯、黑暗无效 欧拉欧拉",""
"集群の袜子",""
"让人看了觉得怪怪的白色袜子
装饰 足交耐性-50%",""
"人鱼の耳塞",""
"防止被自己的歌声魅惑的耳塞
装饰 魅惑、胆怯无效 黑暗耐性-50%",""
"西娜的胖次",""
"闻了的话智商会下降
装饰 接吻/诱惑耐性-50%",""
"莉莉发带",""
"哥德萝莉系的发带
装饰 行动追加+100%",""
"父亲的护目镜",""
"看清真正价值的风镜
装饰 魅惑无效 决意",""
"后悔的胸针",""
"怎么也扔不掉的东西
装饰 魅惑无效 决意",""
"快乐哈比围巾",""
"似乎代表快乐哈比
装饰 行动追加10% 暴击+5 兴奋/拘束无效",""
"伊利亚斯派",""
"装备中来自魔物的伤害变为0
其他 获得3倍经验",""
"一块蛋糕",""
"魔物战用救援装备
其他 3倍战斗力 获取1.5倍经验值",""
"~其他~",""
"万花筒",""
"窥视星空
其他 子弹+3 广角7",""
"广角镜头",""
"世界看起来很广阔
其他 广角4",""
"矫正带",""
"动作变得困难，但姿势变好了
其他 间隔+20",""
"提速",""
"涂抹在武器上就会加快速度的魔法药膏
其他 弹速+2",""
"瞄准范围",""
"能够准确瞄准目标的瞄准镜
其他 命中+5",""
"胸肌强制支援",""
"像胸罩而不是胸罩的家伙
其他 间隔+30 持续+10",""
"Max Air",""
"一时流行的名牌鞋
其他 持续+30",""
"动力套装",""
"代替肌肉的辅助机器
其他",""
"名人的护身符",""
"用手指快速敲打西瓜使其裂开的神之加护
其他 间隔-20%",""
"德古奇霍声呐",""
"子弹变得难以分散
其他 长焦5",""
"中奖签",""
"再来一发
其他 子弹+1",""
"‘可爱’挂件",""
"被血淋了的熊的可爱挂件
其他 弹速-2",""
"卡瓦巴塔眼镜",""
"夹在太阳穴上的眼镜
其他 长焦1",""
"精密桶",""
"不容易分散子弹的桶
其他 长焦3",""
"碱性干电池",""
"耐久的电池
其他 持续+60",""
"岛屿残骸",""
"被吞没的某人的梦的残骸
其他 弹速-4 持续+15",""
"羊绒",""
"带甜味儿的项链
其他 弹速-3 持续+60",""
"猫の铃",""
"从噩梦中解放出来的猫铃
其他 子弹+2 广角3 命中率-3%",""
"战斗指南书",""
"写有几十种对付魔物的方法的书
其他 持续+10 间隔-10% 弹速+1",""
"快乐的鸡蛋",""
"拥有的话经验值会增加的幸运蛋
其他 间隔+25% 经验值+25% 物品2倍获取率",""
"加速器 ",""
"加快处理速度的机器部件
其他 间隔-40%",""
"军团球",""
"把许多灵魂凝聚成的球状的东西
其他 子弹+4 弹速-2 持续-20",""
"狮子之心",""
"世上最勇敢的狮子之心
其他 子弹+1 弹速+1 持续+20 间隔-20%",""
"涂鸦",""
"会动的猫的画
其他 弹速+3 持续-30 间隔-20%",""
"诺诺の羽毛",""
"蕴含着极高魔力的柔软羽毛
其他 弹速-1 间隔-60%",""
"破坏魔法附魔",""
"给武器加上破坏魔法的涂药
其他",""
"疯狂的帽子",""
"疯狂的帽子店做的最普通的帽子
其他 子弹+3 弹速-2 持续+30 广角6",""
"经典唱片",""
"看了这个世界的全部的男人的手记
其他 子弹+10 间隔+20% 广角4",""
"黑洞",""
"光也无法逃脱的重力
其他 子弹+1 长焦7 战斗力1.2倍",""
"自定义零件 A",""
"加强手枪的部件
其他 子弹+2",""
"自定义零件 B",""
"强化手枪的部件
其他 子弹+10 持续-35 广角3",""
"自定义零件 C",""
"强化手枪的部件
其他 间隔-20 持续-25",""
"艾米的秘笈",""
"艾米流战斗术的奥义书
其他 战斗力2.5倍",""
"爱丽丝的丝带",""
"不可思议的布做的不可思议的丝带
其他 战斗力1.5倍 间隔-20%",""
"普拉提戒指",""
"猛一按可以发射黄色的空气炮
其他 战斗力1.3倍",""
"莉莉杂志",""
"被击中血管会开始沸腾  自定义部件
其他 子弹+10 间隔-23 持续-20",""
"湛蓝子弹",""
"被击中血管会开始沸腾  自定义部件
其他 子弹+5 间隔-20 持续-35 广角1",""
"●
其他 战斗力1.7 倍",""
"露娜",""
"女掌柜",""
"魅魔",""
"爱琳",""
"尤伊娜",""
"\n[1]","\n[1]"
"阿尔拉乌尼",""
"夏洛特",""
"朱莉和夏洛特",""
"朱莉",""
"魔王",""
"莉莉丝",""
"托尔特和基尔什",""
"托尔特",""
"基耶里",""
"群集",""
"西普",""
"诺诺",""
"护士",""
"嘴唇",""
"艾米",""
"基尔什",""
"史莱姆",""
"梦魇",""
"西娜",""
"玫瑰",""
"希尔那",""
"棱镜",""
"爱丽丝",""
"女巫",""
"许普诺斯",""
"EX 群集",""
"精灵",""
"章鱼酱",""
"拉米亚",""
"埃拉塔",""
"阿尼玛",""
"西尔基",""
"里格莱特",""
"~ARPG~",""
"奥口穆利",""
"纳巴史莱姆",""
"努尔史莱姆",""
"食人魔",""
"骷髅",""
"孢子",""
"大梦魇",""
"夜熊",""
"清扫器",""
"大熊",""
"岛喰",""
"尸体",""
"戴珀狮子",""
"触手",""
"宠物",""
"尸体G",""
"米亚拉杰",""
"德斯科",""
"杜尔杜",""
"伊莱莎",""
"收藏家",""
"收割者",""
"格里瓦",""
"夜鹰 A",""
"夜鹰 B",""
"夜鹰C",""
"收集者",""
"滑轮齿轮",""
"极端的齿轮",""
"吸引者",""
"皮克特球",""
"杀手蜜蜂",""
"巨型史莱姆",""
"橡木",""
"无法战斗",""
"倒下了！",""
"被打败了！",""
"站了起来！",""
"不死身","Invincible"
"催淫毒",""
"患上了催淫毒！",""
"被下了毒！",""
"黑暗",""
"看不到了！",""
"被关在了黑暗中！",""
"眩晕",""
"胆怯了！",""
"敏感",""
"变得敏感了！",""
"感觉好多了！",""
"拘束",""
"被拘束了！",""
"拘束住了！",""
"逃脱了拘束！",""
"魅惑",""
"被魅惑了！",""
"魅惑住了！",""
"被魅惑了...",""
"脱力",""
"没有力气了...",""
"放弃了",""
"失去了抵抗的意志...",""
"兴奋。",""
"兴奋地停不下来了！",""
"兴奋起来了...",""
"低速",""
"变慢了...",""
"无法行动。",""
"攻击力下降了",""
"变得无力了...",""
"败北的记忆",""
"爱琳Buff",""
"攻击力增强",""
"攻击力和技巧都提高了！",""
"防御增强",""
"防御力和精神力都提高了！",""
"处于戒备状态！",""
"鬼神",""
"收到了鬼神的力量！",""
"困难模式",""
"伪状态",""
"A主人公毒",""
"毒",""
"A主人公脱力",""
"A主人公加速",""
"A主人公减速",""
"A主人公球增加",""
"A 主人公无法攻击",""
"~事件用~",""
"防御降低（大）",""
"的防御力下降了...",""
"攻击力增长到最大",""
"攻击禁止",""
"敏捷最大",""
"敏捷0",""
"强制败北用",""
"HP1","HP1"
"发情",""
"开始发情了...",""
"~敌用状态~",""
"敌用催淫毒",""
"中了催淫毒！",""
"最强。",""
"最强10",""
"简单模式",""
"~等级用状态~",""
"等级10",""
"等级20",""
"等级30",""
"等级40",""
"等级50",""
"等级60",""
"等级70",""
"等级80",""
"等级90",""
"等级99",""
"射精1回目","1st Climax"
"射精2回目","2nd Climax"
"射精3回目","3rd Climax"
"勃起","Erect"
"勃起了...",""
"快射出来了",""
"马上要射出来了...",""
"失去平衡",""
"失去平衡了！",""
"草莓避孕套",""
"\n<山羊>咩！",""
"\n<穆>好了好了。长角的话会有亲近感呢。",""
"山羊一个劲地吃草···",""
"\n<穆>仔细一看的话瞳孔是负号一样的很恶心。",""
"\n<猪>哼哼。",""
"\n<穆>猪肉和姜一起烧会很好吃。",""
"\n<穆>没怎么在附近见过猪呢。嗅嗅。唔姆，没有看上去那么臭呢。",""
"\n<牛>哞。",""
"\n<ムー>啊，听到了吗?刚才那个家伙叫我了！\n[1]。 又叫了一次！",""
"\n<穆>每天只是为了挤牛奶而活着吗?多么悲伤的生物啊。",""
"\n<大叔>从前被魔物咬过屁股。太害怕了所以一步都不敢迈出镇子。",""
"\n<穆>那样不好吃的屁股也会被咬啊。",""
"\n<大叔>我只是这样照顾动物就已经很幸福了。",""
"\n<鸡>咯咯咯咯。",""
"\n<穆>受到西方的影响吗。",""
"\n<鸡>咯咯！",""
"\n<穆>是不是太大了?我的5倍左右诶。鸡蛋想必也很庞大吧。",""
"\n<小哥>魔物是冲着家畜来的。上个月也被吃了一头牛。好困扰啊。",""
"\n<穆>退治魔物是我们的工作。交给我们吧",""
"\n<小哥>你能来到这么寒酸的村子真是太好了。我也会努力让你吃上美味的饭的。",""
"\n<男孩子>哇!那么大的剑!好厉害! !借给我! !借给我! !哇~ ~ ! !",""
"很危险所以不行",""
"\n<男孩子>哇啊啊! 好重啊! ! 不行了不行了! ! 要摔倒了！！",""
"\n<穆>拿着比自己身高还大的剑是不可能的吧。 \n[1]。 帮帮他吧。",""
"\n<男孩子>勇者真是厉害啊! 我也想拥有像你一样那么巨大的剑! 要好好锻炼肌肉!",""
"\n<穆>这可不是用来玩的东西。小孩子要有小孩子的亚子挥舞树枝就好了。",""
"\n<男孩子>别小看我！",""
"\n<穆>不可爱的小鬼。",""
"\n<兵士>勇者大人好像使用了降龙术。那到底是什么样的术啊？",""
"\n<穆>我附身在这家伙的大剑上放出必杀的一击。就像魔法剑一样。",""
"\n<穆>我不是这个世界的生物，所以不太擅长直接战斗。援助的话更容易一点。",""
"\n<兵士>原来如此!和外表不相称，拥有强大的力量呢!",""
"\n<穆>话不投机半句多。",""
"\n<兵士>龙先生在剑里面的时候是什么感觉?",""
"\n<穆>感觉很舒服。完全不知道外面发生了什么。",""
"\n<兵士>欸···下次我也想进去看看啊。剑的里面。",""
"\n<穆>下次吧。",""
"\n<冒险者>因为是在王都和港口城市的中转点建造的村子，不像小村庄，这里的商品很齐全哦。",""
"\n<穆>确实是和这个村子不相称的数量啊。",""
"\n<冒险者>听说这里发生过一些很可怕的事情呢。哎呦，要是被听到了就糟糕了。就当我没说过。",""
"\n<冒险者>听我说听我说!之前战斗过的魔物有点色诶!用魔法把我的盔甲变没了!",""
"\n<冒险者>这边必须露着胸战斗才行! 摇晃着胸战斗真是太让人羞耻了。",""
"\n<冒险者>勇者大人也要注意哦!要是被人扒光了，就不能战斗了吧？",""
"\n<\n[1]>・・・",""
"\n<穆>只是防御力下降难道还不好吗?人类真难办啊。",""
"\n<商人>来了！ 你需要什么？",""
"\n<商人>多谢光顾！",""
"\n<业者>行李放在这里就好了吧?啊，之后请帮我印章。",""
"\n<客人>勇者大人也买东西吗?提前准备好的话就简单很多了!对吧。",""
"\n<穆>反差很大呢。",""
"\n<冒险者>被高级淫魔袭击的时候好朋友让我逃走了。说着‘你先走，这里我来阻止。’",""
"\n<冒险者>后来带着同伴回来帮忙的时候，发现几个小时前还是好朋友的东西干枯在了一旁。",""
"\n<冒险者>是痛苦呢，还是怎么样呢呢，只留下了一副让人说不出话的表情。",""
"\n<冒险者>那家伙的遗容印在脑袋里，再怎么喝酒也忘不掉。",""
"\n<穆>吸精的魔物？ 唔姆···",""
"\n<冒险者>到处都是魔物。到底是从哪里冒出来的?",""
"\n<穆>不要见了1只就说有30只。",""
"\n<冒险者>听说我老家有100只呢。真是太棒了!",""
"\n<工会会长>这不是勇者大人嘛。能得到勇者大人的帮助是我的荣幸。讨伐委托请看桌子上的委托书。",""
"\n<穆>有什么关于魔王的情报吗?",""
"\n<工会会长>现在没有什么特别的···一旦有的话就会通知您的。",""
"\n<冒险者>恩···这个委托的话就算是我也能···",""
"\n<穆>没问题吧?脸色看起来很差……",""
"\n<冒险者>恩…我低血压…尤其是早上…",""
"\n<大婶>勇者大人能帮忙真是太感谢了。不用再害怕了。",""
"\n<穆>我们打算在这个村子里住一段时间。如果有普通冒险者很难做的工作，我们会接受的。",""
"\n<冒险者>啊，勇者君。 早上好。",""
"\n<穆>隔壁的房间的...",""
"\n<冒险者>真好啊，你是免费住宿的吧?尽管我觉得自己被骗了。那个旅馆真的是很贵呢。",""
"\n<穆>唔···",""
"\n<冒险者>嘛，饭又好吃，房间又干净，也没什么其他可说的。",""
"\n<冒险者>兽人的村庄啊……去捣毁它吧。...",""
"\n<冒险者>这不是勇者大人嘛!这样拿着剑···哎···真是厉害啊!",""
"\n<冒险者>我一看到强者就会很兴奋呢！能帮我一下吗?",""
"不要",""
"下次",""
"\n<冒险者>哇！受伤了可不行啊！先把兽人绑起来吧！",""
"\n<冒险者>能陪我修行嘛！谢谢！一定要来啊！",""
"接受委托",""
"详细信息",""
"\n<委托书>希望歼灭村子附近的杂鱼 危险度★☆☆☆☆ 报酬 100G每只",""
"\n<委托书>在南部的史莱姆平原出现了一等的杂鱼怪物。有空的冒险者们，请帮忙清除一下。",""
"\n<穆>歼灭任务嘛。用降龙术吧。 我也会帮忙的。",""
"\n<冒险者>我的工作也还有一点，帮我清除真是帮了大忙了。",""
"\n<穆>不想被当成猎物的话，你也要拼命努力啊。",""
"\n<冒险者>啊，要是我也像你们一样强就好了。只要抱上富婆的大腿，总有一天我也能创建自己的王国吧。",""
"\n<穆>我从心底里觉得这家伙不是勇者真是太好了。",""
"\n<委托书>讨伐淫魔和搜寻旅行商人 危险度★☆☆☆☆ 报酬1000G+ *",""
"\n<委托书>有只淫魔住在村子西部的一个小洞窟里。洞窟入口的魔力测定结果被认定为是低等级的魔物。",""
"\n<委托书>多名路过的旅行商人下落不明应该是这个淫魔干的。",""
"\n<委托书>如果有幸存者的话请营救他们。 额外奖励：每位幸存者1000G",""
"\n<委托书>※通常 血药等不列入经费，但对需要救助者使用时，有时会被认定为经费。",""
"\n<穆>唔姆。总之先从轻松的工作开始处理吧。",""
"\n<穆>这个家伙就是那个魔物吧。",""
"\n<露娜>・・・？你是谁？找露娜有什么事吗?？",""
"\n<露娜>啊！难不成\n[8]是那个···庸者大人？对的吧！",""
"哥哥",""
"\n<露娜>大剑，茶色的头发!我知道的喔!和其他的人气场不一样。哇，第一次看到!",""
"\n<穆>没有必要跟她交谈。不要被外表欺骗了。",""
"\n<穆>淫魔是诱惑人堕落吸食精液的卑鄙魔物。早点把它斩了就好了。",""
"\n<露娜>说什么卑鄙真是失礼啊！明明自己也是魔物。",""
"\n<穆>我可不是魔物。我可是圣龙巴哈姆特。不要把我和肮脏的下等生物放在一起。",""
"\n<露娜>嗯。和露娜知道的龙完全不同。又小又弱♥",""
"\n<穆>真是的。凭外表来判断是愚蠢的。又是个无法理解我力量的小东西吗?",""
"\n<露娜>不能根据外观来判断吗?就像魔物的露娜一样呢♥",""
"\n<穆>···",""
"\n<穆>且慢。说不要和魔物说话的是我啊。",""
"\n<穆>那么\n[1]。 虽说是杂鱼，但不要放松警惕。 结束了之后叫我。",""
"\n<露娜>啊嘞？ 小小龙呢？ ・・・? 在剑里？",""
"\n<露娜>嘛没关系。 就剩我们两个了呢！ 勇者大人♥",""
"\n<露娜>要把露娜怎么样呢?莫非是打算用那把剑砍了？",""
"\n<露娜>等！ 等一下！ 真危险...！ 被砍了的话、露娜可是会死的！等等！",""
"\n<露娜>啊，好可怕啊……在露娜被斩之前，先听露娜说几句吧!勇者大人很温柔的对吧?",""
"说出你的遗言吧",""
"恶作剧的话就砍你。",""
"\n<露娜>谢谢♥露娜在死前遇到一个温柔的人真是太好了♥",""
"\n<露娜>呐。听刚才的话，勇者大人是第一次看到淫魔的吧？",""
"\n<露娜>那个， 被淫魔吸取精液是怎么回事···知道吗？",""
"\n<露娜>淫魔的攻击啊，是非常舒服的东西呢♥",""
"\n<露娜>用露娜柔软的舌头舔舐、用又细又滑的手指玩弄肉棒的话，人类就会嗖嗖的把生命力射出来♥",""
"\n<露娜>一开始，都说着像‘讨厌’或者‘不要’，但之后每个人都摆着一张快乐的脸一边说着更多更多一边把精液撒的到处都是♥",""
"\n<露娜>被露娜欺负肉棒非常非常的舒服哟。",""
"\n<露娜>说露娜是怪物或者魔物的人也会一边说着『露娜酱喜欢喜欢♥』一边把精液漏出来。",""
"\n<露娜>也有主动要求的人哦。已经变得怎么样都无所谓了，好想变得更加的舒服这样。",""
"\n<露娜>露娜很温柔，所以答应了他♥舒服是很幸福的。露娜让人类很幸福哟。",""
"\n<露娜>看，露娜不是邪恶的魔物吧?所以不要打架嘛。与其打架，不如做点让人舒服的事情?",""
"\n<露娜>啊!魅惑不起作用···！？",""
"\n<露娜>撒、不愧是勇者大人。那好吧！开始战斗吧！",""
"\n<露娜>露娜也是很强的！哼！比力量的话、是不可能输给人类的！",""
"是否保存？",""
"\n<露娜>让我好好地见识下勇者大人的实力吧。撒、从哪里攻击过来都可以哟！",""
"\n<\n[3]>你认为你能打败露娜吗？ 很好！ 来吧！ 我会把你打得晕头转向的！",""
"\n<\n[3]>哇ー！！！！",""
"\n<露娜>啊啊啊啊!!! 不要啊！ 露娜会死的！！ 太痛了！！已经不要了；；",""
"\n<露娜>（勇者大人也太强了...;;)",""
"\n<露娜>什么都会做的！！勇者大人想要的什么都会做的啦！！",""
"\n<露娜>看，看嘛，露娜已经什么都做不了了。",""
"\n<露娜>给你看我最大的弱点。不会抵抗的。温柔的勇者大人不会攻击投降了的魔物吧？",""
"\n<露娜>放过露娜的话可以随意的使用露娜哟！可以摸露娜的任何地方，给你摸任何地方！",""
"\n<露娜>如果想的话这里也给你用！",""
"\n<露娜>进来的话精子就会不停的射出来非常的舒服哟。看嘛♥吼啦这里♥看嘛看嘛♥",""
"\n<露娜>啊♥勇者大人的肉棒变大了♥像是在说想要进来露娜的这里呢♥",""
"\n<露娜>如果觉得危险的话，随时斩露娜就好了……♥稍微和露娜做点什么吧♥",""
"\C[14]如果只是一点点...",""
"别耍我",""
"\n<露娜>啊哈♥好啊♥来 勇者大人♥用那把大剑来欺负露娜吧♥",""
"\n<\n[3]>啊♥进来了♥怎么样？ 露娜的小穴♥舒服嘛？ 嘻嘻♥",""
"\n<\n[3]>射出来射出来♥勇者大人♥全部注入到露娜的里面♥",""
"\n<\n[1]>哈···\.哈···\.已经、忍不了了···！",""
"\n<\n[1]>啊啊啊啊啊！！\.啊啊啊！",""
"\n<\n[3]>啊哈♥好快~♥那么的舒服嘛？",""
"\n<\n[3]>啊哈，还不能拔出来哟？ 和露娜多做点嘛♥露娜还没有去嘛♥",""
"\n<\n[3]>吼啦♥啪♥的再努力些♥必须消灭坏坏的淫魔♥",""
"\n<\n[3]>啊啊♥又在里面抖来抖去了♥又要射出来了吗？ 诶ー♥又要输给露娜了吗ー？",""
"\n<\n[1]>不，不行了！！\. 已经···出来了···！",""
"\n<\n[1]>啊啊啊啊啊啊啊啊啊啊啊啊！！！！！",""
"\n<\n[3]>啊哈哈哈♥比鲁鲁鲁鲁♥露娜的小穴又把勇者大人打倒啦♥真弱ー♥",""
"\n<\n[3]>呐♥太舒服了腰停不下来了嘛♥可以哟♥就那样抽插下去♥",""
"\n<\n[3]>我想你应该已经注意到了吧，这个是露娜的攻击哟？ 嘻嘻♥",""
"\n<\n[3]>这样一直射下去的话HP就要变成0了哟···勇者大人要怎么办呢？",""
"\n<\n[1]>啊啊・・・\.不行・・・！\.出・・・出来了・・・！！",""
"\n<\n[1]>啊啊啊啊！！！射出来了！！！！！！！！！！",""
"\n<\n[3]>露娜什~么都不知道哟？因为露娜什么都没做嘛。只是勇者大人在随自己喜欢的腰震而已！",""
"\n[n[3]]比露娜强那~么多的勇者大人为了肉棒舒服起来输掉的样子很低劣哟♥",""
"\n<\n[3]>不把腰停下来的话♥HP要变成0了哟♥被露娜的小穴吃掉真的好嘛？",""
"\n<\n[3]>啊哈哈哈♥已经变成笨蛋了！不行呢♥脑袋里只有BiuBiu了呢♥",""
"\n<\n[3]>真是没办法呢♥全部射出来也是可以的哟？ 一边说着露娜酱喜欢喜欢~一边射出来吧♥",""
"\n<\n[1]>不，不行···！！\.射出来了♥♥",""
"\n<\n[1]>啊啊啊啊♥♥♥高潮了♥♥♥♥♥♥♥♥",""
"\n<\n[3]>吼啦射出来♥射出来♥输给露娜小穴的笨蛋勇者♥",""
"唔···啊···意识···要消失了···",""
"\n<\n[3]>啊哈哈哈♥射出来了好多~♥啊~啊。HP没掉了♥",""
"\n<\n[3]>哇~♥露娜把勇者大人打败啦♥怎么办~♥露娜酱最强~♥",""
"\n[1]被吸尽了精液···",""
"\n<魔王>啥？ 我现在很忙的！",""
"\n<助手>是魔法电话。 说是有事要报告给魔王大人。",""
"\n<魔王> 谁啊。在这么难的时候。哈啊...",""
"\n<魔王>嘛听清楚。 如果不是重要的报告我要把它烧成焦炭。",""
"\n<魔王>啊ー喂？ 这里是魔王。",""
"\n<露娜>啊！ 是魔王大人吗？ 我是露娜！",""
"\n<魔王>诶都，哪个露娜？ 把种族和特点说出来。",""
"\n<露娜>诶都，是淫魔的露娜。 金色的头发有着黑色的角...",""
"\n<魔王>啊... 是是。 低级淫魔呢。知道了知道了。",""
"\n<魔王>那么怎么了？非要用魔法电话打过来",""
"\n<露娜>请听我说魔王大人！ 露娜，竟然把那个勇者干掉了！",""
"\n<魔王>・・・哈？",""
"\n<露娜>露娜把勇者干掉了！",""
"\n<魔王>等等等等、不可能的吧。 淫魔对吧？不可能的吧！",""
"\n<露娜>不不不，是真的诶！ 露娜也很惊讶的说，但刚刚把精液吸尽了已经变成干货了。",""
"\n<魔王>不是认错人了吗？ 勇者是那个茶色头发的，拿着很大的大剑的，跟会飞的博美犬一起的那个。",""
"\n<露娜>有博美犬的！",""
"\n<魔王>真的吗？这不老色痞嘛。笑死我了。 啊，稍等一下。",""
"\n<魔王>把那个勇者打倒了。 淫魔的・・・对，露娜。",""
"\n<助手>低级淫魔把勇者...？ 感觉有点不对啊？",""
"\n<魔王>很像真的诶。 勇者像老色痞一样。",""
"\n<助手>哈，真是不知道发生了什么呢。",""
"\n<魔王>像照常准备的那样。 10・・・不，给20公斤吧。恩。 拜托你了。",""
"\n<魔王>啊ー，喂！ 干得好！发给你奖励！ 尽力了呢！",""
"\n<露娜>非，非常感谢♥从魔王大人那里得到奖励♥露娜感激♥",""
"\n<魔王>要发过去了。大米。是奖励。",""
"\n<露娜>诶？",""
"\n<魔王>把大米送过去了，奖励。难不成是面包派？",""
"\n<露娜>不是，那个，是的。 很喜欢米的。 太感谢了，我是米派。",""
"\n<魔王>吃的饱饱的吧。 那么，下次也要努力呢！",""
"\n<露娜> 下・・・次?",""
"\n<魔王>怎么你不知道啊?勇者死了会复活的。这点要知道，是基础信息。",""
"\n<露娜>诶？诶？诶？",""
"\n<魔王>下次会认真的来杀你的，加油吧!那家伙绝对是魔物杀手。真的可怕。",""
"\n<露娜>怎么这样...",""
"\n<魔王>嘛，能打倒一次的话下次也是可以的！那么！有事的话再联系~。",""
"\n<魔王>哈，勇者是老色痞的话。 把淫魔的数量增加一下吧。",""
"\n<露娜>怎么办...",""
"\n<露娜>不，不。 吸取了勇者之力的露娜也稍微变强了！下次···反过来干掉他···",""
"\n<露娜>・・・",""
"\n<露娜>・・・要不要趁现在逃走啊。",""
"\n<露娜>唔ー嗯・・・",""
"\n<露娜>・・・！",""
"\n<露娜>如果能再和勇者大人做些什么的话，也许并不是那么糟糕的事。",""
"\n<露娜>呦ー西，下次也会很多的诱惑你的~♥露娜加油~♥",""
"\n<穆>姆...这是旅馆吗？怎么了\n[1]。 发生了什么。 你没事吧？",""
"诚实地说",""
"遮遮掩掩的说",""
"\n<穆>这样啊...原来如此。唔姆。我也有点轻敌了。",""
"\n<穆>小看了人类的性欲。被煽动性欲是那么难以忍受的事情啊。",""
"\n<穆>从等级下降的结果看来，被吸了相当多的精液啊。被做了什么……还是不问比较好。",""
"\n<穆>不要做出那种表情。既不是责备，也不是嘲笑。我只是担心你。",""
"\n<穆>就算输了，下次赢了就好。我们不就是这样来到这里的吗?只要你重新站起来，我就陪着你。",""
"\n<穆>唔姆。那么洗把脸再来就好了。那样笨蛋一样的脸是不能出现在人前的。",""
"\n<女掌柜>那个・・・勇者大人・・・・・・不，什么都没有。哦吼吼吼！",""
"\n<穆>这么低等级的委托居然失败了，要是被其他的家伙发现的话，作为勇者的名声会受到伤害的。早点收拾吧。",""
"出发",""
"露娜讨伐初回事件",""
"败北场景一览",""
"※露娜初回事件　3种类・接受战前诱惑　・精力0・打倒露娜",""
"※露娜2回目投降　6种类・接受战前诱惑　・精力0（四种敌人攻击）・打倒露娜",""
"\n<露娜>没有骗你嘛♥这是露娜的攻击哟。吼啦，肉棒硬到痛起来，身体很难移动了对吧？",""
"\n<露娜>那么，第二战♥那样硬着真的能打败露娜吗？ 嘻嘻♥",""
"\n[1]太兴奋了无法战斗...",""
"\n<\n[3]>那样硬硬勃起的肉棒能和露娜战斗吗？ 啊哈哈哈♥",""
"\n<\n[3]>吼啦看我的欧派♥啊哈♥勇者大人真是的，脸都红透了♥",""
"\n<\n[3]>有机会♥嗯~啾♥啾♥在战斗中和敌人亲吻了呢♥",""
"\n<\n[3]>舔舔你的脸吧♥舔~・・・♥这样做的话力气就会消失掉了对吧♥不要再战斗了，和露娜做色色的事情吧♥",""
"\n<\n[3]>已经浑身酥软了呢♥完全用不上力了哟？肉棒倒是充满了力量呢♥",""
"\n<\n[3]>刚才还以为露娜会被那把大剑劈成两半呢，但如果是这把剑的话，也许不会太痛呢~♥啊哈哈哈♥",""
"\n[3]胆怯了・・・",""
"\n<\n[3]>啊呜・・・！ 为，为什么要战斗嘛・・・",""
"\n<\n[3]>这，这样的话就听天由命・・・！诶~！！",""
"\n<\n[3]>喔哩啊ー！",""
"\n<\n[3]>这个怎么样・・・！哈・・・哈・・・抓住你了・・・！",""
"\n<\n[3]>呜・・・不要以为可以从露娜的欧派里逃出去・・・！",""
"\C[14]用剑砍露娜",""
"\C[14]推开露娜",""
"\n<\n[3]>不会让你做的哟・・・！在露娜的乳交下射出来吧！吼啦吼啦吼啦！！",""
"\n<\n[1]>射・・・射出来了・・・！啊！啊啊！！",""
"\n<\n[1]>唔哇啊啊啊啊啊啊啊！！！",""
"\n<\n[3]>哈・・・哈・・・♥高潮了・・・！啊哈・・・♥啊哈哈哈哈♥",""
"\n<\n[3]>好危险啊・・・再迟一点露娜就要被干掉了哟・・・",""
"\n<\n[3]>明明就差一点了呢♥唔呼呼♥真遗憾啊~♥",""
"\n<\n[3]>明明再用剑打到一下就能打倒露娜了♥犹豫了呢♥笨ー蛋♥",""
"\n<\n[1]>唔啊啊！\.射了！\.射・・・！！",""
"\n<\n[1]>射出来了！！！！",""
"\n<\n[3]>好的又漏出来了BiuBiu~♥啊哈哈哈♥勇者大人的精液已经把露娜回复好了♥",""
"\n<\n[3]>形势逆转了呢♥这样勇者大人就绝~对赢不了露娜了呢♪",""
"\n<\n[3]>肉棒仅仅是被欧派夹着就不像样的把精子吐出来的杂鱼勇者♥",""
"\n<\n[3]>就这样用露娜的乳交把你榨干哟♥用欧派把生命力全~部吃掉♥吼~啦射出来♥再次输给露娜吧♥",""
"\n<\n[1]>啊啊啊！！ 忍，忍耐不了・・・！",""
"\n<\n[3]>感觉到露娜的欧派带来的快感的时候就已经结束了哟♥嘻嘻♥",""
"\n<\n[3]>变成在射干之前只会一边射的停不下来一边说着啊嘿啊嘿的笨蛋桑了呢♥",""
"\n<\n[3]>笨蛋勇者快输掉吧♥输给魔物的欧派BiuBiu的射精吧♥吼~拉♥吼~拉♥",""
"\n<\n[3]>这是你欺负露娜的惩罚哟♥咕力咕力咕力~♥被乳交升天吧~♥",""
"\n<\n[3]>吼~啦把自己射干吧♥肉棒被露娜的欧派击溃吧♥",""
"\n<\n[1]>呜・・・\.啊啊・・・\.又要・・・！！！！！",""
"\n<\n[1]>啊啊！！啊啊啊！！！\.啊啊啊啊啊！！！",""
"\n<\n[3]>啊哈♥勇者大人的HP变成0了呢♪这样就是露娜的胜利♥露娜把勇者大人打倒了~♪",""
"\n<\n[3]>还想着要不行了结果竟然赢了呢・・・♥果然乳交最强了~！",""
"\n<穆>在遮遮掩掩的说什么呢。 唔姆・・・",""
"\n<穆>明白了明白了。我明白了。觉得羞耻也可以。我也有点轻敌了。",""
"\n<\n[3]>啊嘞？肉棒比库比库的抖动着哟？呐ー呐ー、明明在战斗途中，忍不住要射出精液了吗~？啊哈哈哈！",""
"\n<\n[1]>呜・・・\.啊・・・\.忍耐・・・不了・・・！！",""
"\n<\n[3]>啊~啊♥射出来了呢~♥露娜让你那么兴奋吗？勇者大人真色♥",""
"\n<\n[3]>嗯哼哼♥魅~惑♥啊哈♥刚刚射精完还沉浸在余韵之中所以起效了呢♥这样就不能再反抗露娜了~♥",""
"\n<\n[3]>吼~啦肉棒被脚抓住了哟♥啊哈哈♥足交攻击~♥",""
"\n<\n[3]>欧派也给你杀必死哟♥怎么样~？很大~吧♥更多更多的看然后变得越来越硬吧♥",""
"\n<\n[1]>啊・・・啊啊・・・！！\.已经・・・！！",""
"\n<\n[1]>呜啊啊啊啊啊啊！！！",""
"\n<\n[3]>又射出来♥又射出来了呢♥被杂鱼怪物用足交强迫射精了呢~♥",""
"\n<\n[3]>是在战斗中被敌人用足交强制射出来的丢人勇者大人呢♥",""
"\n<\n[3]>吼~啦怎么样？露娜的攻击很舒服的对吧♥不快点逃出去的话HP要变成0了哟？",""
"\n<\n[3]>露娜的脚很舒服露娜是知道的啦、但是这样一直下去真的好嘛？啊哈哈哈♥",""
"\n<\n[1]>出来了・・・！！\.等等・・・！\.呜啊・・・！",""
"\n<\n[1]>呜！！！！\.啊啊・・・",""
"\n<\n[3]>好~的♥又BiuBiu的射出来了呢♥那个勇者大人在露娜的交下比库比库的抖动兴奋着~♥",""
"\n<\n[3]>呜哩呜哩呜哩呜哩~♥要射到完全空掉哟~♥",""
"\n<\n[3]>被足交把HP搞到0输掉吧~♥用非常羞耻的方法输掉吧~♥",""
"\n<\n[3]>啊哈哈哈啊哈♥输给露娜吧♥输掉了♥输给露娜的玉足吧♥",""
"\n<\n[3]>最后一击了♥杂鱼勇者~♥吃下这招吧~♥啊哈哈哈哈哈哈！",""
"\n<\n[1]>啊啊・・・\.不・・・行・・・！！！\.出・・・出来了・・・！！！！",""
"\n<\n[1]>射出来了！！！！！！！！",""
"\n<\n[3]>Biu噜Biu噜Biu噜噜~♪这样勇者大人就输给足交了呢！游·戏·结·束♥",""
"\n<\n[3]>哈~♥勇者大人的精子把身体搞得黏黏糊糊得了♥这样美味的精液还是第一次・・・♥露娜可能有点干过头了♥",""
"呜・・・身体已经动不了了・・・在这种地方・・・",""
"\n<露娜>咀嚼咀嚼・・・啊、来啦。",""
"\n<露娜>诶ー都・・・吃饭团嘛？",""
"\n<露娜>咀嚼咀嚼・・・仔细看的话不像博美犬呢。",""
"\n<穆>你真的输给了这样的家伙吗？唔姆・・・",""
"\n<穆>不行不行。 太蠢了，我差点没注意到。",""
"\n<穆>不行。不能跟着这家伙的节奏走。不要忘记是敌人",""
"\n<露娜>又消失了。 ・・・? 不要饭团吗？",""
"\n<露娜>呼。真是没办法呢。让露娜再一次把勇者大人干掉吧。",""
"\n<露娜>呐呐勇者大人、一边想着被露娜干掉的场景一边手淫了嘛？呐♥做了对吧。",""
"\n<露娜>怎么样？舒服的要死是什么样的感觉？告诉我告诉我♥",""
"\n<露娜>回到这里不是为了打倒露娜而是为了再和露娜做色色的事情对吧？我知道的哟♥",""
"\n<露娜>这次要怎么输给露娜呢？做爱吗？还是说果然想被欧派夹住？",""
"\n<露娜>会让你的肉棒非常舒服的啦过来吧♥露娜再让你好好的撒娇的哟♥",""
"\n<露娜>当然♥露娜也因为从勇者大人那里吸取的能量变强了不少喔♥",""
"\n<露娜>吼~啦、让你看看欧派吧？再次勃起吧色情勇者♥",""
"\n<露娜>把拉链拉下来啦♥怎么样~？露娜的欧派♥",""
"\n<露娜>把那把大剑扔掉的话~、就用露娜的欧派把那边的肉棒剑夹起来哟？嘻嘻♥",""
"\n<露娜>用欧派的谷间啾的夹紧、左右来回咕啾啾的撸动♥想要这样做呐♥",""
"\n<露娜>吼~啦肉棒来谷间这边~♥过来让露娜的欧派吃掉吧♥",""
"\C[14]无法抗拒诱惑",""
"集中精神",""
"\n<露娜>啊~啊、把剑丢掉了♥那么、决定去往天国了呢♥我开动了~♥",""
"\n<\n[3]>啊~、但是马上就攻击的话就太恐怖了。♥先自己动起来吧♥配合着露娜的动作西口西口的动起来吧？",""
"\n<\n[3]>不好好看到勇者大人为了快感输掉的话露娜安心不下去啊♥",""
"\n<\n[3]>要射了吗？勇者大人♥输给露娜的诱惑把精子射出来？嘻嘻♥",""
"\n<\n[3]>嗯嗯♥熟练地BiuBiu的射出来了呢♥很了不起喔~♥",""
"\n<\n[3]>吼~啦♥小鸡鸡桑抓·住·了♥姑且把诱惑也用上吧。这样就确定是露娜的胜利啦～♪",""
"\n<\n[3]>前端也给你呐媚呐媚的舔~♥被露娜的口水变得湿湿黏黏的吧~♥舔♥",""
"\n<\n[3]>啊哈♥勇者大人的肉棒好咸~♥有很多的汗在上面吗？嘻嘻♥",""
"\n<\n[1]>不、不要・・・！\.已经要出来了・・・！",""
"\n<\n[1]>出来了♥♥♥",""
"\n<\n[3]>好多~♥弱弱小鸡鸡♥一点都忍耐不了呢~！",""
"\n<\n[3]>那边更舒服呢~？是这个被欧派紧紧包裹住的肉棒、还是被来回舔舐的前端、哪边~？",""
"露娜的欧派很暖和对吧~。只是被包住热量就传到肉棒上了哟~♥",""
"\n<\n[3]>要被融化了一样对吧。这样继续的咕啾的融化到消失吧♥",""
"\n<\n[1]>去・・・\.了・・・♥",""
"\n<\n[1]>呜哇啊啊啊啊啊啊啊♥♥♥",""
"\n<\n[3]>可以哟~融化到消失吧♥露娜会把你全部吸取吃掉的♥",""
"\n<\n[3]>把融化掉的软绵绵的勇者啾噜噜噜~的吸光光♥",""
"\n<\n[3]>舔舔舔舔舔♥欧派也啾的夹紧♥",""
"\n<\n[3]>差不多全部都要射出来了呢♥那么，死去吧♥",""
"\n<\n[3]>吼~啦死在露娜的乳交口交之下吧~♥快死♥快死♥快死掉吧~♥笨ーーーー蛋♥",""
"\n<\n[1]>啊啊啊♥根、根本无法忍耐呜呜呜・・・♥♥",""
"\n<\n[1]>射出来了呜呜呜♥♥♥♥♥♥",""
"\n<\n[3]>勇者大人对诱惑很弱真是帮露娜大忙了。诶嘿嘿♥这样露娜的力量又要变强了吧~？",""
"\n<\n[3]>复活了的话要再来呢♥不论几次露娜都会用欧派把你杀掉呢♥啊哈哈哈♥",""
"不是死掉的时候！",""
"\n<穆>可能需要休息一下。今天要好好休息吗?",""
"\C[26]今天就休息吧",""
"没事的",""
"\n<穆>不要勉强自己。 心灵的疲劳比身体疲劳更要命。",""
"\n<穆>唔姆。 休息是工作的一部分。 那么明天让我们来一起大干一场吧。",""
"\n<女掌柜>勇者大人・・・你在休息吗？",""
"\n<女掌柜>这样的时间真是对不起。但是有想向勇者大人确认的事・・・",""
"\n<女掌柜>・・・可能会有点难为情・・・那个・・・",""
"\n<女掌柜>勇者大人输给了淫魔是真的吗？",""
"为什么那么说？",""
"你，你在说什么？",""
"\n<女掌柜>嗯・・・那张脸是在说谎的脸。勇者大人是坦率的人呢。",""
"\n<女掌柜>我不是在责怪你。我只是・・・担心勇者大人・・・",""
"\n<女掌柜>我在想，有没有什么我能帮得上忙的・・・",""
"\n<女掌柜>唔呼呼♥",""
"<女掌柜>啊啦♥已经这么・・・♥呜呼呼♥真是辛苦呢♥",""
"\n<女掌柜>稍微触碰一下就变成这样的话，还会被淫魔干掉喔?",""
"\n<女掌柜>我认为勇者大人有必要对性进行学习。必须习惯女人的身体。",""
"\n<女掌柜>如果我可以的话……可以帮勇者大人对快感产生耐性吗?",""
"\n<女掌柜>吼啦 ♥一起学习... 吧？勇者大人♥",""
"\C[14]拜托你了",""
"拒绝",""
"\n<女掌柜>呜呼呼♥我知道了♥那我们就多多学习吧♥可爱的勇者大人♥",""
"\n<\n[3]>要好好的忍耐喔勇者大人♥哧哧♥",""
"\n<\n[3]>勇者大人的硬硬的东西碰到我的那里了・・・♥吼啦・・・要好好看着喔？",""
"\n<\n[3]>呼吸开始慌乱了吗？不可以兴奋♥请冷静的呼吸♥",""
"\n<\n[3]>啊啦啊啦・・・已经忍耐不下去了吗？",""
"\n<\n[3]>射精是不可以的喔。因为这是在训练嘛。哧哧♥",""
"\n<\n[3]>不论多想射精都要忍耐。像平常一样保持冷静♥",""
"\n<\n[3]>对着淫魔这样的对手射精的话生命力会被吸走喔。已经用身体体验过了对吧？",""
"\n<\n[3]>不想再那么悲惨的话要好好忍耐不要漏精喔。就算是被这么做了也是♥",""
"\n<\n[3]>不~行♥停下来♥哧哧♥要忍耐喔♥",""
"\n<\n[3]>整理呼吸・・・吸气・・・呼气・・・♥吼啦、想想其他的东西冷静下来？",""
"\n<\n[3]>不要去想舒服的东西♥不可以思考射精之类的东西哟？",""
"\n<\n[3]>比如说这双大腿合拢把肉棒夹住・・・什么的绝对不能想呢♥",""
"\n<\n[3]>啊啦啊啦、又快要射了。刚刚想象了对吧？哧哧♥",""
"\n<\n[3]>不可以的哟？不论什么时候都不能输给诱惑。因为你是勇者大人♥",""
"\n<\n[3]>撒、让我们试试吧♥勇者大人・・・",""
"\n<\n[3]>想要就这样被我的大腿噗啾的击溃把精液BiuBiu的吐出来吗？",""
"\C[14]想要被夹住",""
"忍耐",""
"\n<\n[3]>啊啦♥还没有堕落吗？勇者大人真棒♥那样快哭出来的脸，怎么会那么可爱?♥",""
"\n<\n[3]>非常的可爱所以给你奖励♥很好的努力到现在了呢♥了不起♥了不起♥哧哧♥",""
"\n<\n[1]>啊！啊啊啊啊啊・・・！！要来了・・・！！！\.啊啊！！",""
"\n<\n[1]>射出来了！！！！！！！！！！！",""
"\n<\n[3]>呜呼呼♥以吓人的气势射出来了呢♥啊哈哈哈♥真年轻啊♥吼~啦♥更多的射出来吧♥",""
"\n<\n[3]>啊啦、晕倒了呢♥真是厉害呢♥好可爱♥啊哈哈哈哈♥",""
"\n<女掌柜>听得到嘛~？勇者大人？没事吧？",""
"\n<女掌柜>有帮上你的忙吗？如果有的话・・・训练、一起做吧♥呜呼呼♥",""
"\n<穆>牟？感觉有点憔悴啊、好像没有消除疲劳的样子・・・好好地睡觉了吧？睡觉是很重要的喔。",""
"\n<穆>适当的偷懒也是必要的。今天不去退治魔物了好好休息吗?",""
"\C[26]放松放松吧",""
"\C[26]女掌柜事件初回",""
"去退治魔物",""
"\n<穆>唔姆。那么出发吧。",""
"\n<女掌柜>果然・・・是这样啊。我偶然在房间外面听到了对话。",""
"\n<女掌柜>对的！就是这个样子勇者大人♥就算被诱惑了也要有冷静判断的能力♥为了掌握那个的训练♥",""
"\n<女掌柜>那么训练要继续了哟？抵抗性欲的力量、要好好学习喔♥",""
"\n<\n[1]>哈・・・哈・・・\.啊啊啊・・・！！",""
"\n<\n[1]>已经・・・\.忍・・・忍耐不了了・・・！！",""
"\n<\n[3]>啊啦啊啦啊啦♥嘛♥勇者大人真是没用呢♥我要是淫魔的话该怎么办♥",""
"\n<\n[3]>好吧那么就・\.・\.・\.\C[10]把・你・给・榨・到・死♥",""
"\n<\n[1]>呜・・・\.啊・・・・！！！！\.已经・・・不要・・・！！！！",""
"\n<\n[1]>咕！！！！啊""啊""啊啊啊啊啊啊啊啊啊啊！！！！！",""
"\n<穆>那么去吃点什么好吃的东西吗吧",""
"\n<女掌柜>撒勇者大人♥今天也是特别训练喔♥好好努力吧♥哧哧♥",""
"训练1",""
"训练2",""
"训练3",""
"• 先完成培训 1",""
"• 请先完成培训 2",""
"\n<\n[3]>秘密训练♥开始了呢♥呜呼呼♥",""
"\n<\n[3]>想要射精了嘛？勇者大人。但是・・・",""
"\n<\n[3]>不会让你射精的。因为这可是训练。",""
"\n<\n[3]>难不成觉得还会像上次一样用大腿BiuBiu的射出来吗？ 哧♥",""
"\n<\n[3]>不行的哟勇者大人。上回是因为勇者大人的脸太可爱了才给的服务喔・・・",""
"\n<\n[3]>还没有到训练射精的程度喔♥我的意思，明白吗？",""
"\n<\n[3]>不能随意的去喔。吼啦冷静点♥不能射出来♥",""
"\n<\n[3]>呐勇者大人・・・无论如何都想射精吗？",""
"\n<\n[3]>如果是的话・・・可以给我点小费吗？",""
"\n<\n[3]>我不是太想说出口但是因为没有从勇者那里拿到住宿费，所以经营有点困难。",""
"\n<\n[3]>如果给的话可以用这个小穴把勇者大人的精液给榨出来・・・怎么办呢？",""
"\n<\n[3]>想要插进来？呐、勇者大人♥我的里面很舒服哟♥",""
"\n<\n[3]>湿湿的暖暖的又紧紧的・・・大多数人一进去就结束了♥",""
"\n<\n[3]>我也想要给这根硬硬的勇者肉棒・・・爱抚啊・・・♥勇者大人・・・♥",""
"\C[14]支付 1000G",""
"\n<\n[3]>啊啦太棒了♥有好好记得训练的事呢♥抵抗住了诱惑真不愧是勇者大人呢♥",""
"\n<\n[3]>但是真的可以吗。就这样在早上到来之前一直擦付着维持着寸止状态哟？",""
"\n<\n[3]>变得愉悦起来吧。♥吼啦♥我的小穴也在说想吃呢♥呐・・・♥要怎么样呢勇者大人♥",""
"\n<\n[3]>啊哈♥非常感谢♥那么马上就让你升天呢♥",""
"\n<\n[3]>吼啦・・・要吃掉了哟♥唔呼呼呼呼♥",""
"\n<\n[1]>啊啊啊啊！！\.出来了！！\.呜啊啊！！！",""
"\n<\n[1]>射出来了！！！！！！！！！",""
"\n<\n[3]>果然已经到界限了呢♥啊哈哈♥腰还在比库比库的跳动呢♥这么胡闹会被其他客人发现的喔♥",""
"\n<\n[3]>已经全部都射出来了吗？又输给诱惑了呢♥哧哧♥",""
"\n<\n[3]>这回是直接忍耐快乐的训练♥吼啦♥已经把衣服脱掉了♥要好好的看着兴奋起来喔♥",""
"\n<\n[3]>请不要简单地就射精喔♥我也想享受下乐趣♥啊哈♥",""
"\n<\n[3]>啊啦啊啦勇者大人怎么了？已经漏出来了吗？真是丢脸呢♥哧哧♥",""
"\n<\n[1]>咕・・・！\.啊・・・！！出・・・来・・・！",""
"\n<\n[3]>当然射精是不允许的♥啊哈♥一副痛苦的表情♥",""
"\n<\n[3]>这是抵抗诱惑的训练喔？为了忍受快乐而做的。",""
"\n<\n[3]>射精什么的是不可以的呢？勇者大人♥",""
"\n<\n[3]>住宿和训练都是免费的。请不要浪费我的好意呢♥",""
"\n<\n[3]>非常遗憾呢，射精是在好意之外的♥因为是这是为了打倒淫魔才做的对吧？",""
"\n<\n[3]>但是如果勇者大人输给了快感把钱交给我的话・・・可能会『搞错』寸止的力度呢♥",""
"\n<\n[3]>还可能会『几次几次』的用大腿榨取呢♥",""
"\n<\n[3]>勇者大人不会屈服于诱惑把钱交给我的吧？呐勇者大人♥毕竟贡了钱就会射出来呢♥",""
"\C[14]贡出 3000G",""
"不付钱",""
"\n<\n[3]>・・・骗人的吧。那么今天就先到这里。辛苦了。",""
"\n<\n[3]>什么那个表情。想要射精吗？啊啦确实。但是我已经很疲惫了。对不起♥",""
"\n<\n[3]>那么下次要怎么办已经知道了吧？呜呼呼♥做好准备的时候・・・♥",""
"\n<\n[3]>啊啦？这钱是怎么回事啊。想要射精什么的，不会在想这个的对吧。呐♥呐♥",""
"\n<\n[1]>呜啊啊・・・\.帮・・・\.帮帮我・・・！！！！！",""
"\n<\n[1]>呜""哈！！！！\.啊啊啊・・・！！！！！！",""
"\n<\n[3]>哦哟这可不行啊♥很快的在腰震了呢♥明明不打算射精的♥",""
"\n<\n[1]>啊啊啊！！！\.不要・・・！！！！啊啊啊啊！！！",""
"\n<\n[3]>忍耐不了的勇者大人被软软弹弹的大腿榨取了♥对不起呢♥",""
"\n<\n[1]>嗯！！！！！！啊啊啊啊・・・・！！！！！！！",""
"\n<\n[3]>啊嘞~？真奇怪呢♥哧哧♥明明想着要好好寸止的♥结果又让你射出来了呢♥",""
"\n<\n[1]>不、不要啊・・・！！！！\.又要・・・！！！啊・・・！！！！",""
"\n<\n[3]>怎么样动才能让勇者大人不射出来呢♥唔~嗯、像这样嘛？",""
"\n<\n[3]>咕啾的很厉害的声音♥可能这次又错了呢♥啊哈哈哈哈♥",""
"\n<\n[1]>呜啊啊・・・！\.射・・・\.了・・・ッ！！！！啊啊啊・・・！！！",""
"\n<\n[3]>啊啦我都做了些什么♥把勇者大人榨到昏迷了呢♥我都做了些什么啊♥",""
"\n<\n[3]>呜呼呼♥真是个率真的好孩子啊・・・♥勇者大人♥我会更多更多的榨取你的♥啊哈哈哈♥",""
"\n<\n[3]>为了不让勇者大人过于简单的就射精这次要追加一个规则喔♥",""
"\n<\n[3]>每次射精都要贡出支付5000G。只是这样♥",""
"\n<\n[3]>那么我也要认真起来了♥要脱了我♥",""
"\n<\n[3]>吼啦♥请看着欧派兴奋起来吧♥那样的话立马就会要漏出精液了哟♥啊哈哈♥",""
"\n<\n[3]>吼啦♥射出来吧♥反正忍耐不了的对吧？吼啦！吼~啦！",""
"\n<\n[3]>啊啦啊啦♥就这样射精了呢♥训练的成果一点也没有呢♥哧哧♥",""
"\n<\n[3]>才刚刚开始哟♥更多的咕啾咕啾的把你夹溃把♥",""
"\n<\n[3]>如果习惯了快感的话说不定能稍微忍耐呢♥还可能治好勇者大人的早漏♥",""
"\n<\n[3]>还是说肉棒会坏掉变成笨蛋呢♥啊哈哈♥ねぇ♥哪种呢？会变成大笨蛋桑吗？",""
"\n<\n[3]>啊啦・・・♥射出来了很多呢♥刚刚才射过呢♥",""
"\n<\n[3]>两回射精还没有完哟？还要在射出来呢？勇者大人。",""
"\n<\n[3]>全部射到空连性欲都没有了可能就能胜过淫魔了呢♥",""
"\n<\n[3]>那样的话一生都无法赢过我的大腿了呢♥呜呼呼♥啊哈哈哈哈♥",""
"\n<\n[1]>啊啊！！\出来了！！\.唔啊啊！！！",""
"\n<\n[3]>吼~啦又射出来了♥勇者肉棒又输掉了♥啊哈哈♥舒服吗？呐♥那么的舒服可以嘛♥",""
"\n<\n[3]>还记得吗？一次射精是5000G哟？有好好带着钱吗？勇者大人。",""
"\n<\n[3]>要拯救世界的勇者大人在这种地方被榨取了精液和金钱真的可以吗？",""
"\n<\n[3]>输给了性欲♥被只是一般人的我♥夺走了重要的东西真的可以吗？呜呼呼♥",""
"\n<\n[3]>可以的哟勇者大人♥非常可爱的脸♥再更多的折磨你♥",""
"\n<\n[3]>吼~啦♥把你的全部都贡献给我吧♥啊哈哈哈哈！！！！",""
"\n<\n[3]>啊啦啊啦已经到极限了吗？真是没有耐性的勇者大人呢♥哧♥被大腿一方面的玩弄到最后什么的♥",""
"\n<\n[3]>那么钱就从钱包里拿走了喔♥不够的话有多少都可以♥那么请好好休息。晚安♥勇者大人♥",""
"失去了20000G・・・",""
"\n<穆>穆？喂\n[1]・・・你在哪浪费掉了吗？身上的钱・・・掉到哪了吗？",""
"\n<穆>唔姆・・・去找一份工作把。就算旅馆是免费的・・・",""
"\n<穆>嗯・・・没有比免费更贵的东西吗? ・・・?",""
"\n<露娜>呼~嗯。那样一边留着先走液一边和露娜战斗。能忍到什么时候呢?",""
"\n<露娜>露娜也不能输的嘛。更多更多的把你榨到升天!",""
"\n<\n[3]>啊呜呜・・・！等等・・・！我投降了！饶过我吧～・・・！",""
"\n<\n[3]>我明白了！已经分出胜负了！这么努力用露娜的脚舒服的奖励自己一下吧！怎么样？",""
"\n<\n[3]>用这双因为战斗出了很多汗的脚给你西口西口的撸！呐！绝对很舒服的哟！",""
"\n<\n[3]>做吧♥做足交吧♥用奖励的足交BiuBiu的射出来吧♥",""
"\C[14]想要被足交",""
"最后一击",""
"\n<\n[3]>呼・・・呼・・・好・・・♥",""
"\n<\n[3]>咕哩咕哩・・・♥一直在抖动很辛苦呢・・・！现在露娜给你最后一击・・・♥",""
"\n<\n[1]>呜啊・・・\.不、不行了・・・！",""
"\n<\n[1]>啊呜！啊啊啊！！啊啊啊啊啊啊！！",""
"\n<\n[3]>就那么想要被足交嘛？勇者大人是抖M嘛♥库嘻嘻♥",""
"\n<\n[3]>要是打倒露娜的话就不能被足交了呢♥真是没办法呢♥啊哈哈哈哈！",""
"\n<\n[3]>假装拼命的在战斗！其实是在想今天要怎么输给露娜对吧？",""
"\n<\n[3]>吼~啦很舒服对吧♥把露娜的汗擦到勇者大人的肉棒上~♥",""
"\n<\n[3]>咕哩~咕哩~♥色痞勇者～♥刚才就一直在瞄着小穴看的变态勇者~♥",""
"\n<\n[3]>注意到了吗～？下次再射出来就结束了哟～？又被露娜榨到空空的了哟～？啊哈哈♥",""
"\n<\n[3]>吼~啦快去死吧~♥被足底玩弄的全部射出来～♥啊哈哈哈哈♥",""
"\n<\n[3]>快去吧受虐勇者♥被露娜的玉足BiuBiu的弄到升天吧♥♥♥笨~蛋♥",""
"\n<\n[1]>哈・・・\.哈・・・\.又要出来了・・・！！！啊啊啊啊啊！！！",""
"\n<\n[3]>啊～啊。已经干枯掉了！露娜还想再踩一踩呢♥勇者大人立马就死掉了！",""
"\n<\n[3]>复活以后要好好想着刚刚的事情自慰哟♥嘻嘻♥那么、拜拜~♥",""
"\n<\n[3]>哇哇哇哇哇・・・！已经・・・不行・・・！",""
"\n<？？？>危险！！！",""
"\n<商人>咕哇啊啊啊・・・！！！",""
"\n<露娜>大，大叔・・・！？",""
"\n<商人>勇、勇者大人・・・请不要・・・杀露娜酱・・・拜托了・・・",""
"\n<商人>她是个・・・好孩子・・・拜托・・・了・・・咕呼。",""
"怎么会・・・人・・・我斩了人・・・",""
"\n<穆>怎么了\n[1]・・・！这、这是・・・？",""
"\n<露娜>大叔・・・保护露娜・・・为什么・・・！",""
"\n<露娜>大・・・\{大叔！！！",""
"\n<穆>喂。别继续这场闹剧了。你，还活着呢。",""
"\n<商人>・・・",""
"\n<商人>但是露娜真的是个好孩子。请你们放过她吧。",""
"\n<穆>这家伙……连血浆都用了。",""
"\n<商人>露娜没有杀任何人。 其他人都还活着。 所以，可以原谅她吗？",""
"\n<商人B>那边的东西是啥？我的桂鱼啊。",""
"\n<商人C>是普通的海带。",""
"\n<商人>其实什么时候都可以回去的・・・一不小心・・・舒服过头了・・・",""
"\n<穆>什么啊・・・？你没有杀过人啊？",""
"\n<露娜>欸？ 因为死了的话就只能吸一次精液・・・挺可怜的嘛",""
"\n<露娜>而且非常恶心哟。露娜绝对不要处理尸体。",""
"\n<穆>但是\n[1]不就被・・・！",""
"\n<露娜>那是因为那边想杀我的啊！露娜也不想死啊！一开始我也不想把他吸干的！",""
"\n<商人>嘛嘛、这是好好地解决了嘛、这次就看在我的面子上。",""
"\n<穆>你又是谁？",""
"\n<露娜>知道了。露娜再也不会勉强从人身上夺走精华了。对不起。杀了勇者大人也对不起。",""
"\n<露娜>而且，露娜的确是魔物。因为是敌人，如果被斩的话，那也是没办法的事。",""
"\n<露娜>谢谢。大叔，还活着真是太好了。已经可以了。露娜输了，所以。・・・让开吧。",""
"\n<商人>露，露娜酱・・・",""
"\n<穆>・・・（\n[1]认真的话这个商人的身体应该会被劈成两半。 )",""
"\n<穆>・・・（而且・・・）",""
"\n<穆>.哈・・・真是的。不善于交际啊。",""
"\n<穆>委托就此结束了。要把商人们带回去吗?",""
"\n<露娜>欸 ？欸？",""
"\n<露娜>不杀死・・・可以吗？露娜，是魔物。",""
"就这么想要被砍吗？",""
"连大叔一起砍",""
"只砍大叔",""
"\n<露娜>不要・・・",""
"\n<穆>对了，我有件事想问你。露娜，你知道魔王的住处吗?",""
"\n<露娜>不・・・不知道。但是，有说过话。",""
"\n<露娜>而且，如果知道了也告诉了的话露娜会成为叛徒……那样的话……一定会发生恐怖的事情。",""
"\n<露娜>那样的话不如现在就被勇者大人斩了…所以…",""
"\n<穆>唔姆。果然低级淫魔不会知道啊。",""
"\n<穆>那么，就老实点吧。再做坏事的话，下次一定会像葱一样剁碎。知道了吗?",""
"\n<露娜>・・・呜嗯。知道了。露娜不会再袭击人了。约定。",""
"\n<商人>一件事尘埃落定，是吧。那我们回去吧。",""
"\n<穆>算账吧。",""
"\n<露娜>（勇者大人・・・）",""
"\n<穆>讨伐报酬是1000G和救出笨蛋们3000G。一共是4000G啊。",""
"\n<穆>讨伐完成的证据也没有特别提出……不过没有人会怀疑勇者说的话。",""
"\n<穆>那么，去看一下其他的委托吧。下次要是是正经的敌人就好了。",""
"\n<女掌柜>小心些哦。一路走好勇者♥呜呼呼♥",""
"\n<女掌柜>小声的说（下次想怎么被榨取呢？要好好把钱准备好喔♥呜呼呼♥）",""
"\n<穆>・・・？悄悄话好狡猾啊。也让我听听嘛。",""
"\n<女掌柜>今晚的『菜单』的事♥不知道比较好吧?可以好好的期待。",""
"\n<穆>唔姆。那个确实还是不知道比较好。我超期待的。",""
"\n<委托书>讨伐魅魔 危险度★★☆☆☆ 报酬7000G+α",""
"\n<委托书>是从魅魔手里逃出来的冒险者的委托。好像已经有几人牺牲了。",""
"\n<委托书>从情况来看，希望渺小，但如果您有幸存者，请营救他们。 额外奖励：每位幸存者 5000G",""
"\n<穆>又是淫魔嘛。 风险不高的委托啊・・・",""
"\n<穆>可能还有幸存者。 最好动作快些。 下一个不会像露娜那样松散。",""
"\n<商人>为什么这么说？",""
"\n<\n[3]>扭噜扭噜的把你缠住！你绝~对逃不掉的！撒！来决出胜负吧♥",""
"\n<\n[3]>光是看着露娜的身体就变大了呢♥之前的事情，小鸡鸡有好~好地记住呢♥啊哈哈♥",""
"\n<\n[3]>哈呜・・・真是有活力呢！！不要攻击我啊！",""
"\n<露娜>呼欸欸！！不要・・・！！至少放过大叔！！",""
"\n<商人>为啥连我都要砍啊！",""
"\>请选择敌人的行动编号。\>\n[14]\>\n[15]",""
"0:看胸 1:亲吻 2:舔脸 3:看小穴",""
"\n<\n[3]>啊嘞~？想要让小鸡鸡舒服起来吗？啊哈♥勇者大人也是人类呢~♥",""
"\n<\n[3]>啊哈♥一直盯着欧派呢♥想要被夹住吗？欸♥♥",""
"\n<\n[3]>呜哇♥被夹住的瞬间就射出来了呢♥就那么想要被乳交吗？说话呀~♥",""
"\n<\n[3]>咕~啾咕~啾♥这样如~何？来回哫哩哫哩~♥",""
"\n<\n[3]>啊啊♥っ的可爱的声音漏出来了哟~？",""
"\n<\n[3]>吼~啦吼~啦♥要用欧派攻击小鸡鸡了哟♥呜哩呜哩呜哩呜哩♥",""
"\n<\n[1]>哦・・・\.是的・・・\.哦・・・是的・・・我的天！・・・哦！！",""
"\n<\n[1]>出来了呜啊啊啊啊！！！！",""
"\n<\n[3]>好~的BiuBiuBiu~♥好厉~害！飞出来了好多~♥",""
"\n<\n[3]>还要再快一点嘛~♥勇者大人的小鸡鸡坏掉的程度♥",""
"\n<\n[3]>咕啾~啾~啾~♥这样子怎~么样♥快输掉快输掉♥",""
"\n<\n[3]>输给露娜的欧派吧♥杂鱼勇者♥杂~鱼♥杂~鱼♥",""
"\n<\n[1]>呀啊啊啊啊啊啊啊啊啊！！！",""
"\n<\n[3]>还没到停下来的时候哟~♥因为勇者大人是露娜的敌人嘛~♥",""
"\n<\n[3]>是勇者大人的错喔？明明露娜不想战斗的说。",""
"\n<\n[3]>就算被乳交榨精把HP搞到0、也全部是勇者大人的责任♥",""
"\n<\n[3]>要把勇者大人的力量很多很多的榨取到没办法欺负露娜的样子喔♥",""
"\n<\n[3]>快去♥快去♥射精吧♥输给乳交吧♥杂~鱼♥",""
"\n<\n[1]>啊啊・・・！\.去・・・\.了・・・！！！不要！！不要啊啊啊！！！",""
"\n<\n[3]>好~的辛苦啦~♥不要再来欺负露娜了哟♥嘻嘻♥",""
"\n<\n[3]>来做色色的事情的话露娜倒是大欢迎哟♥还想要被这样的话就光着手来这里喔♥啊哈哈♥",""
"\n<\n[3]>啊嘞？只是啾的挤了一下哟？小鸡鸡在比库比库的抖动着了喔？要咻的一下射出来了吗？",""
"\n<\n[3]>啊~啊♥射出来了♥露娜啾的胸押、就那么让你兴奋嘛？",""
"\n<\n[3]>真是可爱的勇者大人呢♥更多更多的给你啾啾的挤哟♥啾~♥",""
"\n<\n[3]>被魔物啾~很舒服呢♥吼啦♥看着露娜♥",""
"\n<\n[3]>要啾~的把勇者大人的力量吸走了哟？明明不逃不行呢♥嘻嘻♥",""
"\n<\n[1]>嗯啊啊啊！！！！\.啊啊・・・",""
"\n<\n[3]>嗯~？又BiuBiu的射出来了吗？喜欢被露娜啾啾的挤吗？啾♥",""
"\n<\n[3]>要融化掉了的表情呢、真逊呢、那个可是露娜的攻击哟？",""
"\n<\n[3]>露娜既没有魔力，也没有攻击力，即使打到了勇者大人也不会给勇者大人造成伤害・・・",""
"\n<\n[3]>像这样让你舒服的把精子的生命力都榨出来♥吼~啦、又要受到伤害了哟♥嘻嘻♥啾~♥",""
"\n<\n[3]>好好吃~♥果然勇者大人的力量跟其他的人类完全不一样！露娜变得越来越强了♪",""
"\n<\n[3]>勇者大人的腿在抖动着呢~♥已经连逃跑的力量都没有了呢♥啾♥啾♥",""
"\n<\n[3]>在这种地方被魔物啾的挤押输掉了很羞耻呢♥",""
"\n<\n[3]>被敌人啾的一挤就融化掉的变・态・勇・者・大・人♥",""
"\n<\n[3]>吼~啦把全~部都交给露娜吧♥露娜会用嘴把勇者大人全部吃掉的♥啾噜噜噜噜~♥",""
"\n<\n[1]>太舒服了啊・・・♥\.要去了・・・！嗯喵啊啊・・・♥♥",""
"\n<\n[1]>呀啊！！！！\.啊""啊""啊！！！啊""啊""啊""啊啊啊♥♥♥♥",""
"\n<\n[3]>吞・・・吞・・・♥勇者大人的能量出来了很多呢♥啊哈♥",""
"\n<\n[3]>能被露娜很多很多的啾~的挤押真是太好了呢♥勇者大人♥嗯~・・・啾♥",""
"\n<\n[3]>已经忍耐不了了对吧？插进来吧？吼~啦、快进到这里面来嘛~♥",""
"\n<\n[1]>啊啊！啊啊啊・・・！！去了・・・！\.啊啊啊！！",""
"\n<\n[3]>啊嘞？射出来了吗？明明露娜只是给你看了看小穴的说♥嘻嘻♥",""
"\n<\n[3]>怎~么样？痛快吗？啊哈哈哈♥射了很多出来呢♥",""
"\n<\n[3]>但是小鸡鸡还在比库比库的抖动着呢哟？果然还能在里面BiuBiu的射出来呢？",""
"\n<\n[3]>一直在死死地盯着露娜的小穴呢？啊哈哈♥就那么想要做爱吗？",""
"\n<\n[1]>不、不行・・・！\.已经・・・出来了・・・！",""
"\n<\n[3]>啊哈哈哈♥Biu噜噜噜~♥又只是看着就去了呢♥真~是没办法呢♥",""
"\n<\n[3]>吼~啦♥魅~惑♥是命令哟。来舔露娜的小穴！",""
"\n<\n[3]>啊哈哈♥魅~惑对勇者大人也有效了呢♥",""
"明明那么强那么帅♥现在却在露娜的下面像汪酱一样舔舐着小穴呢♥啊哈哈哈哈！",""
"\n<\n[1]>哈・・・哈・・・\.啊啊啊啊・・・♥",""
"\n<\n[1]>啊呜♥啊啊啊♥♥啊啊啊啊啊啊♥♥",""
"\n<\n[3]>好吃吗？勇者大人？露娜的小穴美味吗？呐呐♥",""
"\n<\n[3]>很兴~奋对吧。那么近的闻着淫魔小穴的味道脑袋会变得奇怪的哟？",""
"\n<\n[3]>只是闻着味道精液就BiuBiu的停不下来了呢♥",""
"\n<\n[3]>可以嘛？又要输掉了哟？露娜碰都没有碰到小鸡鸡就要自己输掉了吗？嘻嘻♥",""
"\n<\n[3]>吼~啦再让你贴近点哟♥鼻子要进到小穴里面了哟♥呜哩呜哩~♥",""
"\n<\n[1]>要出来了・・・！！\.等等・・・！\.等等啊・・・♥♥♥",""
"\n<\n[1]>啊""啊""啊""啊！！！出""来了！！！！！！！！！！",""
"\n<\n[3]>啊哈哈哈♥已经要不行了？啊~啊、勇者大人又输掉了呢！",""
"\n<\n[3]>还想再闻露娜的味道的话就再回来哟♥露娜等着你哟♥嘻♥",""
"\n<穆>・・・呼姆。是被魅魔吸干的人类尸体。真可悲啊。这样子我们连是谁都无法判断了。",""
"\n<穆>有迹象。可能马上就会开打了喔。快准备好\n[1]。",""
"\n<穆>不要对轻易杀人的魔物手下留情。虽然看起来很接近人，但不要忘记他们只是怪物。",""
"\n<青年>啊啊啊・・・！不要・・・！啊呜・・・！已经・・・射不出来了・・・",""
"\n<魅魔>啾噜♥啾♥啊啦？已经射不出来了吗？净说谎♥刚才不是也这么说了结果还是射精了吗?♥",""
"\n<青年>呜・・・啊・・・再来的话・・・啊啊啊！真的要・・・死・・・了・・・",""
"\n<魅魔>唔呼呼♥意识到了吗？对喔。啾噜♥再射出来的话就要死了喔♥",""
"\n<魅魔>但是很舒服所以无所谓嘛。喜欢舒服的事情对吧？嘻嘻♥明明不想被吃掉的话把肉棒变小变软就可以了♥",""
"\C[14]再观望一会",""
"去帮忙",""
"\n<青年>啊啊！不・・・不要・・・啊・・・！我不想死・・・！啊啊！！",""
"\n<魅魔>就那么不想死吗？嘻♥那在等到人来帮你之前要忍住呢？舔♥啾♥啾噜♥",""
"\n<青年>咕・・・！啊啊・・・！库・・・！哈・・・哈・・・",""
"\n<魅魔>啊哈♥在努力呢在努力呢♥对哟。要好好忍耐呢。因为是最后一回了呢。想要再多享受一下对吧？",""
"\n<魅魔>吼~啦♥这样的怎~么样？给你呸咯呸咯的舔裏筋喔♥啾噜♥把口水全都涂到上面喔♥啊哈♥",""
"\n<青年>啊呜・・・！好・・・好舒服・・・咕・・・呜・・・！这样的・・・啊啊・・・！！",""
"\n<青年>谁・・・谁来救・・・！啊啊！啊啊！！",""
"\C[14]・・・",""
"\n<魅魔>啊~啊、已经不行了呢♥残念♥好像没有人来救你呢♥可怜呢♥",""
"\n<魅魔>吼啦看啊♥勇者大人的小鸡鸡也变大了呢♥只是看到你在被吃掉呢♥",""
"\n<青年>欸？勇者大人・・・为、为什么・・・！啊啊！啊啊啊啊！不行・・・！要出来了・・・！！！",""
"\n<魅魔>可以哟射出来吧♥啾噜噜♥用嘴把你杀死喔♥啾呜呜♥",""
"\n<青年>啊啊！啊啊啊啊！出来了！！出来了！！！",""
"\n<青年>啊啊啊啊啊啊啊啊啊啊啊啊啊啊啊啊啊！！！！",""
"\n<魅魔>嗯♥嗯♥啊哈♥美味♥吞♥吞♥",""
"\n<魅魔>やっぱり果然死掉的时候的精液最没味了♥嗯呼呼♥啾♥啾♥啾噜噜噜噜♥",""
"\n<青年>啊噶・・・啊・・・！被吸・・・了・・・啊・・・",""
"\n<青年>・・・",""
"\n<魅魔>多谢款待♥嘛嘛很美味哟♥嘻嘻♥",""
"\n<魅魔>吼啦过来吧♥你也想被这么做对吧？",""
"身体・・・擅自的・・・已经・・・无法忍耐・・・",""
"\n<魅魔>一~直在羡慕的看着呢♥我会像对他一样・・・让你永远的合上眼睛呢♥唔呼呼♥",""
"这样下去的话・・・会被吃・・・",""
"\n<魅魔>真是好孩子呢♥撒・・・♥把你吃掉吧♥",""
"\n<\n[3]>脸都红透了♥那样无法忍耐吗？这不是已经快到极限了吗♥",""
"\n<\n[3]>已经要出来了吗？嘻♥从偷窥的时候开始就一直在忍耐了呢♥",""
"\n<\n[1]>嗯嗯嗯！！！！",""
"\n<\n[3]>嗯・・・♥美味・・・♥啾噜♥吞・・・♥吞・・・♥",""
"\n<\n[3]>啊啦？为什么把腰收回去了呢。出来一次以后冷静下来后悔了吗？嘻♥啾♥已经逃不掉了哟♥",""
"\n<\n[3]>你为了让自己舒服把人杀了呢♥嘻嘻♥",""
"\n<\n[3]>真是最糟糕的勇者呢♥啾噜♥啾♥啾波♥舔♥",""
"\n<\n[3]>啊嗯♥不要露出快哭出来的表情♥真是可爱呢♥让我变得更想吃掉你了呢♥",""
"\n<\n[3]>啾噜噜噜♥舔♥啾♥啾呜♥吼啦、让你变得什么都无法思考♥",""
"\n<\n[3]>讨厌的东西都忘掉吧，只要感觉我的嘴的温暖和柔软就好了♥吼啦・・・♥",""
"\n<\n[3]>嗯呼♥在嘴里比库比库的抖动着呢♥啊啊♥好喜欢这个♥",""
"\n<\n[3]>输给敌人的诱惑自己把小鸡鸡献上来的受虐勇者・・・♥舔・・・♥啾噜・・・♥",""
"\n<\n[3]>最棒了・・・♥你最棒了哟♥啾噜噜・・・♥啊哈♥",""
"\n<\n[3]>吼啦会把你的最后一滴也给吸干的♥唔呼呼♥啾♥啾噜♥啾噗噗噗噗♥",""
"\n<\n[3]>吼~啦过来吧~\n[8]♥被敌人用嘴把小鸡鸡吃掉、GameOver吧♥啾呜呜♥",""
"勇者君",""
"\n<\n[3]>吞・・・♥吞・・・♥啊哈♥非常美味呢♥还想再喝些呢♥还没死呢吧♥",""
"\n<\n[3]>噗哈・・・♥啊~啊、干涸掉了。多谢款待♥可爱的\n[8]♥",""
"\n<穆>已经没有幸存者了。也不会再有人质要救出了吧。下次进行速攻。好吗？",""
"\n<穆>幸存者的救助虽然失败了……但仇还是要报的。在下一个牺牲者出现之前。",""
"讨伐初回事件",""
"\n<魅魔>啊啦♥看起来更美味的猎物来了呢♥唔呼呼♥",""
"\n<青年>呜・・・啊・・・勇、勇者大人・・・！救、救救我・・・！",""
"\n<魅魔>唔呼♥小鸡鸡已经快到极限了不是嘛♥嘻嘻♥真是个色色的勇者大人呢♥",""
"\n<魅魔>要在那样的状态下战斗嘛。撒、把你吃掉吧♥欢迎♥",""
"\n<\n[3]>这回想怎么样死掉呢？用嘴、手？还是说・・・啊哈♥刚刚在看小穴对吧♥变态♥",""
"\n<\n[3]>什~么？只是稍微看了看欧派脸就通红了不是嘛♥我喜欢可爱的孩子哟♥嘻嘻♥",""
"\n<\n[3]>看看我的身体♥要是在那边躺下的话・・・就把小鸡鸡噗啾的侵犯掉呢♥",""
"\n<\n[3]>抓住你了♥啊哈♥被敌人玩弄很舒服吗？明明是在战斗中呢♥",""
"\n<\n[3]>啊呜・・・库・・・！为什么要战斗啊・・・！明明勃起的那么厉害的！",""
"\n<\n[3]>哈・・・哈・・・投降哟。是我输了呢。随你喜欢的处置我吧。",""
"\n<\n[3]>要杀就杀吧。吼啦。已经跪下来不会再抵抗了。",""
"\n<\n[3]>用那把剑砍下来的话就是你的胜利了。哈・・・哈・・・",""
"\n<\n[3]>但是・・・在那之前小鸡鸡很难过呢・・・不好好享受一下真的可以吗？",""
"\n<\n[3]>要是再往前卖出一步的话・・・哼哼♥",""
"\n<\n[3]>就可以在我温暖的嘴里BiuBiu的把精子射出来了・・・♥",""
"\n<\n[3]>不觉得在杀掉我之前应该好好地享受一下嘛・・・♥♥唔呼呼♥",""
"\C[14]只是一点的话・・・",""
"\n<\n[3]>咕・・・魔王・・・大人・・・",""
"\n<\n[3]>啊啊啊啊！",""
"完成了委托！回到据点・・・",""
"\n<穆>讨伐的报酬的7000G。还算不错呢。",""
"\n<穆>・・・没有救到不是你的错。别想那么多了。",""
"\n<穆>那么。今天已经很晚了。为了给明天做准备先睡觉吧。",""
"关于淫魔",""
"关于魔王",""
"\n<穆>今天战斗过的魔物，魅魔・・・可以认为大部分的淫魔和她们一样。只把人当作食物，残忍地只为自己的快乐而生活的魔物。",""
"\n<穆>即使外表与人相似，即使能够用同样的语言进行对话・・・对她们来说，这不过是欺骗和诱惑别人的手段。",""
"\n<穆>有时候也会有像露娜这样什么都不懂的・・・啊，我是真心担心那个旅行商人。魔物对人类有感情・・・",""
"\n<穆>唔姆。到底在哪啊。再在这个村子里坚持一下，如果什么也得不到的话就去王都吧。",""
"\n<穆>我还以为露娜知道些什么呢……不过，手下的杂鱼淫魔不可能知道的吧。",""
"\n<穆>你的手真暖和啊。・・・",""
"今天就先休息吧・・・",""
"睡觉",""
"再等一会儿",""
"\n<穆>那就这样\n[1]。明天见。晚安。",""
"・\.・\.・\.是梦啊・・・",""
"\n<穆>呼噜・・・ｚｚZ",""
"\n<穆>嗯・・・喵・・・・？\n[1]・・・？",""
"\n<穆>牟喵牟喵・・・什么啊・・・不要叫醒我・・・不想起来。你以为现在几点了・・・",""
"\n<穆>肚子饿了吗?我肚子有点饿了。",""
"\n<穆>这么说来听说有大排档了。要不要去看看。",""
"\n<穆>什么啊。这不是露娜的仆人大叔吗?是你家的大排档吗?",""
"\n<大叔>啊啊，龙老板和勇者大人。那一段真是谢谢了！",""
"\n<穆>真好吃对吧？",""
"\n<大叔>一边吹着夜风一边吃饭，不可能不好吃的。",""
"\n<大叔>来来、这是招待你们的喔老板、勇者大人。请多喝点吃点！",""
"\n<穆>嗝。 好了快给我倒上这个混蛋",""
"\n<大叔>老板・・・差不多停下来吧。",""
"\n<穆>呜~噫。好吃！好吃！",""
"\n<穆>唔・・・噢，噢欸・・・",""
"\n<冒险者>唔哇！ 那条龙吐了！好脏！",""
"\n<大叔>等等！啊啊・・・一直都是这样的吗？龙老板这・・・",""
"喝酒的话・・・",""
"饶了我吧",""
"\n<穆>牟・・・",""
"\n<大叔>・・・呼呼呼。总觉得不错呢。两位搭档。",""
"\n<穆>变得干净了。",""
"\n<穆>水。",""
"\n<大叔>我啊，从那时起就是你们俩的大粉丝。从没有斩杀露娜的那个时候开始。",""
"\n<大叔>因为是魔物所以要杀人类，因为是人类所以要杀魔物，这是应该的，但是你没有那样做。",""
"\n<大叔>你们俩一定能改变世界。说不定能找到与以往不同的答案。我是这样想的，",""
"<穆>呼",""
"\n<大叔>那么……肚子饱了吗?我觉得差不多该回去休息了。",""
"多谢款待！",""
"谢谢你大叔",""
"免费真的可以吗？",""
"\n<大叔>记得再来喔！",""
"\n<穆>谢谢你的款待。很好吃哦。还会再来的。谢谢你。仆人大叔。",""
"\n<穆>・・・（已经没关系了吧）",""
"\n<穆>那么。去看看委托吧。呼啊啊・・・",""
"※目前的版本到此为止。感谢您的游玩！\n如果有关于翻译的建议届时可在M系论坛帖子内交流",""
"\n<\n[3]>不用再忍耐了哟？嘻♥想摸摸对吧？吼啦、快过来♥",""
"\n<\n[3]>啊啦？怎么啦♥遮遮掩掩的♥光是看着就要腰震出精子了吗？难道说光是这样就已经要射出来了吗？",""
"\n<\n[3]>哼哼♥过于兴奋了呢♥就那么想跟我做爱吗？嘻嘻♥",""
"\n<\n[3]>腰都湿了呢♥躺在魅魔面前会被怎么样・・・你明白吗？",""
"\n<\n[3]>啊哈~嗯♥吼~啦进来了♥嘻♥",""
"\n<\n[1]>啊啊啊！！！啊啊啊啊！！！好热！！啊啊啊啊啊！！",""
"\n<\n[3]>啊~哈♥很厉害的喘气声呢♥啊嗯♥不乱动呢♥",""
"\n<\n[1]>射出来了！！！！！！！",""
"\n<\n[3]>已经射出来了啊♥怎么样？魅魔的小穴♥小鸡鸡像是被火烧伤了一样对吧♥",""
"\n<\n[3]>这个小穴是榨精器喔♥不是为了创造生命♥而是为了夺取生命的器官♥",""
"\n<\n[3]>咕啾咕啾♥吼~啦、要被融化掉了♥小鸡鸡很热♥很热♥",""
"\n<\n[1]>呜啊啊啊啊啊啊啊！！！！！！！",""
"\n<\n[3]>啊啊♥人类的悲鸣真是怎么也听不够啊♥恐怖和快乐掺杂在一起的声音♥受不了♥",""
"\n<\n[3]>超过极限把大脑弄坏掉的快感♥唔呼呼♥再多品味品味♥",""
"\n<\n[3]>吼啦♥要涌上来了・・・♥不能射出去的东西涌上来了哟？嘻嘻♥",""
"\n<\n[3]>要被魅魔的子宫夺取生命了♥已经要来了喔♥吼啦、快过来快过来♥",""
"\n<\n[3]>进到我的里面吧♥♥♥",""
"呜・・・啊・・・被吸进去了・・・",""
"\n<\n[3]>进来了♥勇者大人进来了♥进到我的子宫里面了♥啊哈哈哈哈♥",""
"\n<\n[3]>非常美味呢♥这样美味的生命还是第一次♥啊哈哈哈哈♥",""
"\n<被魅魔袭击过的冒险者>勇者大人・・・！如果没有你，我现在・・・谢谢・・・！还有非常感谢！！",""
"\n<穆>因为是勇者的工作啊。以后要注意淫魔。知道了吗?",""
"\n<冒险者>那个・・・这个・・・请收下吧！！",""
"\n<穆>嗯。戒指吗?感激的收下吧\n[1]。别忘了装备上。",""
"\n<女生>・・・啊・・・勇者大人・・・",""
"\n<女生>・・・勇者大人真的可以死而复生吗？",""
"\n<女生>・・・",""
"\n<女生>太狡猾了。我的爸爸和妈妈都被魔物杀死了。只有勇者大人・・・",""
"\n<穆>我会告诉你，只能死一次是一件幸运的事情。",""
"\n<穆>无论再活几次，对死亡的恐惧也不会消失。\n[1]死亡的痛和苦都会牢牢地记着。",""
"\n<穆>即便如此也要站起来。不要增加像你一样悲伤的人。",""
"\n<穆>狡猾吗？",""
"\n<女生>・・・对不起。我说了很过分的话。",""
"\n<穆>不要在意。知道就好。可以说，每个人都有自己的角色。即使是你，也要竭尽全力做你能做的事。",""
"\n<女生>知道了。真的是很感谢。勇者大人！",""
"\n<穆>顺便说一下我是不死身。 因为我是圣龙巴哈姆特嘛",""
"\n<女生>巴哈姆特好狡猾啊。",""
"\n<女生>勇者大人，加油哦。我也试着努力寻找自己能做的事情。",""
"\n<穆>托你的福得救了。挺起胸膛吧\n[1]。我不论是哪都会跟着一起的。",""
"\n<穆>找出魅魔的弱点吧。炎、雷、水・・・恐怕、哪种效果好。只能试试了。",""
"\n<魅魔>呜呼♥欢迎光临勇者大人♥正是肚子饿的时候呢♥来的时间刚刚好呢。",""
"\n<魅魔>啊嗯。我讨厌那样恐怖的脸呢。现在就要砍过来一样。",""
"\n<魅魔>吼~啦♥勇者大人最喜欢的欧派♥更多的摆出不像样的表情吧♥那样很不错呢♥嘻嘻♥",""
"\n<魅魔>啊哈♥想起来了被我榨的时候的事情了嘛♥小鸡鸡有反应了♥嘻♥",""
"\n<魅魔>快过来♥给你拥抱喔♥不管几次都会榨杀你的喔♥",""
"\n<\n[3]>嗯♥啾♥啾♥怎么样？和色色的姐姐接吻♥喜欢吗？啾♥",""
"\n<\n[1]>呜啊・・・！！！啊・・・！",""
"\n<\n[3]>啊啦啊啦♥漏出来了呢♥可爱♥我的脚都沾上温温的精液了♥",""
"\n<\n[3]>刚刚其实还很足呢。嘻♥稍微亲了一下就兴奋起来了呢♥",""
"\n<\n[3]>真是可爱呢勇者大人♥嗯啾♥啾♥啾呜♥",""
"\n<\n[3]>吼~啦把嘴唇再突出来点♥对♥给你啾的吸哟♥",""
"\n<\n[3]>魅魔的吻非常舒服对吧？会从嘴里把精气吸取出来的哟♥呜呼呼♥",""
"\n<\n[3]>把你的生命啾啾的吸走♥非常危险的吻♥",""
"\n<\n[3]>连脑浆也被吸溜吸溜地溶化在嘴里了呢♥全部都吸出来♥",""
"\n<\n[3]>啊哈♥不离开可以吗？呐♥被姐姐啾啾的亲的话会死的哟？嘻嘻♥",""
"\n<\n[3]>想要逃走的时候被软软的咬住嘴唇就逃不掉了呢♥",""
"\n<\n[3]>没错♥就这样把心献给喔・・・♥在魅魔的吻的甜蜜下死去吧♥",""
"\n<\n[3]>撒♥射出来吧♥啾~的高潮吧♥后吧、嘴唇靠近了哟♥已经逃不掉了・・・♥",""
"\n<\n[3]>\C[10]姆啾啾啾啾♥♥♥",""
"\n<\n[1]>出、出来了・・・！！！！\.等等！！！\.呜啊啊啊啊啊・・・！",""
"\n<\n[1]>呜哇啊啊啊啊啊啊！！！！！！！！",""
"\n<\n[3]>多谢款待♥啊嗯♥脚边都是精子♥像是个水坑一样♥",""
"\n<\n[3]>只是用接吻就被吸干了♥呜呼呼♥人类真的是弱小的生物呢♥",""
"\>\C[26]精力　\v[44]/\v[45]\C[0]\>\C[24]攻撃力：\v[61]　防御力：\v[62]　技巧：\v[63]　精神力：\v[64]\C[0]\>\n[12]",""
"属性：恶  弱点：水 胆怯",""
"0：看胸 1：腰震 2：亲吻 3：手交",""
"\n<\n[3]>呜呼呼♥再怎么说勇者也是人类♥吼啦、想要被怎么做？嘻嘻♥说出来听听？",""
"\n<\n[3]>啊啦怎么了~？那样抖动着♥光是看着欧派就要射了吗？嘻♥",""
"\n<\n[1]>啊啊啊！！忍、忍耐不了啊・・・！",""
"\n<\n[3]>啊~哈♥真可爱呢♥可爱的勇者大人♥",""
"\n<\n[3]>明明是在用生命交换・・・♥敌人姐姐的欧派、很在意吗？嘻嘻♥",""
"\n<\n[3]>吼~啦♥再多看些♥欧派♥欧派♥啊哈♥",""
"\n<\n[3]>明明自己也是女人呢♥勇者大人看着自己的欧派也会兴奋吗？嘻嘻♥",""
"\n<\n[1]>啊啊啊！\.不要不要！\.我已经・・・！！",""
"\n<\n[3]>啊嗯♥又BiuBiu的射出来了呢♥又输给了欧派呢♥明明是女生呢♥",""
"\n<\n[3]>吼~啦♥更多的被固定住吧♥脸再靠近一些♥闻闻谷间的味道也是可以的哟♥嘻嘻♥",""
"\n<\n[3]>吼啦抓到你啦♥啪呋・・・啪呋・・・♥",""
"\n<\n[3]>又柔软又温暖对吧？真想对着撒娇对吧♥嘻嘻♥",""
"\n<\n[3]>可以的哟♥就这样对着敌人姐姐的胸部撒娇吧？",""
"\n<\n[3]>啪~呋♥啪~呋♥啊啊♥好舒服♥好舒服♥",""
"\n<\n[3]>被欧派包着很幸福吧♥已经什么都思考不了了・・・♥啪呋♥啪呋♥",""
"\n<\n[3]>吼~啦♥啪呋啪呋♥啪~呋~♥♥♥",""
"\n<\n[1]>哈・・・哈・・・\.啊啊啊啊嗯・・・！！不要・・・！！不要啊・・・！！！！！",""
"\n<\n[3]>啊啦啊啦♥已经被融化了呢♥脑子里变得黏黏糊糊了吗～？嘻嘻♥",""
"\n<\n[3]>只是稍微摇晃了一下欧派就被打倒了呢♥勇者说到底也是人类♥啊哈哈哈哈♥",""
"\n<\n[3]>啊啦♥嘻♥已经要去了？明明只是稍微碰了碰而已♥嘻嘻♥",""
"\n<\n[1]>哈・・・哈・・・\.啊啊啊啊嗯・・・！！",""
"\n<\n[1]>不要啊啊啊啊啊啊！！！！！",""
"\n<\n[3]>啊哈♥出来了♥不可以的哟在战斗中BiuBiu的射出精子♥啊哈哈哈哈♥",""
"\n<\n[3]>明明是女生结果因为被加上了这种东西输掉了呢♥嘻嘻♥这跟给魅魔吃的可是不一样的♥",""
"\n<\n[3]>不管你有多强只要被握住小鸡鸡的话任何抵抗都做不出了对吧♥嘻♥",""
"\n<\n[3]>吼啦♥吼啦♥精子又要射出来了吗？要被身为敌人的魅魔用手交榨出来了吗？",""
"\n<\n[1]>呀啊啊啊啊啊啊！！！",""
"\n<\n[3]>嗯呼♥真快啊♥可能是到如今榨杀的人中最早漏的呢♥啊哈哈哈♥",""
"\n<\n[3]>这个手套也是光光滑滑的很舒服的哟？咻♥咻♥的温柔的摩擦让全身都比库比库的抖动♥",""
"\n<\n[3]>是专门为了榨取精液的色色的手套喔♥吼~啦♥西口西口♥咻咻♥",""
"\n<\n[1]>要出来了・・・！！\.等等・・・！\.呼啊啊・・・！",""
"\n<\n[3]>很舒服呢♥被敌人的魔物强行榨出精液的感觉♥用膝盖扭来扭曲♥",""
"\n<\n[3]>吼啦吼啦吼啦♥被手交强制射出精子完全废掉的感觉如何~？嘻嘻♥",""
"\n<\n[3]>被讨厌的魔物强行用快感榨取的心情如何啊?♥啊哈哈哈哈♥",""
"\n<\n[3]>吼啦咕啾的用力握住把剩下的生命力全部都吐出来吧♥咕啾啾啾♥",""
"\n<\n[3]>\C[10]射出来吧♥受虐勇者♥",""
"\n<\n[1]>不、不行！！！！\.已经・・・要出来了！！！！！",""
"\n<\n[1]>呀啊啊啊啊啊啊啊！！！！！！！！",""
"\n<\n[3]>好的结束了♥都是美味的精液呢♥嘻嘻♥已经听不到了吗？",""
"\n<\n[3]>要再来喔♥不论几次都会用手交把你的命给榨出来的♥啊哈哈哈哈哈♥",""
"\n<\n[3]>嗯呼・・・♥啾噜♥啾♥啾呜♥",""
"\n<\n[3]>射出来吧・・・♥大笨蛋桑♥啾噜噜噜噜噜♥",""
"\n<\n[3]>嗯呼♥不愧是勇者呢♥能量都溢出来了♥嘻嘻♥",""
"\n<\n[3]>啾噜♥啾♥真危险啊♥再差一点就要被杀死了♥啾呜♥",""
"\n<\n[3]>啊哈♥很后悔呢♥什么啊那张脸♥真逊啊♥啾♥啾呜♥",""
"\n<\n[1]>嗯・・・\.啊・・・\.忍耐・・・不了・・・！！",""
"\n<\n[3]>又射出来了♥输给敌人的诱惑的害臊的精子♥啾♥",""
"\n<\n[3]>舔♥吼啦、这个怎么样？呜呼呼♥把你榨的一干二净♥",""
"\n<\n[3]>呐♥啾噜♥现在的我不是一点都没有防御吗？啾♥啾噜噜噜♥舔♥",""
"\n<\n[3]>为什么不斩下来呢？啾噜♥呐♥为什么呢？舔舔舔♥",""
"\n<\n[1]>射出来了！！！！！！",""
"\n<\n[3]>嗯呼♥啾噜♥很后悔呢♥很后悔呢♥讨厌我嘛？嘻嘻♥",""
"\n<\n[3]>明明必须打倒的・・・啾噜♥明明这样下去会被吸干的♥嗯啾♥",""
"\n<\n[3]>小鸡鸡舒服的♥啾噜噜♥要被魔物吃掉了♥啾呜♥好后悔♥好后悔♥",""
"\n<\n[3]>啊啊♥不要♥输了♥要输掉了♥呜呼呼♥啾♥啾噜♥啾噜噜噜噜♥",""
"\n<\n[3]>啊啊♥要被魅魔吃掉了哟♥已经出来了♥全都射出来吧～♥啾噜噜噜噜噜♥",""
"\n<\n[1]>啊""・・・啊""啊・・・！！！！！！",""
"\n<\n[1]>啊""啊啊啊！！！去了""呲！！！！！！！！！！",""
"\n<\n[3]>勾库勾库・・・♥勾库・・・♥啊哈♥出来了♥最后的精子出来了♥",""
"\n<\n[3]>多谢款待♥很逊呢♥勇者大人♥",""
"\n<\n[1]>呜啊啊・・・！！！！！！！啊啊啊啊啊啊啊・・・！！！！！！",""
"\n<\n[1]>啊""啊""啊""啊""啊啊啊啊啊啊啊啊！！！！！！！！",""
"\n<\n[1]>哈・・・哈・・・！！！\.呜啊啊啊啊啊・・・！！",""
"※魅魔（中級） 6种类・帮助少年事件初回　・精力0（敌人攻击4种）・击退魅魔前接受了诱惑",""
"是",""
"跳过败北场景？",""
"否",""
"\n<\n[3]>男人们都很喜欢欧派呢♥稍微的摇晃一下就会发情了呢♥",""
"\n<\n[1]>呜啊・・・！\.去・・・\.了・・・！！",""
"\n<\n[3]>啊哈♥又BiuBiu的射出来了♥对哟♥更多的射出来吧♥男孩子是赢不了欧派的啦♥",""
"\n<\n[1]>去・・・去了・・・！！！！啊啊！啊啊啊！！啊啊啊啊啊！！！",""
"\n<\n[1]>嗯""嗯""嗯""嗯嗯嗯嗯嗯嗯！！！！！！！！！！",""
"\n<\n[3]>毕竟是男孩子呢♥嘻嘻♥握住这里的话有什么东西会出来♥对吧？",""
"\n<\n[1]>呜啊啊！\.去了！\.出来了！！！！啊啊啊啊啊啊！！！！",""
"\n<\n[1]>嗯嗯嗯嗯嗯嗯！！！！！",""
"\n<\n[1]>嗯嗯！！！嗯嗯嗯嗯！！！！！",""
"\n<\n[1]>・・・・・！！！！！",""
"\n<\n[1]>嗯嗯・・・・・！！！！！",""
"\n<\n[1]>嗯！！！嗯嗯嗯！！！",""
"\n<\n[1]>呲！！！呲呲呲呲！！！！！",""
"\n<\n[1]>呜啊啊啊啊啊♥♥♥",""
"\n<\n[1]>出来了♥♥",""
"\n<\n[1]>啊啊♥啊啊啊♥\.啊啊啊啊啊♥♥",""
"\n<\n[1]>啊啊啊啊啊啊啊啊啊啊啊啊呜♥♥♥",""
"\n<\n[1]>啊！！！！！！！！！！！！！！！！！",""
"\n<\n[1]>啊啊啊啊♥去了♥♥♥",""
"\n<\n[1]>呜！！！！\.啊啊・・・♥",""
"\n<\n[1]>嗯嗯嗯♥♥♥",""
"\n<\n[1]>呜啊・・・♥啊・・・♥♥",""
"\n<\n[1]>嗯啊・・・！！！啊・・・・♥♥",""
"\n<\n[1]>啊啊啊啊！！\.啊啊・・・♥",""
"\n<\n[1]>去了♥♥♥",""
"\n<\n[1]>去了！！！！",""
"\n<\n[1]>嗯・・・！！！啊・・・・！！",""
"\n<\n[1]>啊啊・・・！\.去・・・\.了・・・！！",""
"\n<\n[1]>啊呜呜・・・！\.不要・・・！我・・・\.明明是个女生・・・！",""
"\n<\n[1]>呼啊啊！\.去了！\.去・・・！！",""
"\n<\n[1]>啊啊・・・\.不行・・・！\.已经不行・・・呼啊啊啊・・・！",""
"\n<\n[1]>啊啊嗯・・・\.不、不行・・・！",""
"\n<\n[1]>啊・・・啊啊・・・！！\.已经・・・♥",""
"\n<\n[1]>啊啊啊！！\出来了！！\.呜啊♥♥",""
"\n<\n[1]>太舒服了啊・・・♥\.射出来了・・・！。！",""
"\n<\n[1]>呜啊啊♥\.去了！\.去・・・！！",""
"\n<\n[1]>啊啊啊♥忍、忍耐不了・・・！",""
"\n<\n[1]>已经・・・♥\.射出来了・・・！",""
"\n<\n[1]>啊啊・・・♥\.不行・・・！\.去・・・去了・・・！！",""
"\n<\n[1]>这样的・・・\.忍耐不了啊・・・♥",""
"\n<\n[1]>啊啊！啊啊啊・・・！！去了・・・！\.要去了・・・♥",""
"\n<\n[1]>呜呜呜・・・♥不、不行了・・・！",""
"\n<\n[1]>哈・・・\.哈・・・\.已经、不行了・・・♥",""
"\n<\n[1]>去・・・去了・・・！啊啊！啊啊啊♥",""
"\n<\n[1]>射出来了・・・！！\.等等・・・！\.等等啊・・・♥",""
"\n<\n[1]>呜啊♥\.射出来了・・・！\.啊啊・・・嗯・・・！",""
"\n<\n[1]>太舒服了啊・・・♥\.射出来了・・・！",""
"\n<\n[1]>不、不要・・・！\.太舒服了啊・・・♥",""
"\n<\n[1]>啊啊・・・♥\.不行・・・！\.好舒服・・・♥啊啊啊啊・・・！",""
"\n<\n[1]>呜呜呜・・・♥我又要・・・不行・・・♥",""
"\n<\n[1]>啊啊！啊啊啊♥\.不要・・・！要出来了♥",""
"\n<\n[1]>呀啊啊啊啊啊啊嗯♥♥♥",""
"\n<\n[1]>嗯啊啊啊啊啊啊啊♥♥♥",""
"\n<\n[1]>呀啊啊啊啊啊啊♥♥♥",""
"\n<\n[1]>呀啊啊啊啊・・・♥♥啊啊啊啊啊♥♥",""
"\n<\n[1]>呼啊！！！！\.啊啊啊・・・♥♥",""
"\n<\n[1]>嗯喵啊啊啊啊・・・\.啊啊・・・♥",""
"\n<\n[1]>呼啊啊啊啊啊啊啊啊！！！！！",""
"\n<\n[1]>呼啊・・・！！！啊・・・！",""
"\n<\n[1]>嗯喵啊・・・！！！啊・・・・！！",""
"\n<\n[1]>呀啊啊啊啊！！\.啊啊・・・！！",""
"\n<\n[1]>啊啊啊啊啊啊・・・！！\.已经・・・！！！！",""
"\n<\n[1]>不、不要啊・・・！！！！\.啊啊啊啊啊啊・・・！！！啊・・・！！！！",""
"\n<\n[1]>呜啊啊啊啊！！！出来了！！！啊啊啊啊啊！！！",""
"\n<\n[1]>呜啊・・・！！！\.啊啊啊啊啊！！！已经不要・・・！！！",""
"\n<\n[1]>哈・・・\.哈・・・\.出来了・・・！！！啊啊啊啊啊！！！",""
"\n<\n[1]>啊啊啊啊！！！！！\.啊啊・・・！！！！！！！",""
"\n<\n[1]>不要啊啊啊啊啊啊啊！！！！！！！",""
"\n<\n[1]>啊""啊！！啊""啊啊！！！\.啊""啊啊啊啊！！！",""
"\n<\n[1]>出来了！！！！！！！！！",""
"\n<\n[1]>啊""啊""啊""啊""啊啊啊啊啊啊嗯！！！！！！！！",""
"\n<\n[1]>不行！！！！不行啊啊啊啊！！！！！",""
"\n<\n[1]>呼啊啊！！！！\.啊啊啊啊啊呜・・・！！！！！！",""
"\n<\n[1]>喵啊啊・・・！！！！！！！啊啊啊啊啊啊・・・！！！！！！",""
"\n<\n[1]>啊""啊""啊啊！！！！！\.啊""啊・・・！！！！！！！",""
"\n<\n[1]>啊呜呜・・・！\.不要啊・・・！！！不想再射了！！！！啊啊啊啊啊！！！",""
"\n<\n[1]>啊啊啊！\.不要不要！！！！\.我又要！！！！！",""
"\n<\n[1]>呼啊啊！！！\.去了！\.去・・・！！！！！",""
"\n<\n[1]>啊啊啊！！根、根本忍耐不了啊・・・！！！\.不要啊！不要啊啊啊！！！！",""
"\n<\n[1]>已经不行了・・・\.嗯啊啊啊啊・・・・！！！！！！",""
"\n<\n[1]>啊・・・\.不行・・・！\.已经不要再・・・呼啊啊啊・・・！！！！！！",""
"\n<\n[1]>嗯・・・\.啊・・・\.这样的！忍受不・・・！！！！！",""
"\n<\n[1]>啊！啊啊・・・！！出来了・・・！\.啊啊啊！！！！",""
"\n<\n[1]>求你了不要！！！嗯喵啊！喵啊啊啊啊・・・！！！",""
"\n<\n[1]>哈・・・\.哈・・・\.不要・・・！出来了・・・！啊！！！！！！",""
"\n<\n[1]>又要高・・・高潮了・・・！啊啊！啊啊啊！！！！！！",""
"\n<\n[1]>呀啊・・・！这是什么・・・！！！！不要！！不要不要不要！！！！啊啊啊啊啊！！！！",""
"\n<\n[1]>要出来了・・・！！\.等等・・・！\.呼啊啊・・・！！！！漏出来了！！！啊啊啊啊啊！！！！",""
"\n<\n[1]>呀啊啊♥♥出・・・\.来・・・了♥",""
"\n<\n[1]>啊・・・啊啊・・・！！\.已经・・・♥舒服的受不了了・・・♥♥",""
"\n<\n[1]>呜啊♥\出来了・・・！\.啊啊・・・嗯嗯嗯！！！！",""
"\n<\n[1]>呼啊啊♥\.太舒服了♥♥出来了！\.出・・・！！",""
"\n<\n[1]>不、不要・・・！\.太舒服了・・・♥\.不要啊・・・♥♥",""
"\n<\n[1]>啊啊啊♥が、无法忍耐・・・♥♥♥不要♥不要啊・・・♥♥",""
"\n<\n[1]>已经・・・♥\.射出来了・・・♥♥♥",""
"\n<\n[1]>哈・・・哈・・・\.啊啊啊・・・♥不行・・・♥♥已经・・・♥♥",""
"\n<\n[1]>啊・・・♥\.不行・・・！\.太舒服了・・・♥啊啊啊・・・♥♥♥",""
"\n<\n[1]>这样的・・・\.根本无法忍耐啊・・・♥我・・・♥我・・・♥♥",""
"\n<\n[1]>啊！啊啊啊・・・！！出来了・・・！\.射出来了・・・♥♥♥",""
"\n<\n[1]>呜呜・・・♥我已经・・・坏掉了・・・♥♥♥",""
"\n<\n[1]>哈・・・\.哈・・・\.已经、不行了・・・♥不要啊♥♥嗯喵啊啊・・・♥♥",""
"\n<\n[1]>啊！啊啊♥\.出来了・・・！出来了♥♥♥明明是女生・・・♥♥",""
"\n<\n[1]>呀啊啊啊啊啊♥♥♥",""
"\n<\n[1]>出来了♥♥♥♥",""
"\n<\n[1]>啊啊♥啊啊啊♥♥\.啊啊啊啊♥♥♥",""
"\n<\n[1]>啊呜♥啊啊♥♥啊啊啊啊啊♥♥♥",""
"\n<\n[1]>喵啊啊啊啊啊啊♥♥♥♥♥♥",""
"\n<\n[1]>啊""啊""啊""啊啊啊啊啊啊呜♥♥♥♥",""
"\n<\n[1]>不行♥♥♥♥♥",""
"\n<\n[1]>嗯""嗯""嗯""嗯""嗯嗯嗯♥♥♥♥",""
"\n<\n[1]>喵啊啊・・・！！！啊""啊""啊""啊啊啊啊啊♥♥♥♥",""
"\n<\n[1]>嗯""啊・・・！！！啊""呜・・・・！！啊啊啊啊・・・♥♥♥♥",""
"\n<\n[1]>啊""啊""啊啊♥♥\.啊""啊・・・♥♥♥♥♥",""
"\n<\n[1]>射""出来""了""啊""啊啊啊啊啊♥♥♥♥♥",""
"语音开启",""
"语音关闭",""
"你想开启女主人公的声音吗？ （受到伤害时，射精时会发出声音）",""
"锡安",""
"这里是奥勒加诺村。旅馆就在前方↑ 冒险者工会在↑ 离开→",""
"\n<穆>因为是大的城镇和城镇的中转点，所以好像也有一定的距离。暂时试着在这里工作吧。",""
"Melty Brave ver0.2",""
"Melty Brave ver2.0",""
